constraint,sparql_qlength_loc,sql_qlength_loc,sparql_qlength_chars,sql_qlength_chars,sparql_n_operator,sql_n_operator,sparql_n_expression,sql_n_expression,sparql_max_nesting_depth,sql_max_nesting_depth,sparql_n_column,sql_n_column,sparql_n_table,sql_n_table
B1,15.0,15.0,224.0,227.0,2.0,1.0,2.0,2.0,2.0,1.0,5.0,4.0,5.0,4.0
B2,16.0,18.0,322.0,262.0,2.0,2.0,1.0,1.0,2.0,1.0,7.0,4.0,5.0,4.0
B3,11.0,13.0,195.0,187.0,1.0,1.0,1.0,1.0,2.0,1.0,4.0,3.0,4.0,2.0
B4,14.0,18.0,300.0,334.0,3.0,3.0,2.0,1.0,2.0,2.0,7.0,5.0,6.0,5.0
D4,12.0,15.0,311.0,301.0,1.0,2.0,1.0,0.0,2.0,2.0,6.0,3.0,5.0,3.0
D6,11.0,17.0,276.0,305.0,1.0,2.0,0.0,1.0,1.0,2.0,5.0,4.0,4.0,4.0
S1,13.0,14.0,274.0,251.0,1.0,2.0,0.0,0.0,1.0,0.0,7.0,3.0,4.0,3.0
S3,13.0,11.0,288.0,207.0,1.0,1.0,0.0,0.0,1.0,1.0,7.0,2.0,4.0,2.0
S5,13.0,14.0,264.0,241.0,1.0,2.0,0.0,0.0,1.0,0.0,7.0,3.0,4.0,3.0
AVERAGE,13.11,15.0,272.67,257.22,1.44,1.78,0.78,0.67,1.56,1.11,6.11,3.44,4.56,3.33
