OBJECTCLAS	OBJECTID	CHANGENR	USERNAME	UDATE	UTIME	TCODE
EINKBELEG	4500000000	7181	User_021	2019-09-20	11:48:24	ME21N
EINKBELEG	4500000001	7201	User_021	2019-09-20	14:45:05	ME21N
EINKBELEG	4500000002	7204	User_021	2019-09-20	14:56:50	ME21N
EINKBELEG	4500000003	7218	User_021	2019-09-23	09:56:30	ME21N
EINKBELEG	4500000004	7230	User_021	2019-09-23	11:11:03	ME21N
EINKBELEG	4500000004	21375	User_010	2020-08-19	13:05:26	ME21N
EINKBELEG	4500000004	21376	User_071	2020-08-19	13:05:28	ME29N
EINKBELEG	4500000005	7235	User_021	2019-09-23	11:45:13	ME21N
EINKBELEG	4500000006	7242	User_021	2019-09-23	11:53:53	ME21N
EINKBELEG	4500000006	9769	User_021	2019-11-07	19:19:51	ME29N
EINKBELEG	4500000007	9085	User_067	2019-11-05	11:00:13	ME21N
EINKBELEG	4500000007	9108	User_067	2019-11-05	15:17:30	ME29N
EINKBELEG	4500000008	9748	User_001	2019-11-07	19:08:37	
EINKBELEG	4500000008	9777	User_001	2019-11-07	19:21:57	ME29N
EINKBELEG	4500000009	9762	User_068	2019-11-07	19:16:51	
EINKBELEG	4500000010	9770	User_069	2019-11-07	19:20:05	
EINKBELEG	4500000010	9782	User_021	2019-11-07	19:24:38	ME29N
EINKBELEG	4500000011	9772	User_070	2019-11-07	19:20:21	
EINKBELEG	4500000011	9783	User_021	2019-11-07	19:24:52	ME29N
EINKBELEG	4500000012	9778	User_021	2019-11-07	19:23:02	
EINKBELEG	4500000012	9784	User_021	2019-11-07	19:25:18	ME29N
EINKBELEG	4500000013	9796	User_010	2019-11-07	19:41:11	
EINKBELEG	4500000014	10486	User_002	2019-11-09	21:23:11	ME21N
EINKBELEG	4500000014	10487	User_002	2019-11-09	21:23:58	ME22N
EINKBELEG	4500000014	10488	User_002	2019-11-09	21:25:05	ME29N
EINKBELEG	4500000014	12620	User_002	2020-01-06	14:08:54	ME22N
EINKBELEG	4500000014	12621	User_002	2020-01-06	14:11:30	ME22N
EINKBELEG	4500000014	12622	User_002	2020-01-06	14:14:21	ME22N
EINKBELEG	4500000015	11095	User_021	2019-11-12	10:07:52	ME21N
EINKBELEG	4500000015	11097	User_003	2019-11-12	10:10:48	ME29N
EINKBELEG	4500000016	11510	User_018	2019-11-18	09:34:06	ME21N
EINKBELEG	4500000016	11518	User_001	2019-11-18	09:48:38	ME29N
EINKBELEG	4500000016	11519	User_018	2019-11-18	11:31:25	ME22N
EINKBELEG	4500000016	11562	User_001	2019-11-18	13:19:47	ME22N
EINKBELEG	4500000016	11563	User_001	2019-11-18	13:27:22	ME22N
EINKBELEG	4500000016	11564	User_001	2019-11-18	13:28:03	ME22N
EINKBELEG	4500000016	11565	User_001	2019-11-18	13:28:17	ME22N
EINKBELEG	4500000016	21468	User_008	2020-08-25	15:20:47	ME22N
EINKBELEG	4500000016	21470	User_071	2020-08-25	15:20:50	ME29N
EINKBELEG	4500000016	21471	User_008	2020-08-25	15:21:46	ME22N
EINKBELEG	4500000016	21473	User_071	2020-08-25	15:21:48	ME29N
EINKBELEG	4500000017	11569	User_021	2019-11-18	14:37:43	ME21N
EINKBELEG	4500000017	11575	User_021	2019-11-18	14:39:31	ME29N
EINKBELEG	4500000018	12089	User_010	2019-11-29	10:22:32	ME21N
EINKBELEG	4500000019	12098	User_010	2019-11-29	10:33:19	ME21N
EINKBELEG	4500000019	12103	User_010	2019-11-29	11:28:49	ME22N
EINKBELEG	4500000020	12162	User_006	2019-12-03	16:18:15	ME21N
EINKBELEG	4500000021	12197	User_010	2019-12-03	16:26:08	
EINKBELEG	4500000022	12201	User_010	2019-12-03	16:32:04	
EINKBELEG	4500000023	12214	User_010	2019-12-03	19:53:20	
EINKBELEG	4500000024	12618	User_024	2020-01-06	14:02:29	ME21N
EINKBELEG	4500000024	12619	User_024	2020-01-06	14:05:57	ME29N
EINKBELEG	4500000024	97467	User_044	2023-05-09	14:31:22	ME22N
EINKBELEG	4500000025	12623	User_002	2020-01-06	14:20:00	ME21N
EINKBELEG	4500000026	12624	User_002	2020-01-06	14:20:35	ME21N
EINKBELEG	4500000027	12671	User_005	2020-01-13	10:52:12	ME22N
EINKBELEG	4500000028	12871	User_001	2020-01-27	18:56:56	ME23N
EINKBELEG	4500000028	12872	User_001	2020-01-27	18:57:18	ME22N
EINKBELEG	4500000028	12873	User_001	2020-01-27	19:04:24	ME23N
EINKBELEG	4500000028	12879	User_001	2020-01-27	23:39:54	ME22N
EINKBELEG	4500000029	13010	User_001	2020-01-29	19:10:16	ME21N
EINKBELEG	4500000030	13012	User_069	2020-01-30	19:15:35	ME21N
EINKBELEG	4500000031	13398	User_009	2020-02-24	14:51:14	
EINKBELEG	4500000032	13668	User_009	2020-03-02	15:52:47	
EINKBELEG	4500000033	14088	User_058	2020-03-26	16:45:21	
EINKBELEG	4500000034	14091	User_058	2020-03-26	16:48:10	
EINKBELEG	4500000035	14130	User_004	2020-03-26	17:17:05	
EINKBELEG	4500000036	14489	User_004	2020-03-30	16:22:37	
EINKBELEG	4500000037	14920	User_037	2020-05-10	14:56:05	
EINKBELEG	4500000038	17646	User_058	2020-05-27	15:29:20	
EINKBELEG	4500000039	17923	User_058	2020-05-27	15:36:55	
EINKBELEG	4500000040	18380	User_006	2020-05-29	14:22:50	
EINKBELEG	4500000041	18398	User_006	2020-06-02	09:39:03	
EINKBELEG	4500000041	18401	User_006	2020-06-02	09:49:48	ME29N
EINKBELEG	4500000041	18402	User_006	2020-06-02	09:53:33	ME22N
EINKBELEG	4500000041	18612	User_006	2020-06-05	09:45:59	ME22N
EINKBELEG	4500000042	18431	User_006	2020-06-02	10:33:12	
EINKBELEG	4500000042	18435	User_058	2020-06-02	11:01:48	ME54N
EINKBELEG	4500000042	18609	User_006	2020-06-05	09:43:03	ME22N
EINKBELEG	4500000042	18610	User_006	2020-06-05	09:43:42	ME22N
EINKBELEG	4500000042	18611	User_006	2020-06-05	09:45:08	ME22N
EINKBELEG	4500000043	18436	User_058	2020-06-02	11:04:39	
EINKBELEG	4500000043	18443	User_006	2020-06-02	11:35:19	ME22N
EINKBELEG	4500000043	18445	User_006	2020-06-02	11:35:40	ME22N
EINKBELEG	4500000044	18437	User_058	2020-06-02	11:07:34	
EINKBELEG	4500000045	18439	User_058	2020-06-02	11:12:49	
EINKBELEG	4500000046	18442	User_058	2020-06-02	11:26:55	
EINKBELEG	4500000047	18446	User_058	2020-06-02	11:38:53	
EINKBELEG	4500000047	18447	User_058	2020-06-02	11:39:05	ME29N
EINKBELEG	4500000047	18448	User_058	2020-06-02	11:39:14	ME22N
EINKBELEG	4500000047	18450	User_058	2020-06-02	11:39:18	ME29N
EINKBELEG	4500000047	18451	User_058	2020-06-02	11:40:07	ME22N
EINKBELEG	4500000048	18452	User_058	2020-06-02	11:42:37	
EINKBELEG	4500000049	18467	User_006	2020-06-02	12:31:12	
EINKBELEG	4500000050	18480	User_057	2020-06-02	13:28:49	
EINKBELEG	4500000051	18486	User_057	2020-06-02	13:40:24	
EINKBELEG	4500000052	18487	User_057	2020-06-02	13:49:26	
EINKBELEG	4500000053	18584	User_006	2020-06-03	11:17:36	
EINKBELEG	4500000053	18585	User_006	2020-06-03	11:21:57	ME22N
EINKBELEG	4500000054	18587	User_006	2020-06-03	12:44:16	
EINKBELEG	4500000055	18614	User_025	2020-06-05	10:03:03	ME21N
EINKBELEG	4500000056	18887	User_057	2020-06-10	15:15:51	
EINKBELEG	4500000057	18927	User_057	2020-06-11	11:34:45	
EINKBELEG	4500000057	19061	User_071	2020-06-22	08:00:23	ME29N
EINKBELEG	4500000058	18929	User_057	2020-06-11	11:43:59	
EINKBELEG	4500000058	19131	User_071	2020-06-23	08:11:35	ME29N
EINKBELEG	4500000059	18957	User_057	2020-06-12	14:15:46	
EINKBELEG	4500000059	19132	User_071	2020-06-23	08:11:42	ME29N
EINKBELEG	4500000060	18965	User_057	2020-06-16	09:16:52	
EINKBELEG	4500000060	19062	User_071	2020-06-22	08:00:31	ME29N
EINKBELEG	4500000061	18966	User_057	2020-06-16	09:47:59	
EINKBELEG	4500000061	18967	User_057	2020-06-16	09:54:25	ME29N
EINKBELEG	4500000061	18968	User_057	2020-06-16	09:54:44	ME22N
EINKBELEG	4500000061	19021	User_057	2020-06-18	09:17:11	ME29N
EINKBELEG	4500000061	19022	User_057	2020-06-18	09:17:32	ME22N
EINKBELEG	4500000062	19024	User_057	2020-06-18	09:23:40	
EINKBELEG	4500000062	19063	User_071	2020-06-22	08:00:31	ME29N
EINKBELEG	4500000063	19026	User_057	2020-06-18	14:28:25	
EINKBELEG	4500000064	19027	User_057	2020-06-18	14:48:36	
EINKBELEG	4500000065	19028	User_057	2020-06-18	14:50:26	
EINKBELEG	4500000066	19029	User_057	2020-06-18	14:56:37	
EINKBELEG	4500000066	19034	User_057	2020-06-19	11:17:39	ME29N
EINKBELEG	4500000067	19030	User_057	2020-06-18	15:01:34	
EINKBELEG	4500000067	19133	User_071	2020-06-23	08:11:43	ME29N
EINKBELEG	4500000068	19035	User_057	2020-06-19	11:23:37	
EINKBELEG	4500000069	19036	User_058	2020-06-19	11:23:58	
EINKBELEG	4500000069	19042	User_057	2020-06-19	12:21:01	SWPR
EINKBELEG	4500000070	19038	User_057	2020-06-19	11:57:42	
EINKBELEG	4500000070	19065	User_071	2020-06-22	09:33:39	ME29N
EINKBELEG	4500000071	19039	User_058	2020-06-19	12:01:44	
EINKBELEG	4500000071	19040	User_071	2020-06-19	12:02:54	ME29N
EINKBELEG	4500000072	19041	User_058	2020-06-19	12:09:53	
EINKBELEG	4500000072	19044	User_071	2020-06-19	12:25:00	ME29N
EINKBELEG	4500000073	19043	User_057	2020-06-19	12:24:35	
EINKBELEG	4500000073	19045	User_071	2020-06-19	12:25:11	ME29N
EINKBELEG	4500000074	19064	User_057	2020-06-22	09:31:06	
EINKBELEG	4500000074	19066	User_071	2020-06-22	09:39:49	ME29N
EINKBELEG	4500000075	19070	User_057	2020-06-22	11:23:40	
EINKBELEG	4500000076	19071	User_057	2020-06-22	11:27:02	
EINKBELEG	4500000076	19072	User_071	2020-06-22	11:27:03	ME29N
EINKBELEG	4500000077	19073	User_057	2020-06-22	11:31:42	
EINKBELEG	4500000077	19074	User_071	2020-06-22	11:37:22	ME29N
EINKBELEG	4500000078	19076	User_057	2020-06-22	11:43:59	
EINKBELEG	4500000078	19090	User_071	2020-06-22	13:13:21	ME29N
EINKBELEG	4500000079	19077	User_057	2020-06-22	11:44:45	
EINKBELEG	4500000079	19078	User_071	2020-06-22	11:45:40	ME29N
EINKBELEG	4500000079	19079	User_057	2020-06-22	11:47:02	ME22N
EINKBELEG	4500000079	19088	User_057	2020-06-22	11:51:26	ME22N
EINKBELEG	4500000080	19081	User_057	2020-06-22	11:48:04	
EINKBELEG	4500000081	19082	User_057	2020-06-22	11:48:34	
EINKBELEG	4500000081	19089	User_071	2020-06-22	13:08:34	ME29N
EINKBELEG	4500000082	19084	User_057	2020-06-22	11:49:08	
EINKBELEG	4500000082	19085	User_071	2020-06-22	11:49:09	ME29N
EINKBELEG	4500000082	19086	User_057	2020-06-22	11:49:28	ME22N
EINKBELEG	4500000083	19109	User_057	2020-06-22	16:48:09	
EINKBELEG	4500000084	19110	User_057	2020-06-22	16:49:54	
EINKBELEG	4500000084	19113	User_071	2020-06-22	16:58:31	ME29N
EINKBELEG	4500000085	19111	User_057	2020-06-22	16:52:05	
EINKBELEG	4500000085	19112	User_071	2020-06-22	16:52:06	ME29N
EINKBELEG	4500000086	19114	User_057	2020-06-22	17:04:02	
EINKBELEG	4500000086	19277	User_071	2020-06-30	09:12:15	ME29N
EINKBELEG	4500000087	19115	User_057	2020-06-22	17:04:58	
EINKBELEG	4500000087	19116	User_057	2020-06-22	17:05:05	ME29N
EINKBELEG	4500000087	19117	User_057	2020-06-22	17:05:51	ME22N
EINKBELEG	4500000088	19119	User_057	2020-06-22	17:07:14	
EINKBELEG	4500000088	19276	User_071	2020-06-30	09:12:04	ME29N
EINKBELEG	4500000089	19120	User_057	2020-06-22	17:07:33	
EINKBELEG	4500000089	19134	User_071	2020-06-23	10:04:52	ME29N
EINKBELEG	4500000089	19135	User_057	2020-06-23	10:07:46	ME22N
EINKBELEG	4500000089	19137	User_071	2020-06-23	10:10:04	ME29N
EINKBELEG	4500000090	19121	User_057	2020-06-22	17:07:54	
EINKBELEG	4500000090	19122	User_071	2020-06-22	17:07:55	ME29N
EINKBELEG	4500000091	19143	User_057	2020-06-23	10:30:24	
EINKBELEG	4500000091	19144	User_071	2020-06-23	10:30:38	ME29N
EINKBELEG	4500000091	19145	User_057	2020-06-23	10:31:52	ME22N
EINKBELEG	4500000091	19147	User_071	2020-06-23	10:32:03	ME29N
EINKBELEG	4500000091	19148	User_057	2020-06-23	10:47:32	ME22N
EINKBELEG	4500000092	19177	User_009	2020-06-23	15:58:25	
EINKBELEG	4500000092	19179	User_071	2020-06-23	15:58:27	ME29N
EINKBELEG	4500000092	22419	User_001	2020-10-27	14:11:40	ME23N
EINKBELEG	4500000093	19232	User_057	2020-06-29	15:38:48	
EINKBELEG	4500000093	19234	User_071	2020-06-29	15:38:51	ME29N
EINKBELEG	4500000094	19235	User_057	2020-06-29	15:39:13	
EINKBELEG	4500000094	19237	User_071	2020-06-29	15:39:38	ME29N
EINKBELEG	4500000095	19238	User_057	2020-06-29	15:52:49	
EINKBELEG	4500000095	19239	User_071	2020-06-29	15:52:50	ME29N
EINKBELEG	4500000095	19240	User_057	2020-06-29	16:12:02	ME22N
EINKBELEG	4500000095	19242	User_071	2020-06-29	16:12:03	ME29N
EINKBELEG	4500000095	19243	User_057	2020-06-29	16:15:17	ME22N
EINKBELEG	4500000096	19253	User_057	2020-06-29	16:54:40	
EINKBELEG	4500000096	19256	User_071	2020-06-29	16:54:41	ME29N
EINKBELEG	4500000096	19257	User_057	2020-06-29	16:57:30	ME22N
EINKBELEG	4500000096	19259	User_071	2020-06-29	16:57:51	ME29N
EINKBELEG	4500000097	19279	User_025	2020-06-30	09:17:39	ME21N
EINKBELEG	4500000097	19280	User_071	2020-06-30	09:17:41	ME29N
EINKBELEG	4500000097	19315	User_005	2020-07-01	08:26:28	ME23N
EINKBELEG	4500000098	19284	User_057	2020-06-30	09:49:32	
EINKBELEG	4500000098	19286	User_071	2020-06-30	09:49:34	ME29N
EINKBELEG	4500000098	19287	User_057	2020-06-30	10:34:41	ME22N
EINKBELEG	4500000099	19289	User_057	2020-06-30	12:35:25	
EINKBELEG	4500000099	19290	User_071	2020-06-30	12:35:26	ME29N
EINKBELEG	4500000100	19432	User_057	2020-07-07	09:26:37	ME21N
EINKBELEG	4500000100	19433	User_071	2020-07-07	09:26:40	ME29N
EINKBELEG	4500000100	21140	User_057	2020-08-07	14:37:44	ME22N
EINKBELEG	4500000100	21141	User_071	2020-08-07	14:37:47	ME29N
EINKBELEG	4500000101	19457	User_002	2020-07-07	15:11:15	ME21N
EINKBELEG	4500000101	19459	User_071	2020-07-07	15:11:16	ME29N
EINKBELEG	4500000102	19462	User_002	2020-07-07	15:30:58	ME21N
EINKBELEG	4500000102	19464	User_071	2020-07-07	15:30:59	ME29N
EINKBELEG	4500000103	20020	User_007	2020-07-08	13:16:57	ME21N
EINKBELEG	4500000103	20021	User_071	2020-07-08	13:18:54	ME29N
EINKBELEG	4500000104	20147	User_057	2020-07-10	14:37:31	ME21N
EINKBELEG	4500000104	20148	User_071	2020-07-10	14:37:34	ME29N
EINKBELEG	4500000105	20343	User_057	2020-07-13	09:31:43	ME21N
EINKBELEG	4500000105	20344	User_071	2020-07-13	09:31:45	ME29N
EINKBELEG	4500000106	20420	User_057	2020-07-13	12:40:39	ME21N
EINKBELEG	4500000106	20422	User_071	2020-07-13	12:40:41	ME29N
EINKBELEG	4500000107	20423	User_007	2020-07-13	12:44:05	ME21N
EINKBELEG	4500000107	20424	User_071	2020-07-13	12:44:06	ME29N
EINKBELEG	4500000108	20466	User_057	2020-07-13	14:31:49	ME21N
EINKBELEG	4500000108	20468	User_071	2020-07-13	14:31:50	ME29N
EINKBELEG	4500000109	20492	User_057	2020-07-14	09:59:53	ME21N
EINKBELEG	4500000109	20495	User_071	2020-07-14	10:01:52	ME29N
EINKBELEG	4500000110	20493	User_057	2020-07-14	10:00:50	ME21N
EINKBELEG	4500000110	20494	User_071	2020-07-14	10:00:52	ME29N
EINKBELEG	4500000111	20506	User_057	2020-07-14	10:57:35	ME21N
EINKBELEG	4500000111	20508	User_071	2020-07-14	10:57:36	ME29N
EINKBELEG	4500000112	20517	User_057	2020-07-14	11:15:56	ME21N
EINKBELEG	4500000112	20519	User_071	2020-07-14	11:15:58	ME29N
EINKBELEG	4500000113	20523	User_057	2020-07-14	11:22:48	ME21N
EINKBELEG	4500000113	20525	User_071	2020-07-14	11:22:50	ME29N
EINKBELEG	4500000114	20529	User_057	2020-07-14	12:11:14	ME21N
EINKBELEG	4500000114	20531	User_071	2020-07-14	12:11:16	ME29N
EINKBELEG	4500000115	20535	User_057	2020-07-14	12:19:22	ME21N
EINKBELEG	4500000115	20537	User_071	2020-07-14	12:19:23	ME29N
EINKBELEG	4500000116	20539	User_057	2020-07-14	13:17:05	ME21N
EINKBELEG	4500000116	20540	User_071	2020-07-14	13:17:06	ME29N
EINKBELEG	4500000117	20554	User_057	2020-07-15	11:20:12	ME21N
EINKBELEG	4500000117	20555	User_071	2020-07-15	11:20:13	ME29N
EINKBELEG	4500000118	20689	User_025	2020-07-16	15:05:51	ME21N
EINKBELEG	4500000118	20691	User_071	2020-07-16	15:05:53	ME29N
EINKBELEG	4500000119	21013	User_057	2020-07-31	09:48:49	ME21N
EINKBELEG	4500000119	21014	User_071	2020-07-31	09:50:19	ME29N
EINKBELEG	4500000120	21045	User_057	2020-08-03	11:09:39	ME21N
EINKBELEG	4500000120	21047	User_071	2020-08-03	11:09:43	ME29N
EINKBELEG	4500000121	21065	User_057	2020-08-03	16:44:27	ME21N
EINKBELEG	4500000121	21067	User_071	2020-08-03	16:44:28	ME29N
EINKBELEG	4500000122	21073	User_057	2020-08-04	09:29:28	ME21N
EINKBELEG	4500000122	21075	User_071	2020-08-04	09:29:33	ME29N
EINKBELEG	4500000123	21090	User_057	2020-08-04	15:58:15	ME21N
EINKBELEG	4500000123	21092	User_071	2020-08-04	15:58:17	ME29N
EINKBELEG	4500000124	21096	User_057	2020-08-04	16:55:40	ME21N
EINKBELEG	4500000124	21098	User_071	2020-08-04	16:55:42	ME29N
EINKBELEG	4500000125	21131	User_078	2020-08-06	20:57:10	
EINKBELEG	4500000125	21133	User_071	2020-08-06	20:57:15	ME29N
EINKBELEG	4500000126	21134	User_078	2020-08-06	21:08:53	ME21N
EINKBELEG	4500000126	21135	User_071	2020-08-06	21:08:54	ME29N
EINKBELEG	4500000127	21167	User_078	2020-08-10	21:45:12	ME21N
EINKBELEG	4500000127	21168	User_071	2020-08-10	21:45:16	ME29N
EINKBELEG	4500000128	21187	User_009	2020-08-12	11:41:21	ME21N
EINKBELEG	4500000128	21189	User_071	2020-08-12	11:43:22	ME29N
EINKBELEG	4500000128	21191	User_009	2020-08-12	11:52:28	ME22N
EINKBELEG	4500000129	21193	User_009	2020-08-12	15:14:47	ME21N
EINKBELEG	4500000129	21195	User_071	2020-08-12	15:14:49	ME29N
EINKBELEG	4500000130	21198	User_009	2020-08-12	15:35:55	ME21N
EINKBELEG	4500000130	21200	User_071	2020-08-12	15:35:56	ME29N
EINKBELEG	4500000131	21222	User_009	2020-08-13	13:52:22	ME21N
EINKBELEG	4500000131	21224	User_071	2020-08-13	13:52:26	ME29N
EINKBELEG	4500000132	21232	User_025	2020-08-14	10:15:54	ME21N
EINKBELEG	4500000132	21234	User_071	2020-08-14	10:15:58	ME29N
EINKBELEG	4500000133	21290	User_009	2020-08-17	15:15:23	ME21N
EINKBELEG	4500000133	21292	User_071	2020-08-17	15:15:26	ME29N
EINKBELEG	4500000133	21293	User_009	2020-08-17	15:25:47	ME22N
EINKBELEG	4500000134	21372	User_009	2020-08-19	12:04:29	ME21N
EINKBELEG	4500000134	21374	User_071	2020-08-19	12:04:34	ME29N
EINKBELEG	4500000135	21409	User_009	2020-08-20	10:28:04	ME21N
EINKBELEG	4500000135	21411	User_071	2020-08-20	10:28:07	ME29N
EINKBELEG	4500000136	21437	User_009	2020-08-20	15:51:04	ME21N
EINKBELEG	4500000136	21439	User_071	2020-08-20	15:51:06	ME29N
EINKBELEG	4500000137	21463	User_008	2020-08-25	15:02:46	ME21N
EINKBELEG	4500000137	21465	User_071	2020-08-25	15:02:52	ME29N
EINKBELEG	4500000137	21475	User_008	2020-08-25	15:23:00	ME22N
EINKBELEG	4500000137	21477	User_071	2020-08-25	15:23:02	ME29N
EINKBELEG	4500000138	21479	User_010	2020-08-25	16:33:12	ME21N
EINKBELEG	4500000138	21480	User_071	2020-08-25	16:33:14	ME29N
EINKBELEG	4500000139	21481	User_003	2020-08-25	16:39:42	ME21N
EINKBELEG	4500000139	21483	User_071	2020-08-25	16:39:43	ME29N
EINKBELEG	4500000140	21484	User_010	2020-08-25	16:48:28	ME21N
EINKBELEG	4500000140	21486	User_071	2020-08-25	16:48:29	ME29N
EINKBELEG	4500000141	21508	User_008	2020-08-26	11:27:18	ME21N
EINKBELEG	4500000141	21511	User_071	2020-08-26	11:27:22	ME29N
EINKBELEG	4500000142	21515	User_008	2020-08-26	15:48:57	ME21N
EINKBELEG	4500000142	21517	User_071	2020-08-26	15:48:58	ME29N
EINKBELEG	4500000143	21522	User_008	2020-08-26	15:56:34	ME21N
EINKBELEG	4500000143	21524	User_071	2020-08-26	15:56:35	ME29N
EINKBELEG	4500000144	21526	User_008	2020-08-26	16:03:18	ME21N
EINKBELEG	4500000144	21528	User_071	2020-08-26	16:03:19	ME29N
EINKBELEG	4500000145	21570	User_025	2020-08-28	16:44:20	ME21N
EINKBELEG	4500000145	21572	User_071	2020-08-28	16:46:24	ME29N
EINKBELEG	4500000146	21929	User_025	2020-09-11	16:53:38	ME21N
EINKBELEG	4500000146	21931	User_071	2020-09-11	16:53:42	ME29N
EINKBELEG	4500000147	22429	User_001	2020-10-27	17:08:13	
EINKBELEG	4500000147	22435	User_001	2020-10-28	13:12:06	ME29N
EINKBELEG	4500000147	22437	User_001	2020-10-28	13:31:57	ME22N
EINKBELEG	4500000148	22439	User_001	2020-10-28	13:32:37	
EINKBELEG	4500000149	22444	User_001	2020-10-28	14:21:15	
EINKBELEG	4500000150	22525	User_001	2020-11-01	12:31:00	
EINKBELEG	4500000151	22528	User_001	2020-11-01	12:44:36	
EINKBELEG	4500000152	22534	User_001	2020-11-01	13:22:58	
EINKBELEG	4500000153	22542	User_001	2020-11-01	21:19:33	
EINKBELEG	4500000154	22587	User_001	2020-11-02	13:14:55	
EINKBELEG	4500000155	23378	User_058	2020-12-18	00:46:26	
EINKBELEG	4500000156	23388	User_058	2020-12-18	11:03:28	
EINKBELEG	4500000157	23988	User_030	2021-01-27	15:30:15	
EINKBELEG	4500000158	24189	User_030	2021-02-02	09:33:41	ME21N
EINKBELEG	4500000159	24286	User_025	2021-02-03	16:15:21	ME21N
EINKBELEG	4500000160	24390	User_025	2021-02-04	14:04:51	ME21N
EINKBELEG	4500000160	24407	User_025	2021-02-04	14:07:20	ME29N
EINKBELEG	4500000161	24596	User_010	2021-02-05	15:00:13	ME21N
EINKBELEG	4500000162	24600	User_010	2021-02-05	15:16:07	ME21N
EINKBELEG	4500000163	24611	User_010	2021-02-05	15:57:16	ME22N
EINKBELEG	4500000164	24750	User_010	2021-02-09	09:58:34	ME21N
EINKBELEG	4500000165	24754	User_010	2021-02-09	10:32:19	ME21N
EINKBELEG	4500000166	24771	User_010	2021-02-09	13:50:42	ME21N
EINKBELEG	4500000167	24775	User_010	2021-02-09	13:52:50	ME21N
EINKBELEG	4500000168	24785	User_010	2021-02-09	14:04:14	ME21N
EINKBELEG	4500000169	24788	User_010	2021-02-09	14:19:06	ME21N
EINKBELEG	4500000170	24791	User_010	2021-02-09	14:34:15	ME21N
EINKBELEG	4500000171	24794	User_010	2021-02-09	14:35:53	ME21N
EINKBELEG	4500000172	24797	User_010	2021-02-09	14:37:09	ME21N
EINKBELEG	4500000173	24801	User_010	2021-02-09	14:48:25	ME21N
EINKBELEG	4500000174	24810	User_010	2021-02-09	14:59:48	ME21N
EINKBELEG	4500000175	24813	User_010	2021-02-09	15:06:20	ME21N
EINKBELEG	4500000176	24816	User_010	2021-02-09	15:07:40	ME21N
EINKBELEG	4500000177	24821	User_010	2021-02-09	15:40:23	
EINKBELEG	4500000178	24823	User_010	2021-02-09	16:08:53	
EINKBELEG	4500000179	24826	User_010	2021-02-09	16:22:51	
EINKBELEG	4500000180	24829	User_010	2021-02-09	17:10:41	
EINKBELEG	4500000181	24909	User_030	2021-02-10	10:59:37	ME21N
EINKBELEG	4500000182	24990	User_010	2021-02-10	14:59:32	ME21N
EINKBELEG	4500000183	25004	User_010	2021-02-10	16:41:56	ME21N
EINKBELEG	4500000184	25090	User_010	2021-02-11	09:58:50	
EINKBELEG	4500000185	25303	User_002	2021-02-13	20:26:30	
EINKBELEG	4500000186	25338	User_002	2021-02-14	12:29:00	ME21N
EINKBELEG	4500000186	25339	User_002	2021-02-14	12:30:18	ME29N
EINKBELEG	4500000186	25344	User_002	2021-02-14	12:35:42	ME22N
EINKBELEG	4500000186	25352	User_002	2021-02-14	15:42:05	ME22N
EINKBELEG	4500000187	25808	User_002	2021-02-16	09:28:27	
EINKBELEG	4500000188	25819	User_001	2021-02-16	11:26:43	ME21N
EINKBELEG	4500000188	25905	User_001	2021-02-16	13:56:27	ME29N
EINKBELEG	4500000189	25897	User_001	2021-02-16	13:16:23	ME21N
EINKBELEG	4500000190	25899	User_001	2021-02-16	13:26:03	ME21N
EINKBELEG	4500000190	25902	User_001	2021-02-16	13:36:20	ME22N
EINKBELEG	4500000190	25903	User_001	2021-02-16	13:53:49	ME22N
EINKBELEG	4500000190	25904	User_001	2021-02-16	13:54:24	ME29N
EINKBELEG	4500000190	25983	User_002	2021-02-16	15:19:40	ME22N
EINKBELEG	4500000190	26134	User_001	2021-02-16	16:47:58	ME22N
EINKBELEG	4500000191	25990	User_001	2021-02-16	15:40:00	ME21N
EINKBELEG	4500000191	25991	User_001	2021-02-16	15:40:23	ME29N
EINKBELEG	4500000191	26128	User_001	2021-02-16	16:10:41	ME22N
EINKBELEG	4500000192	26132	User_001	2021-02-16	16:34:48	ME21N
EINKBELEG	4500000192	26133	User_001	2021-02-16	16:35:13	ME29N
EINKBELEG	4500000193	26138	User_001	2021-02-16	16:51:08	ME21N
EINKBELEG	4500000193	26139	User_001	2021-02-16	16:51:28	ME29N
EINKBELEG	4500000194	26140	User_001	2021-02-16	17:04:03	ME21N
EINKBELEG	4500000194	26141	User_001	2021-02-16	17:04:20	ME29N
EINKBELEG	4500000194	26142	User_001	2021-02-16	17:07:20	ME22N
EINKBELEG	4500000194	26143	User_001	2021-02-16	17:20:26	ME22N
EINKBELEG	4500000194	26144	User_001	2021-02-16	17:25:07	ME22N
EINKBELEG	4500000194	53367	User_001	2021-08-20	15:07:42	ME22N
EINKBELEG	4500000194	95538	User_001	2022-10-21	17:37:59	ME22N
EINKBELEG	4500000195	26145	User_001	2021-02-16	17:26:06	ME21N
EINKBELEG	4500000195	26146	User_001	2021-02-16	17:26:36	ME29N
EINKBELEG	4500000196	26159	User_002	2021-02-17	10:23:46	
EINKBELEG	4500000197	26436	User_002	2021-02-24	11:25:00	ME21N
EINKBELEG	4500000198	26667	User_002	2021-03-01	14:18:57	ME21N
EINKBELEG	4500000199	26675	User_002	2021-03-01	15:09:32	ME21N
EINKBELEG	4500000200	26699	User_025	2021-03-02	14:07:01	ME21N
EINKBELEG	4500000200	26703	User_025	2021-03-02	14:12:52	ME29N
EINKBELEG	4500000201	26944	User_002	2021-03-12	10:12:37	ME21N
EINKBELEG	4500000201	26951	User_002	2021-03-15	17:05:03	ME22N
EINKBELEG	4500000201	26952	User_002	2021-03-15	17:19:11	ME22N
EINKBELEG	4500000201	26953	User_002	2021-03-15	17:21:24	ME22N
EINKBELEG	4500000201	26976	User_002	2021-03-16	17:45:09	ME22
EINKBELEG	4500000202	26954	User_002	2021-03-15	17:27:06	ME21N
EINKBELEG	4500000202	26955	User_002	2021-03-15	17:29:47	ME22N
EINKBELEG	4500000203	26956	User_002	2021-03-15	17:30:10	ME21N
EINKBELEG	4500000203	26961	User_002	2021-03-16	08:08:16	ME22N
EINKBELEG	4500000203	26962	User_002	2021-03-16	09:00:59	ME22N
EINKBELEG	4500000203	26966	User_002	2021-03-16	10:53:40	ME22N
EINKBELEG	4500000203	26971	User_002	2021-03-16	16:16:30	ME22N
EINKBELEG	4500000203	26973	User_002	2021-03-16	17:19:57	ME22
EINKBELEG	4500000203	26977	User_002	2021-03-16	17:45:38	ME22
EINKBELEG	4500000203	26996	User_002	2021-03-17	15:17:30	ME22N
EINKBELEG	4500000203	26999	User_002	2021-03-17	16:19:25	ME22N
EINKBELEG	4500000203	27003	User_002	2021-03-17	16:19:36	ME22N
EINKBELEG	4500000203	27004	User_002	2021-03-17	16:21:51	ME22N
EINKBELEG	4500000203	27010	User_002	2021-03-17	17:13:18	ME22N
EINKBELEG	4500000204	26984	User_002	2021-03-17	09:40:21	ME21N
EINKBELEG	4500000204	26988	User_002	2021-03-17	09:58:50	ME22N
EINKBELEG	4500000204	26989	User_002	2021-03-17	10:38:54	ME22N
EINKBELEG	4500000204	26990	User_002	2021-03-17	10:43:55	ME22N
EINKBELEG	4500000204	26991	User_002	2021-03-17	10:46:01	ME22N
EINKBELEG	4500000204	26992	User_002	2021-03-17	11:28:44	ME22
EINKBELEG	4500000204	26997	User_002	2021-03-17	15:17:39	ME22N
EINKBELEG	4500000204	26998	User_002	2021-03-17	16:19:09	ME22N
EINKBELEG	4500000204	27009	User_002	2021-03-17	17:13:00	ME22N
EINKBELEG	4500000205	26993	User_002	2021-03-17	11:45:50	ME21N
EINKBELEG	4500000205	26995	User_002	2021-03-17	15:17:18	ME22N
EINKBELEG	4500000205	27014	User_002	2021-03-17	17:15:23	ME22N
EINKBELEG	4500000206	27017	User_057	2021-03-17	18:24:20	ME21N
EINKBELEG	4500000207	27044	User_002	2021-03-19	09:48:04	ME21N
EINKBELEG	4500000208	27110	User_002	2021-03-23	13:10:15	ME21N
EINKBELEG	4500000208	27113	User_002	2021-03-23	13:11:26	ME22N
EINKBELEG	4500000209	27111	User_002	2021-03-23	13:10:51	ME21N
EINKBELEG	4500000209	27112	User_002	2021-03-23	13:11:16	ME22N
EINKBELEG	4500000210	28167	User_025	2021-05-11	10:17:53	ME21N
EINKBELEG	4500000211	28224	User_032	2021-05-18	12:51:01	ME21N
EINKBELEG	4500000211	94059	User_040	2022-09-14	14:27:19	ME22N
EINKBELEG	4500000211	94664	User_040	2022-09-16	10:51:09	ME22N
EINKBELEG	4500000211	94688	User_040	2022-09-16	11:14:06	ME22N
EINKBELEG	4500000212	28266	User_032	2021-05-21	11:43:44	ME21N
EINKBELEG	4500000212	28268	User_032	2021-05-21	11:46:25	ME29N
EINKBELEG	4500000213	28288	User_032	2021-05-21	14:24:25	ME21N
EINKBELEG	4500000214	28311	User_032	2021-05-25	10:16:49	ME21N
EINKBELEG	4500000214	28313	User_032	2021-05-25	10:17:32	ME29N
EINKBELEG	4500000215	28443	User_032	2021-06-02	11:49:22	ME21N
EINKBELEG	4500000216	28464	User_032	2021-06-02	17:35:05	ME21N
EINKBELEG	4500000216	28471	User_032	2021-06-02	17:39:00	ME29N
EINKBELEG	4500000217	28466	User_032	2021-06-02	17:36:59	ME21N
EINKBELEG	4500000218	28468	User_032	2021-06-02	17:37:28	ME21N
EINKBELEG	4500000218	28470	User_032	2021-06-02	17:38:09	ME29N
EINKBELEG	4500000219	28582	User_011	2021-06-10	08:10:06	ME21N
EINKBELEG	4500000220	28593	User_011	2021-06-10	11:08:57	ME21N
EINKBELEG	4500000220	28595	User_011	2021-06-10	11:13:27	ME29N
EINKBELEG	4500000221	28633	User_011	2021-06-15	10:55:57	ME21N
EINKBELEG	4500000221	28635	User_011	2021-06-15	10:57:04	ME29N
EINKBELEG	4500000222	28639	User_011	2021-06-15	11:15:38	ME21N
EINKBELEG	4500000222	28641	User_011	2021-06-15	11:16:09	ME29N
EINKBELEG	4500000223	28873	User_018	2021-06-25	15:37:02	ME21N
EINKBELEG	4500000223	28874	User_018	2021-06-25	15:38:17	ME29N
EINKBELEG	4500000224	28880	User_018	2021-06-25	16:25:59	ME21N
EINKBELEG	4500000224	28881	User_018	2021-06-25	16:26:25	ME29N
EINKBELEG	4500000225	32101	User_072	2021-07-23	13:49:46	ME59N
EINKBELEG	4500000225	32105	User_072	2021-07-23	13:54:36	ME22N
EINKBELEG	4500000225	32109	User_072	2021-07-23	13:57:36	ME22N
EINKBELEG	4500000226	32103	User_072	2021-07-23	13:51:11	ME59N
EINKBELEG	4500000226	32110	User_072	2021-07-23	13:58:06	ME22N
EINKBELEG	4500000226	32112	User_072	2021-07-23	13:59:05	ME22N
EINKBELEG	4500000227	32114	User_072	2021-07-23	14:15:00	ME59N
EINKBELEG	4500000227	32307	User_072	2021-07-24	12:55:24	ME22N
EINKBELEG	4500000228	32116	User_072	2021-07-23	14:15:00	ME59N
EINKBELEG	4500000228	32118	User_072	2021-07-23	14:26:56	ME22N
EINKBELEG	4500000229	32186	User_072	2021-07-23	16:54:47	ME21N
EINKBELEG	4500000229	32192	User_072	2021-07-23	16:56:19	ME22N
EINKBELEG	4500000229	32212	User_072	2021-07-23	17:04:52	ME22N
EINKBELEG	4500000229	32220	User_072	2021-07-23	17:18:34	ME22N
EINKBELEG	4500000229	50961	User_072	2021-08-11	11:51:59	ME22N
EINKBELEG	4500000230	32306	User_072	2021-07-24	12:50:52	ME21N
EINKBELEG	4500000231	46310	User_072	2021-08-10	13:13:24	ME59N
EINKBELEG	4500000232	49345	User_072	2021-08-10	14:28:49	
EINKBELEG	4500000233	49348	User_072	2021-08-10	14:28:50	
EINKBELEG	4500000234	51073	User_072	2021-08-11	16:04:01	ME59N
EINKBELEG	4500000234	51075	User_072	2021-08-11	16:11:55	ME22N
EINKBELEG	4500000235	51500	User_072	2021-08-12	09:58:04	ME59N
EINKBELEG	4500000236	51503	User_072	2021-08-12	09:58:05	ME59N
EINKBELEG	4500000237	51554	User_072	2021-08-12	12:43:36	ME21N
EINKBELEG	4500000237	51639	User_072	2021-08-12	18:58:55	ME22N
EINKBELEG	4500000238	51631	User_073	2021-08-12	16:40:13	ME59N
EINKBELEG	4500000239	51907	User_073	2021-08-13	08:29:58	ME21N
EINKBELEG	4500000240	52058	User_073	2021-08-13	10:06:44	ME21N
EINKBELEG	4500000241	52060	User_073	2021-08-13	11:40:21	ME59N
EINKBELEG	4500000242	52065	User_073	2021-08-13	11:40:21	ME59N
EINKBELEG	4500000243	52068	User_073	2021-08-13	11:41:46	ME59N
EINKBELEG	4500000243	52072	User_073	2021-08-13	11:51:15	ME23N
EINKBELEG	4500000244	52308	User_073	2021-08-13	14:55:49	ME21N
EINKBELEG	4500000245	52310	User_073	2021-08-13	14:56:19	ME59N
EINKBELEG	4500000246	52316	User_002	2021-08-13	15:48:09	ME22N
EINKBELEG	4500000246	52321	User_002	2021-08-13	16:07:32	ME22N
EINKBELEG	4500000247	52925	User_025	2021-08-16	14:34:35	ME21
EINKBELEG	4500000247	52926	User_025	2021-08-16	14:37:07	ME22N
EINKBELEG	4500000248	52935	User_073	2021-08-16	17:32:30	ME21N
EINKBELEG	4500000249	52937	User_073	2021-08-16	17:33:21	ME59N
EINKBELEG	4500000250	52948	User_073	2021-08-16	20:57:15	ME21N
EINKBELEG	4500000251	52951	User_073	2021-08-16	20:58:26	ME59N
EINKBELEG	4500000252	52953	User_073	2021-08-16	20:58:27	ME59N
EINKBELEG	4500000253	52970	User_073	2021-08-16	22:27:58	ME21N
EINKBELEG	4500000254	52973	User_073	2021-08-16	22:39:17	ME59N
EINKBELEG	4500000254	52979	User_073	2021-08-16	22:43:40	ME22N
EINKBELEG	4500000255	52977	User_073	2021-08-16	22:42:17	ME59N
EINKBELEG	4500000255	52983	User_073	2021-08-16	22:44:11	ME22N
EINKBELEG	4500000256	53054	User_073	2021-08-17	10:33:53	ME21N
EINKBELEG	4500000257	53119	User_073	2021-08-17	12:15:31	ME59N
EINKBELEG	4500000258	53122	User_073	2021-08-17	12:16:11	ME21N
EINKBELEG	4500000259	53356	User_006	2021-08-20	13:41:04	ME21N
EINKBELEG	4500000260	53366	User_006	2021-08-20	14:22:25	ME21N
EINKBELEG	4500000261	53371	User_001	2021-08-20	15:13:26	ME21N
EINKBELEG	4500000262	53826	User_034	2021-09-15	19:50:39	ME21N
EINKBELEG	4500000263	53831	User_034	2021-09-15	19:57:30	ME21N
EINKBELEG	4500000264	53845	User_039	2021-09-16	11:10:42	ME21N
EINKBELEG	4500000265	54285	User_001	2021-10-21	13:19:31	ME21N
EINKBELEG	4500000265	54286	User_001	2021-10-21	13:22:31	ME22N
EINKBELEG	4500000266	54288	User_001	2021-10-21	13:54:34	ME21N
EINKBELEG	4500000267	54445	User_011	2021-10-25	13:01:18	ME21N
EINKBELEG	4500000268	56497	User_002	2021-11-17	17:17:33	ME21N
EINKBELEG	4500000268	56499	User_002	2021-11-17	17:18:08	ME22N
EINKBELEG	4500000269	56509	User_002	2021-11-18	14:40:58	ME21N
EINKBELEG	4500000270	59080	User_032	2022-02-03	15:06:38	ME21N
EINKBELEG	4500000271	59095	User_038	2022-02-07	13:19:54	ME21N
EINKBELEG	4500000272	59285	User_032	2022-02-15	12:36:48	ME21N
EINKBELEG	4500000273	59345	User_004	2022-02-16	09:22:53	ME21N
EINKBELEG	4500000274	59375	User_032	2022-02-16	13:41:17	ME21N
EINKBELEG	4500000275	59422	User_038	2022-02-17	14:11:52	ME21N
EINKBELEG	4500000276	59439	User_038	2022-02-17	15:07:00	ME21N
EINKBELEG	4500000277	59454	User_038	2022-02-17	16:20:03	ME21N
EINKBELEG	4500000278	59459	User_038	2022-02-17	16:40:02	ME21N
EINKBELEG	4500000279	59559	User_038	2022-02-21	10:14:04	ME21N
EINKBELEG	4500000280	59561	User_038	2022-02-21	10:14:33	ME21N
EINKBELEG	4500000281	59566	User_038	2022-02-21	10:21:14	ME21N
EINKBELEG	4500000282	59655	User_004	2022-02-21	15:27:24	ME21N
EINKBELEG	4500000283	60524	User_032	2022-02-23	12:35:05	ME21N
EINKBELEG	4500000284	70391	User_007	2022-03-11	09:05:05	ME21N
EINKBELEG	4500000285	70532	User_062	2022-03-14	09:43:26	ME21N
EINKBELEG	4500000286	71062	User_007	2022-03-14	14:06:55	ME21N
EINKBELEG	4500000287	71175	User_007	2022-03-14	16:14:06	ME21N
EINKBELEG	4500000288	72596	User_011	2022-03-15	13:01:55	ME21N
EINKBELEG	4500000289	72601	User_011	2022-03-15	13:10:05	ME21N
EINKBELEG	4500000290	72798	User_062	2022-03-15	17:26:52	ME21N
EINKBELEG	4500000291	73037	User_011	2022-03-16	11:35:49	ME21N
EINKBELEG	4500000292	73736	User_062	2022-03-16	15:50:11	ME21N
EINKBELEG	4500000293	73820	User_062	2022-03-16	16:14:16	ME21N
EINKBELEG	4500000294	88397	User_001	2022-06-10	15:31:34	ME21N
EINKBELEG	4500000295	90704	User_018	2022-07-04	11:11:46	ME21N
EINKBELEG	4500000296	90773	User_017	2022-07-05	07:34:01	ME21N
EINKBELEG	4500000297	90777	User_017	2022-07-05	07:49:12	ME21N
EINKBELEG	4500000298	90782	User_017	2022-07-05	07:59:11	ME21N
EINKBELEG	4500000299	91007	User_017	2022-07-05	14:23:45	ME21N
EINKBELEG	4500000300	94029	User_080	2022-09-05	13:33:27	ME21N
EINKBELEG	4500000301	95839	User_018	2022-12-04	14:44:59	ME21N
EINKBELEG	4500000301	95875	User_018	2022-12-07	12:36:58	ME29N
EINKBELEG	4500000302	95881	User_002	2022-12-07	14:41:15	ME21N
EINKBELEG	4500000303	95883	User_002	2022-12-07	14:41:56	ME21N
EINKBELEG	4500000304	95949	User_018	2022-12-13	16:42:23	ME21N
EINKBELEG	4500000305	95951	User_018	2022-12-14	09:58:59	ME21N
EINKBELEG	4500000305	96247	User_001	2023-02-16	14:49:07	ME22N
EINKBELEG	4500000305	96255	User_001	2023-02-16	14:51:59	ME23N
EINKBELEG	4500000306	95960	User_018	2022-12-14	11:14:49	ME21N
EINKBELEG	4500000306	95961	User_018	2022-12-14	11:16:18	ME29N
EINKBELEG	4500000306	95962	User_018	2022-12-14	11:18:59	ME22N
EINKBELEG	4500000307	97028	User_004	2023-03-30	16:14:42	ME21N
EINKBELEG	4500000308	97066	User_044	2023-04-04	09:03:18	ME21N
EINKBELEG	4500000309	97075	User_044	2023-04-04	10:10:59	ME21N
EINKBELEG	4500000310	97079	User_044	2023-04-04	10:28:41	ME21N
EINKBELEG	4500000311	97090	User_044	2023-04-04	10:42:29	ME21N
EINKBELEG	4500000312	97100	User_044	2023-04-04	11:07:30	ME21N
EINKBELEG	4500000313	97166	User_044	2023-04-05	13:43:42	ME21N
EINKBELEG	4500000314	97185	User_044	2023-04-05	15:33:56	ME21N
EINKBELEG	4500000315	97203	User_080	2023-04-07	15:20:03	ME21N
EINKBELEG	4500000316	98824	User_063	2023-06-07	14:25:39	ME21N
EINKBELEG	4500000317	98886	User_044	2023-06-07	16:12:18	ME21N
EINKBELEG	4500000318	106878	User_076	2023-11-22	17:12:09	ME21N
EINKBELEG	4500000319	106882	User_076	2023-11-24	11:06:05	ME21N
EINKBELEG	4500000320	106892	User_054	2023-11-27	16:17:23	ME21N
EINKBELEG	4500000321	107606	User_054	2023-12-29	12:16:57	ME21N
EINKBELEG	4500000322	107665	User_054	2024-01-05	16:59:24	ME21N
EINKBELEG	4500000323	107671	User_054	2024-01-05	17:18:54	ME21N
EINKBELEG	4500000324	107694	User_054	2024-01-08	13:11:45	ME21N
EINKBELEG	4500000325	107698	User_054	2024-01-08	13:18:11	ME21N
EINKBELEG	4500000326	108156	User_054	2024-02-08	14:18:16	ME21N
EINKBELEG	4500000327	108941	User_044	2024-03-06	17:01:24	ME21N
EINKBELEG	4500000327	108950	User_044	2024-03-06	17:12:46	ME22N
EINKBELEG	4500000327	108955	User_044	2024-03-06	17:54:20	ME22N
EINKBELEG	4500000328	108963	User_044	2024-03-08	08:39:14	ME21N
EINKBELEG	4500000328	108967	User_044	2024-03-08	08:46:53	ME22N
EINKBELEG	4500000329	108970	User_044	2024-03-08	08:58:49	ME21N
EINKBELEG	4500000330	113742	User_007	2024-06-19	16:38:21	ME21N
EINKBELEG	4500000331	114122	User_034	2024-07-19	11:21:49	
EINKBELEG	4500000332	114135	User_034	2024-07-22	09:08:47	
EINKBELEG	4500000333	117725	User_017	2024-11-19	12:57:07	ME21N
EINKBELEG	4500000334	118000	User_017	2024-11-22	12:49:33	ME21N
EINKBELEG	4500000334	118002	User_017	2024-11-22	14:50:27	ME23N
EINKBELEG	4500000334	118005	User_017	2024-11-22	15:00:56	ME22N
EINKBELEG	4500000335	118010	User_017	2024-11-22	15:11:25	ME21N
EINKBELEG	4500000336	118037	User_017	2024-11-25	08:43:49	ME21N
EINKBELEG	4500000337	118133	User_074	2024-11-25	14:11:39	
EINKBELEG	4500000338	118374	User_074	2024-11-25	14:22:23	
EINKBELEG	4500000339	120391	User_017	2024-12-24	11:02:11	/PACG/ECM_COCKPIT2
EINKBELEG	4500000340	120432	User_081	2024-12-24	14:02:25	
EINKBELEG	4500000341	121531	User_081	2025-01-31	13:31:19	
EINKBELEG	4500000342	121557	User_081	2025-01-31	16:30:58	
EINKBELEG	4500000342	121575	User_081	2025-01-31	16:59:05	ME22N
EINKBELEG	4500000343	121883	User_081	2025-02-03	16:10:48	
EINKBELEG	4500000343	121886	User_081	2025-02-03	16:12:14	ME22N
EINKBELEG	4500000343	121889	User_050	2025-02-03	17:10:22	ME23N
EINKBELEG	4500000344	122216	User_081	2025-02-04	15:18:56	
EINKBELEG	4500000345	122238	User_081	2025-02-04	15:44:59	
EINKBELEG	4500000346	122921	User_081	2025-02-07	10:40:18	
EINKBELEG	4500000346	122924	User_081	2025-02-07	10:45:17	ME22N
EINKBELEG	4500000347	123728	User_081	2025-02-14	16:02:21	
EINKBELEG	4500000348	123733	User_081	2025-02-14	16:24:26	
EINKBELEG	4500000349	123739	User_081	2025-02-14	16:30:27	
EINKBELEG	4500000350	123815	User_081	2025-02-17	12:14:39	
EINKBELEG	4500000351	124045	User_001	2025-02-19	10:58:40	ME21N
EINKBELEG	4500000352	124196	User_081	2025-02-21	09:45:24	
EINKBELEG	4500000353	134702	User_053	2025-10-10	11:47:34	ME21N
EINKBELEG	4500000354	134711	User_053	2025-10-13	13:44:42	ME21N
EINKBELEG	4500000355	134912	User_053	2025-10-27	12:43:41	ME21N
EINKBELEG	4500000356	135635	User_075	2025-12-30	16:14:04	ME21N
EINKBELEG	4500000357	136658	User_054	2026-03-04	11:43:47	ME21N
EINKBELEG	4500000358	136662	User_054	2026-03-04	11:47:16	ME21N
EINKBELEG	4500000359	136687	User_054	2026-03-04	16:25:44	ME21N
EINKBELEG	4500000360	136692	User_054	2026-03-04	16:28:05	ME21N
EINKBELEG	4600000000	14683	User_002	2020-04-17	08:26:58	ME31K
EINKBELEG	4600000001	18376	User_006	2020-05-29	14:10:16	ME31
EINKBELEG	4600000002	18389	User_006	2020-06-02	08:30:31	ME31
EINKBELEG	4600000003	18392	User_006	2020-06-02	08:35:42	ME31
EINKBELEG	4600000003	18393	User_006	2020-06-02	08:39:54	ME32
EINKBELEG	4600000004	18461	User_006	2020-06-02	12:11:26	ME31
EINKBELEG	4600000004	18462	User_006	2020-06-02	12:22:23	ME32
EINKBELEG	4600000005	18465	User_006	2020-06-02	12:27:15	ME31
EINKBELEG	4600000006	19052	User_002	2020-06-19	15:31:55	ME31K
EINKBELEG	4600000006	19197	User_002	2020-06-24	23:18:29	ME32K
EINKBELEG	4600000006	19201	User_002	2020-06-25	07:37:38	ME32K
EINKBELEG	4600000006	19203	User_002	2020-06-25	07:54:05	ME32K
EINKBELEG	4600000006	19427	User_002	2020-07-06	20:04:17	ME32K
EINKBELEG	4600000006	19456	User_002	2020-07-07	15:09:13	ME35K
EINKBELEG	4600000006	28284	User_032	2021-05-21	14:00:48	ME32
EINKBELEG	4600000006	59106	User_032	2022-02-07	14:16:30	ME32
EINKBELEG	4600000006	59110	User_032	2022-02-07	14:22:16	ME32
EINKBELEG	4600000007	19450	User_002	2020-07-07	14:35:27	ME31K
EINKBELEG	4600000007	19455	User_002	2020-07-07	15:09:03	ME35K
EINKBELEG	4600000007	20212	User_002	2020-07-11	07:46:07	ME32K
EINKBELEG	4600000007	20247	User_002	2020-07-12	15:41:08	ME32K
EINKBELEG	4600000007	21015	User_002	2020-07-31	09:57:13	ME32K
EINKBELEG	4600000007	21019	User_002	2020-07-31	09:57:30	ME32K
EINKBELEG	4600000007	120284	User_017	2024-12-23	14:42:30	ME32K
EINKBELEG	4600000008	30766	User_072	2021-07-20	11:22:30	ME31K
EINKBELEG	4600000008	30768	User_072	2021-07-20	11:25:21	ME32K
EINKBELEG	4600000008	30788	User_072	2021-07-20	11:28:45	ME32K
EINKBELEG	4600000008	30789	User_072	2021-07-20	11:35:30	ME35K
EINKBELEG	4600000009	56205	User_002	2021-11-10	11:51:09	ME31K
EINKBELEG	4600000010	118758	User_050	2024-12-06	16:53:18	ME31K
EINKBELEG	4600000010	118760	User_050	2024-12-06	16:56:04	ME35K
EINKBELEG	4600000010	119341	User_050	2024-12-12	15:43:15	ME32K
EINKBELEG	4600000010	119343	User_050	2024-12-12	15:45:19	ME32K
EINKBELEG	4600000010	119345	User_050	2024-12-12	15:45:37	ME32K
EINKBELEG	4600000010	119488	User_050	2024-12-13	14:27:09	ME32K
EINKBELEG	4600000010	119861	User_050	2024-12-16	12:40:33	ME32K
EINKBELEG	4600000010	120408	User_017	2024-12-24	13:04:37	ME32K
EINKBELEG	4600000010	122221	User_050	2025-02-04	15:38:56	ME32K
EINKBELEG	4600000010	122225	User_050	2025-02-04	15:39:49	ME32K
EINKBELEG	4600000011	120264	User_017	2024-12-23	13:17:11	ME31K
EINKBELEG	4600000011	120273	User_017	2024-12-23	13:52:05	ME32K
EINKBELEG	4600000011	120277	User_017	2024-12-23	13:54:08	ME32K
EINKBELEG	4600000011	120281	User_017	2024-12-23	13:56:46	ME32K
EINKBELEG	4600000011	120283	User_017	2024-12-23	13:57:56	ME32K
EINKBELEG	4600000011	120410	User_017	2024-12-24	13:05:28	ME32K
EINKBELEG	4600000011	120412	User_017	2024-12-24	13:06:16	ME32K
EINKBELEG	4600000012	120285	User_017	2024-12-23	14:45:41	ME31K
EINKBELEG	4600000013	120387	User_017	2024-12-24	10:54:31	ME31K
EINKBELEG	4600000013	120419	User_017	2024-12-24	13:50:37	ME32K
EINKBELEG	5500000000	16016	User_058	2020-05-25	15:55:09	ME31L
EINKBELEG	5500000001	16030	User_058	2020-05-25	16:43:06	ME31L
EINKBELEG	5500000002	16105	User_058	2020-05-26	10:09:50	ME31L
EINKBELEG	5500000003	16149	User_058	2020-05-26	13:06:25	ME31L
EINKBELEG	5500000004	16155	User_058	2020-05-26	13:28:12	ME31L
EINKBELEG	5500000005	20043	User_057	2020-07-09	10:36:48	ME31L
EINKBELEG	5500000006	25470	User_034	2021-02-15	18:22:00	ME31
EINKBELEG	5500000007	26783	User_034	2021-03-03	16:13:51	ME31
EINKBELEG	5500000007	26786	User_034	2021-03-03	16:18:30	ME32
EINKBELEG	5500000007	26787	User_034	2021-03-03	16:41:20	ME32L
EINKBELEG	5500000007	26788	User_034	2021-03-03	16:41:56	ME32L
EINKBELEG	5500000007	26791	User_034	2021-03-03	19:15:14	ME32L
EINKBELEG	6000000000	56390	User_002	2021-11-12	15:23:01	ME41
EINKBELEG	6000000000	56392	User_002	2021-11-12	15:29:29	ME47
EINKBELEG	6000000001	56391	User_002	2021-11-12	15:23:16	ME41
EINKBELEG	6000000001	56394	User_002	2021-11-12	15:29:45	ME47
EINKBELEG	7000000000	56383	User_002	2021-11-12	13:44:27	
EINKBELEG	7000000000	56385	User_002	2021-11-12	13:45:30	
EINKBELEG	7000000000	56386	User_071	2021-11-12	13:45:33	
EINKBELEG	7000000001	56388	User_002	2021-11-12	14:23:00	
EINKBELEG	7000000001	56396	User_002	2021-11-12	15:43:15	
EINKBELEG	7000000002	56399	User_002	2021-11-12	16:06:10	
EINKBELEG	7000000002	56401	User_002	2021-11-12	16:06:32	
EINKBELEG	7000000002	56402	User_071	2021-11-12	16:06:33	
EINKBELEG	8000000000	56403	User_002	2021-11-12	16:54:25	
EINKBELEG	8000000000	56406	User_002	2021-11-12	16:56:15	
EINKBELEG	8000000000	56408	User_002	2021-11-12	16:58:29	
EINKBELEG	8000000001	56404	User_002	2021-11-12	16:55:07	
EINKBELEG	8000000001	56405	User_002	2021-11-12	16:55:54	
EINKBELEG	8000000001	56407	User_002	2021-11-12	16:58:18	
