OBJECTCLAS	OBJECTID	CHANGENR	FNAME	VALUE_NEW	VALUE_OLD
EINKBELEG	4500000000	7181	KEY		
EINKBELEG	4500000000	7181	KEY		
EINKBELEG	4500000000	7181	KEY		
EINKBELEG	4500000001	7201	KEY		
EINKBELEG	4500000001	7201	KEY		
EINKBELEG	4500000001	7201	KEY		
EINKBELEG	4500000001	7201	KEY		
EINKBELEG	4500000002	7204	KEY		
EINKBELEG	4500000002	7204	KEY		
EINKBELEG	4500000002	7204	KEY		
EINKBELEG	4500000002	7204	KEY		
EINKBELEG	4500000003	7218	KEY		
EINKBELEG	4500000003	7218	KEY		
EINKBELEG	4500000003	7218	KEY		
EINKBELEG	4500000004	7230	KEY		
EINKBELEG	4500000004	7230	KEY		
EINKBELEG	4500000004	7230	KEY		
EINKBELEG	4500000004	21375	KEY		
EINKBELEG	4500000004	21375	PROCSTAT	03	02
EINKBELEG	4500000004	21375	KEY		
EINKBELEG	4500000004	21376	PROCSTAT	05	03
EINKBELEG	4500000004	21376	RLWRT	141.35	0.00
EINKBELEG	4500000005	7235	KEY		
EINKBELEG	4500000005	7235	KEY		
EINKBELEG	4500000005	7235	KEY		
EINKBELEG	4500000006	7242	KEY		
EINKBELEG	4500000006	7242	KEY		
EINKBELEG	4500000006	7242	KEY		
EINKBELEG	4500000006	7242	KEY		
EINKBELEG	4500000006	9769	FRGKE	2	1
EINKBELEG	4500000006	9769	FRGZU	X	
EINKBELEG	4500000006	9769	PROCSTAT	05	03
EINKBELEG	4500000006	9769	RLWRT	128.50	0.00
EINKBELEG	4500000007	9085	KEY		
EINKBELEG	4500000007	9085	KEY		
EINKBELEG	4500000007	9085	KEY		
EINKBELEG	4500000007	9085	KEY		
EINKBELEG	4500000007	9108	FRGKE	2	1
EINKBELEG	4500000007	9108	FRGZU	X	
EINKBELEG	4500000007	9108	PROCSTAT	05	03
EINKBELEG	4500000007	9108	RLWRT	128.50	0.00
EINKBELEG	4500000008	9748	KEY		
EINKBELEG	4500000008	9748	KEY		
EINKBELEG	4500000008	9748	KEY		
EINKBELEG	4500000008	9777	FRGKE	2	1
EINKBELEG	4500000008	9777	FRGZU	X	
EINKBELEG	4500000008	9777	PROCSTAT	05	03
EINKBELEG	4500000008	9777	RLWRT	4000.00	0.00
EINKBELEG	4500000009	9762	KEY		
EINKBELEG	4500000010	9770	KEY		
EINKBELEG	4500000010	9782	FRGKE	2	1
EINKBELEG	4500000010	9782	FRGZU	X	
EINKBELEG	4500000010	9782	PROCSTAT	05	03
EINKBELEG	4500000010	9782	RLWRT	167.05	0.00
EINKBELEG	4500000011	9772	KEY		
EINKBELEG	4500000011	9772	KEY		
EINKBELEG	4500000011	9772	KEY		
EINKBELEG	4500000011	9783	FRGKE	2	1
EINKBELEG	4500000011	9783	FRGZU	X	
EINKBELEG	4500000011	9783	PROCSTAT	05	03
EINKBELEG	4500000011	9783	RLWRT	141.35	0.00
EINKBELEG	4500000012	9778	KEY		
EINKBELEG	4500000012	9778	KEY		
EINKBELEG	4500000012	9778	KEY		
EINKBELEG	4500000012	9784	FRGKE	2	1
EINKBELEG	4500000012	9784	FRGZU	X	
EINKBELEG	4500000012	9784	PROCSTAT	05	03
EINKBELEG	4500000012	9784	RLWRT	257.00	0.00
EINKBELEG	4500000013	9796	KEY		
EINKBELEG	4500000013	9796	KEY		
EINKBELEG	4500000013	9796	KEY		
EINKBELEG	4500000014	10486	KEY		
EINKBELEG	4500000014	10486	KEY		
EINKBELEG	4500000014	10486	KEY		
EINKBELEG	4500000014	10486	KEY		
EINKBELEG	4500000014	10487	MENGE	330.000	600.000
EINKBELEG	4500000014	10487	MENGE	50.000	550.000
EINKBELEG	4500000014	10487	MENGE	330.000	600.000
EINKBELEG	4500000014	10487	MENGE	50.000	550.000
EINKBELEG	4500000014	10487	BRTWR	28050.00	51000.00
EINKBELEG	4500000014	10487	EFFWR	28050.00	51000.00
EINKBELEG	4500000014	10487	MENGE	330.000	600.000
EINKBELEG	4500000014	10487	NETWR	28050.00	51000.00
EINKBELEG	4500000014	10487	BRTWR	4500.00	49500.00
EINKBELEG	4500000014	10487	EFFWR	4500.00	49500.00
EINKBELEG	4500000014	10487	MENGE	50.000	550.000
EINKBELEG	4500000014	10487	NETWR	4500.00	49500.00
EINKBELEG	4500000014	10488	FRGKE	2	1
EINKBELEG	4500000014	10488	FRGZU	X	
EINKBELEG	4500000014	10488	PROCSTAT	05	03
EINKBELEG	4500000014	10488	RLWRT	32550.00	0.00
EINKBELEG	4500000014	12620	KEY		
EINKBELEG	4500000014	12620	KEY		
EINKBELEG	4500000014	12620	KEY		
EINKBELEG	4500000014	12620	KEY		
EINKBELEG	4500000014	12620	KEY		
EINKBELEG	4500000014	12620	KEY		
EINKBELEG	4500000014	12621	EINDT	20200110	20191109
EINKBELEG	4500000014	12621	EINDT	20200130	20191109
EINKBELEG	4500000014	12621	GRWCU		EUR
EINKBELEG	4500000014	12622	SLFDT	20200110	20191109
EINKBELEG	4500000014	12622	SLFDT	20200130	20191109
EINKBELEG	4500000014	12622	GRWCU	EUR	
EINKBELEG	4500000014	12622	MEINS	ST	H
EINKBELEG	4500000015	11095	KEY		
EINKBELEG	4500000015	11095	KEY		
EINKBELEG	4500000015	11095	KEY		
EINKBELEG	4500000015	11097	FRGKE	2	1
EINKBELEG	4500000015	11097	FRGZU	X	
EINKBELEG	4500000015	11097	PROCSTAT	05	03
EINKBELEG	4500000015	11097	RLWRT	128.50	0.00
EINKBELEG	4500000016	11510	KEY		
EINKBELEG	4500000016	11510	KEY		
EINKBELEG	4500000016	11518	FRGKE	2	1
EINKBELEG	4500000016	11518	FRGZU	X	
EINKBELEG	4500000016	11518	PROCSTAT	05	03
EINKBELEG	4500000016	11518	RLWRT	10000.00	0.00
EINKBELEG	4500000016	11519	MENGE	80.000	10.000
EINKBELEG	4500000016	11519	MENGE	80.000	10.000
EINKBELEG	4500000016	11519	MENGE	80.000	10.000
EINKBELEG	4500000016	11519	NETPR	125.00	1000.00
EINKBELEG	4500000016	11562	KEY		
EINKBELEG	4500000016	11562	GRWCU		EUR
EINKBELEG	4500000016	11562	BSTAE	0001	
EINKBELEG	4500000016	11563	KEY		
EINKBELEG	4500000016	11564	KEY		
EINKBELEG	4500000016	11564	KEY		
EINKBELEG	4500000016	11565	BSTAE		0001
EINKBELEG	4500000016	21468	KEY		
EINKBELEG	4500000016	21468	KEY		
EINKBELEG	4500000016	21468	GRWCU	EUR	
EINKBELEG	4500000016	21468	PROCSTAT	03	05
EINKBELEG	4500000016	21468	KEY		
EINKBELEG	4500000016	21470	PROCSTAT	05	03
EINKBELEG	4500000016	21470	RLWRT	10027.00	10000.00
EINKBELEG	4500000016	21471	PROCSTAT	03	05
EINKBELEG	4500000016	21471	LOEKZ	L	
EINKBELEG	4500000016	21471	STAPO	X	
EINKBELEG	4500000016	21473	PROCSTAT	05	03
EINKBELEG	4500000016	21473	RLWRT	10000.00	10027.00
EINKBELEG	4500000017	11569	KEY		
EINKBELEG	4500000017	11569	KEY		
EINKBELEG	4500000017	11575	FRGKE	2	1
EINKBELEG	4500000017	11575	FRGZU	X	
EINKBELEG	4500000017	11575	PROCSTAT	05	03
EINKBELEG	4500000017	11575	RLWRT	10000.00	0.00
EINKBELEG	4500000018	12089	KEY		
EINKBELEG	4500000018	12089	KEY		
EINKBELEG	4500000018	12089	KEY		
EINKBELEG	4500000018	12089	KEY		
EINKBELEG	4500000019	12098	KEY		
EINKBELEG	4500000019	12098	KEY		
EINKBELEG	4500000019	12098	KEY		
EINKBELEG	4500000019	12098	KEY		
EINKBELEG	4500000019	12103	KEY		
EINKBELEG	4500000019	12103	KNTTP	P	
EINKBELEG	4500000020	12162	KEY		
EINKBELEG	4500000020	12162	KEY		
EINKBELEG	4500000020	12162	KEY		
EINKBELEG	4500000020	12162	KEY		
EINKBELEG	4500000021	12197	KEY		
EINKBELEG	4500000021	12197	KEY		
EINKBELEG	4500000021	12197	KEY		
EINKBELEG	4500000022	12201	KEY		
EINKBELEG	4500000022	12201	KEY		
EINKBELEG	4500000022	12201	KEY		
EINKBELEG	4500000023	12214	KEY		
EINKBELEG	4500000023	12214	KEY		
EINKBELEG	4500000023	12214	KEY		
EINKBELEG	4500000024	12618	KEY		
EINKBELEG	4500000024	12618	KEY		
EINKBELEG	4500000024	12618	KEY		
EINKBELEG	4500000024	12618	KEY		
EINKBELEG	4500000024	12619	FRGKE	2	1
EINKBELEG	4500000024	12619	FRGZU	X	
EINKBELEG	4500000024	12619	PROCSTAT	05	03
EINKBELEG	4500000024	12619	RLWRT	25500.00	0.00
EINKBELEG	4500000024	97467	FRGKE		2
EINKBELEG	4500000024	97467	FRGSX		01
EINKBELEG	4500000024	97467	FRGZU		X
EINKBELEG	4500000024	97467	PROCSTAT	02	05
EINKBELEG	4500000024	97467	AEDAT	20230509	20200106
EINKBELEG	4500000024	97467	LOEKZ	L	
EINKBELEG	4500000024	97467	STAPO	X	
EINKBELEG	4500000025	12623	KEY		
EINKBELEG	4500000025	12623	KEY		
EINKBELEG	4500000025	12623	KEY		
EINKBELEG	4500000025	12623	KEY		
EINKBELEG	4500000026	12624	KEY		
EINKBELEG	4500000026	12624	KEY		
EINKBELEG	4500000027	12671	KEY		
EINKBELEG	4500000027	12671	KEY		
EINKBELEG	4500000027	12671	KEY		
EINKBELEG	4500000027	12671	KEY		
EINKBELEG	4500000028	12871	KEY		
EINKBELEG	4500000028	12871	KEY		
EINKBELEG	4500000028	12871	KEY		
EINKBELEG	4500000028	12871	KEY		
EINKBELEG	4500000028	12872	GRWCU		EUR
EINKBELEG	4500000028	12872	WEPOS		X
EINKBELEG	4500000028	12873	WEPOS	X	
EINKBELEG	4500000028	12879	ZBD1T	30	0
EINKBELEG	4500000028	12879	ZTERM	NT30	0004
EINKBELEG	4500000029	13010	KEY		
EINKBELEG	4500000029	13010	KEY		
EINKBELEG	4500000029	13010	KEY		
EINKBELEG	4500000029	13010	KEY		
EINKBELEG	4500000030	13012	KEY		
EINKBELEG	4500000030	13012	KEY		
EINKBELEG	4500000030	13012	KEY		
EINKBELEG	4500000030	13012	KEY		
EINKBELEG	4500000031	13398	KEY		
EINKBELEG	4500000031	13398	KEY		
EINKBELEG	4500000031	13398	KEY		
EINKBELEG	4500000032	13668	KEY		
EINKBELEG	4500000032	13668	KEY		
EINKBELEG	4500000032	13668	KEY		
EINKBELEG	4500000033	14088	KEY		
EINKBELEG	4500000033	14088	KEY		
EINKBELEG	4500000033	14088	KEY		
EINKBELEG	4500000034	14091	KEY		
EINKBELEG	4500000034	14091	KEY		
EINKBELEG	4500000034	14091	KEY		
EINKBELEG	4500000035	14130	KEY		
EINKBELEG	4500000035	14130	KEY		
EINKBELEG	4500000035	14130	KEY		
EINKBELEG	4500000036	14489	KEY		
EINKBELEG	4500000036	14489	KEY		
EINKBELEG	4500000036	14489	KEY		
EINKBELEG	4500000037	14920	KEY		
EINKBELEG	4500000037	14920	KEY		
EINKBELEG	4500000037	14920	KEY		
EINKBELEG	4500000038	17646	KEY		
EINKBELEG	4500000038	17646	KEY		
EINKBELEG	4500000038	17646	KEY		
EINKBELEG	4500000039	17923	KEY		
EINKBELEG	4500000039	17923	KEY		
EINKBELEG	4500000039	17923	KEY		
EINKBELEG	4500000040	18380	KEY		
EINKBELEG	4500000040	18380	KEY		
EINKBELEG	4500000040	18380	KEY		
EINKBELEG	4500000041	18398	KEY		
EINKBELEG	4500000041	18398	KEY		
EINKBELEG	4500000041	18398	KEY		
EINKBELEG	4500000041	18401	PROCSTAT	08	03
EINKBELEG	4500000041	18402	ADRNR	0000024361	
EINKBELEG	4500000041	18402	ADRNR	0000024362	
EINKBELEG	4500000041	18612	KEY		
EINKBELEG	4500000041	18612	GRWCU		EUR
EINKBELEG	4500000041	18612	AEDAT	20200605	20200602
EINKBELEG	4500000041	18612	BSTAE	0001	
EINKBELEG	4500000042	18431	KEY		
EINKBELEG	4500000042	18431	KEY		
EINKBELEG	4500000042	18431	KEY		
EINKBELEG	4500000042	18435	PROCSTAT	02	03
EINKBELEG	4500000042	18609	KEY		
EINKBELEG	4500000042	18609	GRWCU		EUR
EINKBELEG	4500000042	18609	AEDAT	20200605	20200602
EINKBELEG	4500000042	18609	BSTAE	0001	
EINKBELEG	4500000042	18610	KEY		
EINKBELEG	4500000042	18611	EINDT	20200610	20200603
EINKBELEG	4500000043	18436	KEY		
EINKBELEG	4500000043	18436	KEY		
EINKBELEG	4500000043	18436	KEY		
EINKBELEG	4500000043	18443	ADRNR	0000024363	
EINKBELEG	4500000043	18445	GRWCU		EUR
EINKBELEG	4500000043	18445	BSTAE	0004	
EINKBELEG	4500000044	18437	KEY		
EINKBELEG	4500000044	18437	KEY		
EINKBELEG	4500000044	18437	KEY		
EINKBELEG	4500000045	18439	KEY		
EINKBELEG	4500000045	18439	KEY		
EINKBELEG	4500000045	18439	KEY		
EINKBELEG	4500000046	18442	KEY		
EINKBELEG	4500000046	18442	KEY		
EINKBELEG	4500000046	18442	KEY		
EINKBELEG	4500000047	18446	KEY		
EINKBELEG	4500000047	18446	KEY		
EINKBELEG	4500000047	18446	KEY		
EINKBELEG	4500000047	18447	PROCSTAT	08	03
EINKBELEG	4500000047	18448	PROCSTAT	03	08
EINKBELEG	4500000047	18448	ADRNR	0000024364	
EINKBELEG	4500000047	18450	PROCSTAT	08	03
EINKBELEG	4500000047	18451	PROCSTAT	03	08
EINKBELEG	4500000047	18451	BRTWR	1000.00	10000.00
EINKBELEG	4500000047	18451	EFFWR	1000.00	10000.00
EINKBELEG	4500000047	18451	NETPR	100.00	1000.00
EINKBELEG	4500000047	18451	NETWR	1000.00	10000.00
EINKBELEG	4500000048	18452	KEY		
EINKBELEG	4500000048	18452	KEY		
EINKBELEG	4500000048	18452	KEY		
EINKBELEG	4500000049	18467	KEY		
EINKBELEG	4500000049	18467	KEY		
EINKBELEG	4500000049	18467	KEY		
EINKBELEG	4500000050	18480	KEY		
EINKBELEG	4500000050	18480	KEY		
EINKBELEG	4500000050	18480	KEY		
EINKBELEG	4500000051	18486	KEY		
EINKBELEG	4500000051	18486	KEY		
EINKBELEG	4500000051	18486	KEY		
EINKBELEG	4500000052	18487	KEY		
EINKBELEG	4500000052	18487	KEY		
EINKBELEG	4500000052	18487	KEY		
EINKBELEG	4500000053	18584	KEY		
EINKBELEG	4500000053	18584	KEY		
EINKBELEG	4500000053	18584	KEY		
EINKBELEG	4500000053	18585	EKGRP	003	001
EINKBELEG	4500000053	18585	ADRNR	0000024375	
EINKBELEG	4500000054	18587	KEY		
EINKBELEG	4500000054	18587	KEY		
EINKBELEG	4500000054	18587	KEY		
EINKBELEG	4500000055	18614	KEY		
EINKBELEG	4500000055	18614	KEY		
EINKBELEG	4500000055	18614	KEY		
EINKBELEG	4500000056	18887	KEY		
EINKBELEG	4500000056	18887	KEY		
EINKBELEG	4500000056	18887	KEY		
EINKBELEG	4500000057	18927	KEY		
EINKBELEG	4500000057	18927	KEY		
EINKBELEG	4500000057	18927	KEY		
EINKBELEG	4500000057	19061	PROCSTAT	05	03
EINKBELEG	4500000057	19061	RLWRT	1000.00	0.00
EINKBELEG	4500000058	18929	KEY		
EINKBELEG	4500000058	18929	KEY		
EINKBELEG	4500000058	18929	KEY		
EINKBELEG	4500000058	19131	PROCSTAT	05	03
EINKBELEG	4500000058	19131	RLWRT	10.00	0.00
EINKBELEG	4500000059	18957	KEY		
EINKBELEG	4500000059	18957	KEY		
EINKBELEG	4500000059	18957	KEY		
EINKBELEG	4500000059	19132	PROCSTAT	05	03
EINKBELEG	4500000059	19132	RLWRT	300.00	0.00
EINKBELEG	4500000060	18965	KEY		
EINKBELEG	4500000060	18965	KEY		
EINKBELEG	4500000060	18965	KEY		
EINKBELEG	4500000060	19062	PROCSTAT	05	03
EINKBELEG	4500000060	19062	RLWRT	1000.00	0.00
EINKBELEG	4500000061	18966	KEY		
EINKBELEG	4500000061	18966	KEY		
EINKBELEG	4500000061	18966	KEY		
EINKBELEG	4500000061	18967	PROCSTAT	08	03
EINKBELEG	4500000061	18968	EKGRP	001	003
EINKBELEG	4500000061	18968	PROCSTAT	03	08
EINKBELEG	4500000061	18968	ADRNR	0000024475	
EINKBELEG	4500000061	19021	PROCSTAT	08	03
EINKBELEG	4500000061	19022	AEDAT	20200618	20200616
EINKBELEG	4500000062	19024	KEY		
EINKBELEG	4500000062	19024	KEY		
EINKBELEG	4500000062	19024	KEY		
EINKBELEG	4500000062	19063	PROCSTAT	05	03
EINKBELEG	4500000062	19063	RLWRT	1000.00	0.00
EINKBELEG	4500000063	19026	KEY		
EINKBELEG	4500000063	19026	KEY		
EINKBELEG	4500000063	19026	KEY		
EINKBELEG	4500000064	19027	KEY		
EINKBELEG	4500000064	19027	KEY		
EINKBELEG	4500000064	19027	KEY		
EINKBELEG	4500000065	19028	KEY		
EINKBELEG	4500000065	19028	KEY		
EINKBELEG	4500000065	19028	KEY		
EINKBELEG	4500000066	19029	KEY		
EINKBELEG	4500000066	19029	KEY		
EINKBELEG	4500000066	19029	KEY		
EINKBELEG	4500000066	19034	PROCSTAT	08	03
EINKBELEG	4500000067	19030	KEY		
EINKBELEG	4500000067	19030	KEY		
EINKBELEG	4500000067	19030	KEY		
EINKBELEG	4500000067	19133	PROCSTAT	05	03
EINKBELEG	4500000067	19133	RLWRT	100.00	0.00
EINKBELEG	4500000068	19035	KEY		
EINKBELEG	4500000068	19035	KEY		
EINKBELEG	4500000068	19035	KEY		
EINKBELEG	4500000069	19036	KEY		
EINKBELEG	4500000069	19036	KEY		
EINKBELEG	4500000069	19036	KEY		
EINKBELEG	4500000069	19042	PROCSTAT	05	03
EINKBELEG	4500000069	19042	RLWRT	1000.00	0.00
EINKBELEG	4500000070	19038	KEY		
EINKBELEG	4500000070	19038	KEY		
EINKBELEG	4500000070	19038	KEY		
EINKBELEG	4500000070	19065	PROCSTAT	05	03
EINKBELEG	4500000070	19065	RLWRT	10000.00	0.00
EINKBELEG	4500000071	19039	KEY		
EINKBELEG	4500000071	19039	KEY		
EINKBELEG	4500000071	19039	KEY		
EINKBELEG	4500000071	19040	PROCSTAT	05	03
EINKBELEG	4500000071	19040	RLWRT	1000.00	0.00
EINKBELEG	4500000072	19041	KEY		
EINKBELEG	4500000072	19041	KEY		
EINKBELEG	4500000072	19041	KEY		
EINKBELEG	4500000072	19044	PROCSTAT	05	03
EINKBELEG	4500000072	19044	RLWRT	1000.00	0.00
EINKBELEG	4500000073	19043	KEY		
EINKBELEG	4500000073	19043	KEY		
EINKBELEG	4500000073	19043	KEY		
EINKBELEG	4500000073	19045	PROCSTAT	05	03
EINKBELEG	4500000073	19045	RLWRT	10000.00	0.00
EINKBELEG	4500000074	19064	KEY		
EINKBELEG	4500000074	19064	KEY		
EINKBELEG	4500000074	19064	KEY		
EINKBELEG	4500000074	19066	PROCSTAT	05	03
EINKBELEG	4500000074	19066	RLWRT	10000.00	0.00
EINKBELEG	4500000075	19070	KEY		
EINKBELEG	4500000075	19070	KEY		
EINKBELEG	4500000075	19070	KEY		
EINKBELEG	4500000076	19071	KEY		
EINKBELEG	4500000076	19071	KEY		
EINKBELEG	4500000076	19071	KEY		
EINKBELEG	4500000076	19072	PROCSTAT	05	03
EINKBELEG	4500000076	19072	RLWRT	100.00	0.00
EINKBELEG	4500000077	19073	KEY		
EINKBELEG	4500000077	19073	KEY		
EINKBELEG	4500000077	19073	KEY		
EINKBELEG	4500000077	19074	PROCSTAT	05	03
EINKBELEG	4500000077	19074	RLWRT	1000.00	0.00
EINKBELEG	4500000078	19076	KEY		
EINKBELEG	4500000078	19076	KEY		
EINKBELEG	4500000078	19076	KEY		
EINKBELEG	4500000078	19090	PROCSTAT	05	03
EINKBELEG	4500000078	19090	RLWRT	1000.00	0.00
EINKBELEG	4500000079	19077	KEY		
EINKBELEG	4500000079	19077	KEY		
EINKBELEG	4500000079	19077	KEY		
EINKBELEG	4500000079	19078	PROCSTAT	05	03
EINKBELEG	4500000079	19078	RLWRT	1000.00	0.00
EINKBELEG	4500000079	19079	KEY		
EINKBELEG	4500000079	19079	ADRNR	0000024515	
EINKBELEG	4500000079	19079	KNTTP	K	
EINKBELEG	4500000079	19088	GRWCU		EUR
EINKBELEG	4500000080	19081	KEY		
EINKBELEG	4500000080	19081	KEY		
EINKBELEG	4500000080	19081	KEY		
EINKBELEG	4500000081	19082	KEY		
EINKBELEG	4500000081	19082	KEY		
EINKBELEG	4500000081	19082	KEY		
EINKBELEG	4500000081	19089	PROCSTAT	05	03
EINKBELEG	4500000081	19089	RLWRT	1000.00	0.00
EINKBELEG	4500000082	19084	KEY		
EINKBELEG	4500000082	19084	KEY		
EINKBELEG	4500000082	19084	KEY		
EINKBELEG	4500000082	19085	PROCSTAT	05	03
EINKBELEG	4500000082	19085	RLWRT	100.00	0.00
EINKBELEG	4500000082	19086	ADRNR	0000024516	
EINKBELEG	4500000083	19109	KEY		
EINKBELEG	4500000083	19109	KEY		
EINKBELEG	4500000083	19109	KEY		
EINKBELEG	4500000084	19110	KEY		
EINKBELEG	4500000084	19110	KEY		
EINKBELEG	4500000084	19110	KEY		
EINKBELEG	4500000084	19113	PROCSTAT	05	03
EINKBELEG	4500000084	19113	RLWRT	10000.00	0.00
EINKBELEG	4500000085	19111	KEY		
EINKBELEG	4500000085	19111	KEY		
EINKBELEG	4500000085	19111	KEY		
EINKBELEG	4500000085	19112	PROCSTAT	05	03
EINKBELEG	4500000085	19112	RLWRT	100.00	0.00
EINKBELEG	4500000086	19114	KEY		
EINKBELEG	4500000086	19114	KEY		
EINKBELEG	4500000086	19114	KEY		
EINKBELEG	4500000086	19277	PROCSTAT	05	03
EINKBELEG	4500000086	19277	RLWRT	1000.00	0.00
EINKBELEG	4500000087	19115	KEY		
EINKBELEG	4500000087	19115	KEY		
EINKBELEG	4500000087	19115	KEY		
EINKBELEG	4500000087	19116	PROCSTAT	08	03
EINKBELEG	4500000087	19117	KEY		
EINKBELEG	4500000087	19117	ADRNR	0000024517	
EINKBELEG	4500000087	19117	KNTTP	K	
EINKBELEG	4500000088	19119	KEY		
EINKBELEG	4500000088	19119	KEY		
EINKBELEG	4500000088	19119	KEY		
EINKBELEG	4500000088	19276	PROCSTAT	05	03
EINKBELEG	4500000088	19276	RLWRT	1000.00	0.00
EINKBELEG	4500000089	19120	KEY		
EINKBELEG	4500000089	19120	KEY		
EINKBELEG	4500000089	19120	KEY		
EINKBELEG	4500000089	19134	PROCSTAT	05	03
EINKBELEG	4500000089	19134	RLWRT	1000.00	0.00
EINKBELEG	4500000089	19135	PROCSTAT	03	05
EINKBELEG	4500000089	19135	ADRNR	0000024535	
EINKBELEG	4500000089	19135	AEDAT	20200623	20200622
EINKBELEG	4500000089	19135	BRTWR	20000.00	1000.00
EINKBELEG	4500000089	19135	EFFWR	20000.00	1000.00
EINKBELEG	4500000089	19135	NETPR	200.00	10.00
EINKBELEG	4500000089	19135	NETWR	20000.00	1000.00
EINKBELEG	4500000089	19135	XOBLR	X	
EINKBELEG	4500000089	19137	PROCSTAT	05	03
EINKBELEG	4500000089	19137	RLWRT	20000.00	1000.00
EINKBELEG	4500000090	19121	KEY		
EINKBELEG	4500000090	19121	KEY		
EINKBELEG	4500000090	19121	KEY		
EINKBELEG	4500000090	19122	PROCSTAT	05	03
EINKBELEG	4500000090	19122	RLWRT	100.00	0.00
EINKBELEG	4500000091	19143	KEY		
EINKBELEG	4500000091	19143	KEY		
EINKBELEG	4500000091	19143	KEY		
EINKBELEG	4500000091	19144	PROCSTAT	05	03
EINKBELEG	4500000091	19144	RLWRT	1000.00	0.00
EINKBELEG	4500000091	19145	PROCSTAT	03	05
EINKBELEG	4500000091	19145	ADRNR	0000024536	
EINKBELEG	4500000091	19145	BRTWR	2000.00	1000.00
EINKBELEG	4500000091	19145	EFFWR	2000.00	1000.00
EINKBELEG	4500000091	19145	NETPR	20.00	10.00
EINKBELEG	4500000091	19145	NETWR	2000.00	1000.00
EINKBELEG	4500000091	19145	XOBLR	X	
EINKBELEG	4500000091	19147	PROCSTAT	05	03
EINKBELEG	4500000091	19147	RLWRT	2000.00	1000.00
EINKBELEG	4500000091	19148	GRWCU		EUR
EINKBELEG	4500000092	19177	KEY		
EINKBELEG	4500000092	19177	KEY		
EINKBELEG	4500000092	19177	KEY		
EINKBELEG	4500000092	19179	PROCSTAT	05	03
EINKBELEG	4500000092	19179	RLWRT	1.00	0.00
EINKBELEG	4500000092	22419	PROCSTAT	03	05
EINKBELEG	4500000092	22419	AEDAT	20201027	20200623
EINKBELEG	4500000092	22419	LOEKZ	L	
EINKBELEG	4500000092	22419	STAPO	X	
EINKBELEG	4500000093	19232	KEY		
EINKBELEG	4500000093	19232	KEY		
EINKBELEG	4500000093	19232	KEY		
EINKBELEG	4500000093	19234	PROCSTAT	05	03
EINKBELEG	4500000093	19234	RLWRT	100.00	0.00
EINKBELEG	4500000094	19235	KEY		
EINKBELEG	4500000094	19235	KEY		
EINKBELEG	4500000094	19235	KEY		
EINKBELEG	4500000094	19237	PROCSTAT	05	03
EINKBELEG	4500000094	19237	RLWRT	400.00	0.00
EINKBELEG	4500000095	19238	KEY		
EINKBELEG	4500000095	19238	KEY		
EINKBELEG	4500000095	19238	KEY		
EINKBELEG	4500000095	19239	PROCSTAT	05	03
EINKBELEG	4500000095	19239	RLWRT	120.00	0.00
EINKBELEG	4500000095	19240	EINDT	20200729	20200929
EINKBELEG	4500000095	19240	ENDDATE	20200729	20200929
EINKBELEG	4500000095	19240	MENGE	11.000	12.000
EINKBELEG	4500000095	19240	SLFDT	20200729	20200929
EINKBELEG	4500000095	19240	KEY		
EINKBELEG	4500000095	19240	KOSTL	1000_007	1000_006
EINKBELEG	4500000095	19240	MENGE	3.300	12.000
EINKBELEG	4500000095	19240	NETWR	66.00	0.00
EINKBELEG	4500000095	19240	VPROZ	30.0	0.0
EINKBELEG	4500000095	19240	KEY		
EINKBELEG	4500000095	19240	KEY		
EINKBELEG	4500000095	19240	PROCSTAT	03	05
EINKBELEG	4500000095	19240	ADRNR	0000024545	
EINKBELEG	4500000095	19240	BERID	1000	
EINKBELEG	4500000095	19240	BRTWR	220.00	120.00
EINKBELEG	4500000095	19240	EFFWR	220.00	120.00
EINKBELEG	4500000095	19240	EMATN	SM0001	
EINKBELEG	4500000095	19240	GEWEI	KG	
EINKBELEG	4500000095	19240	INFNR	5300000077	
EINKBELEG	4500000095	19240	LMEIN	H	
EINKBELEG	4500000095	19240	MATNR	SM0001	
EINKBELEG	4500000095	19240	MENGE	11.000	12.000
EINKBELEG	4500000095	19240	MTART	SERV	
EINKBELEG	4500000095	19240	NETPR	20.00	10.00
EINKBELEG	4500000095	19240	NETWR	220.00	120.00
EINKBELEG	4500000095	19240	SPINF	C	
EINKBELEG	4500000095	19240	TWRKZ	2	
EINKBELEG	4500000095	19240	TXZ01	Srvice procurement case 2	Service Procurement case 1
EINKBELEG	4500000095	19240	UMREN	1	0
EINKBELEG	4500000095	19240	UMREZ	1	0
EINKBELEG	4500000095	19240	VRTKZ	2	
EINKBELEG	4500000095	19240	XOBLR	X	
EINKBELEG	4500000095	19240	KEY		
EINKBELEG	4500000095	19242	PROCSTAT	05	03
EINKBELEG	4500000095	19242	RLWRT	480.00	120.00
EINKBELEG	4500000095	19243	ADRNR	0000024546	
EINKBELEG	4500000095	19243	XOBLR	X	
EINKBELEG	4500000096	19253	KEY		
EINKBELEG	4500000096	19253	KEY		
EINKBELEG	4500000096	19253	KEY		
EINKBELEG	4500000096	19256	PROCSTAT	05	03
EINKBELEG	4500000096	19256	RLWRT	480.00	0.00
EINKBELEG	4500000096	19257	NETWR	330.00	66.00
EINKBELEG	4500000096	19257	NETWR	770.00	154.00
EINKBELEG	4500000096	19257	PROCSTAT	03	05
EINKBELEG	4500000096	19257	BRTWR	1100.00	220.00
EINKBELEG	4500000096	19257	EFFWR	1100.00	220.00
EINKBELEG	4500000096	19257	NETPR	100.00	20.00
EINKBELEG	4500000096	19257	NETWR	1100.00	220.00
EINKBELEG	4500000096	19257	BRTWR	1300.00	260.00
EINKBELEG	4500000096	19257	EFFWR	1300.00	260.00
EINKBELEG	4500000096	19257	NETPR	100.00	20.00
EINKBELEG	4500000096	19257	NETWR	1300.00	260.00
EINKBELEG	4500000096	19257	XOBLR	X	
EINKBELEG	4500000096	19259	PROCSTAT	05	03
EINKBELEG	4500000096	19259	RLWRT	2400.00	480.00
EINKBELEG	4500000097	19279	KEY		
EINKBELEG	4500000097	19279	KEY		
EINKBELEG	4500000097	19279	KEY		
EINKBELEG	4500000097	19279	KEY		
EINKBELEG	4500000097	19280	PROCSTAT	05	03
EINKBELEG	4500000097	19280	RLWRT	100.00	0.00
EINKBELEG	4500000097	19315	KEY		
EINKBELEG	4500000097	19315	AEDAT	20200701	20200630
EINKBELEG	4500000097	19315	KNTTP	F	
EINKBELEG	4500000098	19284	KEY		
EINKBELEG	4500000098	19284	KEY		
EINKBELEG	4500000098	19284	KEY		
EINKBELEG	4500000098	19286	PROCSTAT	05	03
EINKBELEG	4500000098	19286	RLWRT	200.00	0.00
EINKBELEG	4500000098	19287	ADRNR	0000024555	
EINKBELEG	4500000098	19287	MWSKZ	A8	
EINKBELEG	4500000099	19289	KEY		
EINKBELEG	4500000099	19289	KEY		
EINKBELEG	4500000099	19289	KEY		
EINKBELEG	4500000099	19290	PROCSTAT	05	03
EINKBELEG	4500000099	19290	RLWRT	200.00	0.00
EINKBELEG	4500000100	19432	KEY		
EINKBELEG	4500000100	19432	KEY		
EINKBELEG	4500000100	19432	KEY		
EINKBELEG	4500000100	19432	KEY		
EINKBELEG	4500000100	19433	PROCSTAT	05	03
EINKBELEG	4500000100	19433	RLWRT	4000.00	0.00
EINKBELEG	4500000100	21140	EINDT	20200808	20200707
EINKBELEG	4500000100	21140	MENGE	1.000	1000.000
EINKBELEG	4500000100	21140	PROCSTAT	03	05
EINKBELEG	4500000100	21140	AEDAT	20200807	20200707
EINKBELEG	4500000100	21140	BRTWR	4.00	4000.00
EINKBELEG	4500000100	21140	EFFWR	4.00	4000.00
EINKBELEG	4500000100	21140	MENGE	1.000	1000.000
EINKBELEG	4500000100	21140	NETWR	4.00	4000.00
EINKBELEG	4500000100	21141	PROCSTAT	05	03
EINKBELEG	4500000100	21141	RLWRT	4.00	4000.00
EINKBELEG	4500000101	19457	KEY		
EINKBELEG	4500000101	19457	KEY		
EINKBELEG	4500000101	19459	PROCSTAT	05	03
EINKBELEG	4500000101	19459	RLWRT	88.00	0.00
EINKBELEG	4500000102	19462	KEY		
EINKBELEG	4500000102	19462	KEY		
EINKBELEG	4500000102	19464	PROCSTAT	05	03
EINKBELEG	4500000102	19464	RLWRT	1760.00	0.00
EINKBELEG	4500000103	20020	KEY		
EINKBELEG	4500000103	20020	KEY		
EINKBELEG	4500000103	20020	KEY		
EINKBELEG	4500000103	20020	KEY		
EINKBELEG	4500000103	20021	PROCSTAT	05	03
EINKBELEG	4500000103	20021	RLWRT	30.00	0.00
EINKBELEG	4500000104	20147	KEY		
EINKBELEG	4500000104	20147	KEY		
EINKBELEG	4500000104	20147	KEY		
EINKBELEG	4500000104	20147	KEY		
EINKBELEG	4500000104	20148	PROCSTAT	05	03
EINKBELEG	4500000104	20148	RLWRT	400.00	0.00
EINKBELEG	4500000105	20343	KEY		
EINKBELEG	4500000105	20343	KEY		
EINKBELEG	4500000105	20343	KEY		
EINKBELEG	4500000105	20344	PROCSTAT	05	03
EINKBELEG	4500000105	20344	RLWRT	8.00	0.00
EINKBELEG	4500000106	20420	KEY		
EINKBELEG	4500000106	20420	KEY		
EINKBELEG	4500000106	20420	KEY		
EINKBELEG	4500000106	20422	PROCSTAT	05	03
EINKBELEG	4500000106	20422	RLWRT	20.00	0.00
EINKBELEG	4500000107	20423	KEY		
EINKBELEG	4500000107	20423	KEY		
EINKBELEG	4500000107	20423	KEY		
EINKBELEG	4500000107	20423	KEY		
EINKBELEG	4500000107	20424	PROCSTAT	05	03
EINKBELEG	4500000107	20424	RLWRT	10.00	0.00
EINKBELEG	4500000108	20466	KEY		
EINKBELEG	4500000108	20466	KEY		
EINKBELEG	4500000108	20466	KEY		
EINKBELEG	4500000108	20468	PROCSTAT	05	03
EINKBELEG	4500000108	20468	RLWRT	20.00	0.00
EINKBELEG	4500000109	20492	KEY		
EINKBELEG	4500000109	20492	KEY		
EINKBELEG	4500000109	20492	KEY		
EINKBELEG	4500000109	20492	KEY		
EINKBELEG	4500000109	20495	PROCSTAT	05	03
EINKBELEG	4500000109	20495	RLWRT	4.00	0.00
EINKBELEG	4500000110	20493	KEY		
EINKBELEG	4500000110	20493	KEY		
EINKBELEG	4500000110	20493	KEY		
EINKBELEG	4500000110	20493	KEY		
EINKBELEG	4500000110	20494	PROCSTAT	05	03
EINKBELEG	4500000110	20494	RLWRT	100.00	0.00
EINKBELEG	4500000111	20506	KEY		
EINKBELEG	4500000111	20506	KEY		
EINKBELEG	4500000111	20506	KEY		
EINKBELEG	4500000111	20508	PROCSTAT	05	03
EINKBELEG	4500000111	20508	RLWRT	100.00	0.00
EINKBELEG	4500000112	20517	KEY		
EINKBELEG	4500000112	20517	KEY		
EINKBELEG	4500000112	20517	KEY		
EINKBELEG	4500000112	20519	PROCSTAT	05	03
EINKBELEG	4500000112	20519	RLWRT	250.00	0.00
EINKBELEG	4500000113	20523	KEY		
EINKBELEG	4500000113	20523	KEY		
EINKBELEG	4500000113	20523	KEY		
EINKBELEG	4500000113	20525	PROCSTAT	05	03
EINKBELEG	4500000113	20525	RLWRT	125.00	0.00
EINKBELEG	4500000114	20529	KEY		
EINKBELEG	4500000114	20529	KEY		
EINKBELEG	4500000114	20529	KEY		
EINKBELEG	4500000114	20531	PROCSTAT	05	03
EINKBELEG	4500000114	20531	RLWRT	250.00	0.00
EINKBELEG	4500000115	20535	KEY		
EINKBELEG	4500000115	20535	KEY		
EINKBELEG	4500000115	20535	KEY		
EINKBELEG	4500000115	20537	PROCSTAT	05	03
EINKBELEG	4500000115	20537	RLWRT	250.00	0.00
EINKBELEG	4500000116	20539	KEY		
EINKBELEG	4500000116	20539	KEY		
EINKBELEG	4500000116	20539	KEY		
EINKBELEG	4500000116	20539	KEY		
EINKBELEG	4500000116	20540	PROCSTAT	05	03
EINKBELEG	4500000116	20540	RLWRT	4.00	0.00
EINKBELEG	4500000117	20554	KEY		
EINKBELEG	4500000117	20554	KEY		
EINKBELEG	4500000117	20554	KEY		
EINKBELEG	4500000117	20554	KEY		
EINKBELEG	4500000117	20555	PROCSTAT	05	03
EINKBELEG	4500000117	20555	RLWRT	100.00	0.00
EINKBELEG	4500000118	20689	KEY		
EINKBELEG	4500000118	20689	KEY		
EINKBELEG	4500000118	20689	KEY		
EINKBELEG	4500000118	20691	PROCSTAT	05	03
EINKBELEG	4500000118	20691	RLWRT	650.00	0.00
EINKBELEG	4500000119	21013	KEY		
EINKBELEG	4500000119	21013	KEY		
EINKBELEG	4500000119	21013	KEY		
EINKBELEG	4500000119	21013	KEY		
EINKBELEG	4500000119	21014	PROCSTAT	05	03
EINKBELEG	4500000119	21014	RLWRT	100.00	0.00
EINKBELEG	4500000120	21045	KEY		
EINKBELEG	4500000120	21045	KEY		
EINKBELEG	4500000120	21045	KEY		
EINKBELEG	4500000120	21045	KEY		
EINKBELEG	4500000120	21047	PROCSTAT	05	03
EINKBELEG	4500000120	21047	RLWRT	100.00	0.00
EINKBELEG	4500000121	21065	KEY		
EINKBELEG	4500000121	21065	KEY		
EINKBELEG	4500000121	21065	KEY		
EINKBELEG	4500000121	21067	PROCSTAT	05	03
EINKBELEG	4500000121	21067	RLWRT	100.00	0.00
EINKBELEG	4500000122	21073	KEY		
EINKBELEG	4500000122	21073	KEY		
EINKBELEG	4500000122	21073	KEY		
EINKBELEG	4500000122	21075	PROCSTAT	05	03
EINKBELEG	4500000122	21075	RLWRT	250.00	0.00
EINKBELEG	4500000123	21090	KEY		
EINKBELEG	4500000123	21090	KEY		
EINKBELEG	4500000123	21090	KEY		
EINKBELEG	4500000123	21092	PROCSTAT	05	03
EINKBELEG	4500000123	21092	RLWRT	250.00	0.00
EINKBELEG	4500000124	21096	KEY		
EINKBELEG	4500000124	21096	KEY		
EINKBELEG	4500000124	21096	KEY		
EINKBELEG	4500000124	21098	PROCSTAT	05	03
EINKBELEG	4500000124	21098	RLWRT	650.00	0.00
EINKBELEG	4500000125	21131	KEY		
EINKBELEG	4500000125	21131	KEY		
EINKBELEG	4500000125	21131	KEY		
EINKBELEG	4500000125	21133	PROCSTAT	05	03
EINKBELEG	4500000125	21133	RLWRT	0.59	0.00
EINKBELEG	4500000126	21134	KEY		
EINKBELEG	4500000126	21134	KEY		
EINKBELEG	4500000126	21134	KEY		
EINKBELEG	4500000126	21135	PROCSTAT	05	03
EINKBELEG	4500000126	21135	RLWRT	0.59	0.00
EINKBELEG	4500000127	21167	KEY		
EINKBELEG	4500000127	21167	KEY		
EINKBELEG	4500000127	21167	KEY		
EINKBELEG	4500000127	21168	PROCSTAT	05	03
EINKBELEG	4500000127	21168	RLWRT	0.59	0.00
EINKBELEG	4500000128	21187	KEY		
EINKBELEG	4500000128	21187	KEY		
EINKBELEG	4500000128	21187	KEY		
EINKBELEG	4500000128	21189	PROCSTAT	05	03
EINKBELEG	4500000128	21189	RLWRT	100.00	0.00
EINKBELEG	4500000128	21191	GRWCU		EUR
EINKBELEG	4500000128	21191	ADRN2	0000023709	
EINKBELEG	4500000128	21191	LGORT	1000	
EINKBELEG	4500000129	21193	KEY		
EINKBELEG	4500000129	21193	KEY		
EINKBELEG	4500000129	21193	KEY		
EINKBELEG	4500000129	21195	PROCSTAT	05	03
EINKBELEG	4500000129	21195	RLWRT	200.00	0.00
EINKBELEG	4500000130	21198	KEY		
EINKBELEG	4500000130	21198	KEY		
EINKBELEG	4500000130	21198	KEY		
EINKBELEG	4500000130	21200	PROCSTAT	05	03
EINKBELEG	4500000130	21200	RLWRT	100.00	0.00
EINKBELEG	4500000131	21222	KEY		
EINKBELEG	4500000131	21222	KEY		
EINKBELEG	4500000131	21222	KEY		
EINKBELEG	4500000131	21224	PROCSTAT	05	03
EINKBELEG	4500000131	21224	RLWRT	750.00	0.00
EINKBELEG	4500000132	21232	KEY		
EINKBELEG	4500000132	21232	KEY		
EINKBELEG	4500000132	21232	KEY		
EINKBELEG	4500000132	21234	PROCSTAT	05	03
EINKBELEG	4500000132	21234	RLWRT	100.00	0.00
EINKBELEG	4500000133	21290	KEY		
EINKBELEG	4500000133	21290	KEY		
EINKBELEG	4500000133	21290	KEY		
EINKBELEG	4500000133	21292	PROCSTAT	05	03
EINKBELEG	4500000133	21292	RLWRT	750.00	0.00
EINKBELEG	4500000133	21293	CHARG	DEFECTIVE	
EINKBELEG	4500000133	21293	GRWCU		EUR
EINKBELEG	4500000134	21372	KEY		
EINKBELEG	4500000134	21372	KEY		
EINKBELEG	4500000134	21372	KEY		
EINKBELEG	4500000134	21374	PROCSTAT	05	03
EINKBELEG	4500000134	21374	RLWRT	250.00	0.00
EINKBELEG	4500000135	21409	KEY		
EINKBELEG	4500000135	21409	KEY		
EINKBELEG	4500000135	21409	KEY		
EINKBELEG	4500000135	21411	PROCSTAT	05	03
EINKBELEG	4500000135	21411	RLWRT	100.00	0.00
EINKBELEG	4500000136	21437	KEY		
EINKBELEG	4500000136	21437	KEY		
EINKBELEG	4500000136	21437	KEY		
EINKBELEG	4500000136	21439	PROCSTAT	05	03
EINKBELEG	4500000136	21439	RLWRT	250.00	0.00
EINKBELEG	4500000137	21463	KEY		
EINKBELEG	4500000137	21463	KEY		
EINKBELEG	4500000137	21463	KEY		
EINKBELEG	4500000137	21465	PROCSTAT	05	03
EINKBELEG	4500000137	21465	RLWRT	250.00	0.00
EINKBELEG	4500000137	21475	KEY		
EINKBELEG	4500000137	21475	KEY		
EINKBELEG	4500000137	21475	PROCSTAT	03	05
EINKBELEG	4500000137	21475	KEY		
EINKBELEG	4500000137	21477	PROCSTAT	05	03
EINKBELEG	4500000137	21477	RLWRT	277.00	250.00
EINKBELEG	4500000138	21479	KEY		
EINKBELEG	4500000138	21479	KEY		
EINKBELEG	4500000138	21479	KEY		
EINKBELEG	4500000138	21479	KEY		
EINKBELEG	4500000138	21480	PROCSTAT	05	03
EINKBELEG	4500000138	21480	RLWRT	785.00	0.00
EINKBELEG	4500000139	21481	KEY		
EINKBELEG	4500000139	21481	KEY		
EINKBELEG	4500000139	21483	PROCSTAT	05	03
EINKBELEG	4500000139	21483	RLWRT	500.00	0.00
EINKBELEG	4500000140	21484	KEY		
EINKBELEG	4500000140	21484	KEY		
EINKBELEG	4500000140	21486	PROCSTAT	05	03
EINKBELEG	4500000140	21486	RLWRT	50.00	0.00
EINKBELEG	4500000141	21508	KEY		
EINKBELEG	4500000141	21508	KEY		
EINKBELEG	4500000141	21508	KEY		
EINKBELEG	4500000141	21511	PROCSTAT	05	03
EINKBELEG	4500000141	21511	RLWRT	52.00	0.00
EINKBELEG	4500000142	21515	KEY		
EINKBELEG	4500000142	21515	KEY		
EINKBELEG	4500000142	21515	KEY		
EINKBELEG	4500000142	21517	PROCSTAT	05	03
EINKBELEG	4500000142	21517	RLWRT	25.00	0.00
EINKBELEG	4500000143	21522	KEY		
EINKBELEG	4500000143	21522	KEY		
EINKBELEG	4500000143	21522	KEY		
EINKBELEG	4500000143	21524	PROCSTAT	05	03
EINKBELEG	4500000143	21524	RLWRT	100.00	0.00
EINKBELEG	4500000144	21526	KEY		
EINKBELEG	4500000144	21526	KEY		
EINKBELEG	4500000144	21526	KEY		
EINKBELEG	4500000144	21528	PROCSTAT	05	03
EINKBELEG	4500000144	21528	RLWRT	250.00	0.00
EINKBELEG	4500000145	21570	KEY		
EINKBELEG	4500000145	21570	KEY		
EINKBELEG	4500000145	21570	KEY		
EINKBELEG	4500000145	21572	PROCSTAT	05	03
EINKBELEG	4500000145	21572	RLWRT	1000.00	0.00
EINKBELEG	4500000146	21929	KEY		
EINKBELEG	4500000146	21929	KEY		
EINKBELEG	4500000146	21929	KEY		
EINKBELEG	4500000146	21931	PROCSTAT	05	03
EINKBELEG	4500000146	21931	RLWRT	1000.00	0.00
EINKBELEG	4500000147	22429	KEY		
EINKBELEG	4500000147	22429	KEY		
EINKBELEG	4500000147	22429	KEY		
EINKBELEG	4500000147	22435	PROCSTAT	08	03
EINKBELEG	4500000147	22437	PROCSTAT	03	08
EINKBELEG	4500000147	22437	AEDAT	20201028	20201027
EINKBELEG	4500000147	22437	LOEKZ	L	
EINKBELEG	4500000147	22437	STAPO	X	
EINKBELEG	4500000148	22439	KEY		
EINKBELEG	4500000149	22444	KEY		
EINKBELEG	4500000150	22525	KEY		
EINKBELEG	4500000150	22525	KEY		
EINKBELEG	4500000150	22525	KEY		
EINKBELEG	4500000151	22528	KEY		
EINKBELEG	4500000151	22528	KEY		
EINKBELEG	4500000151	22528	KEY		
EINKBELEG	4500000152	22534	KEY		
EINKBELEG	4500000152	22534	KEY		
EINKBELEG	4500000152	22534	KEY		
EINKBELEG	4500000153	22542	KEY		
EINKBELEG	4500000153	22542	KEY		
EINKBELEG	4500000153	22542	KEY		
EINKBELEG	4500000154	22587	KEY		
EINKBELEG	4500000154	22587	KEY		
EINKBELEG	4500000154	22587	KEY		
EINKBELEG	4500000155	23378	KEY		
EINKBELEG	4500000155	23378	KEY		
EINKBELEG	4500000155	23378	KEY		
EINKBELEG	4500000156	23388	KEY		
EINKBELEG	4500000156	23388	KEY		
EINKBELEG	4500000156	23388	KEY		
EINKBELEG	4500000157	23988	KEY		
EINKBELEG	4500000157	23988	KEY		
EINKBELEG	4500000157	23988	KEY		
EINKBELEG	4500000158	24189	KEY		
EINKBELEG	4500000158	24189	KEY		
EINKBELEG	4500000158	24189	KEY		
EINKBELEG	4500000159	24286	KEY		
EINKBELEG	4500000159	24286	KEY		
EINKBELEG	4500000159	24286	KEY		
EINKBELEG	4500000160	24390	KEY		
EINKBELEG	4500000160	24390	KEY		
EINKBELEG	4500000160	24390	KEY		
EINKBELEG	4500000160	24407	FRGKE	2	1
EINKBELEG	4500000160	24407	FRGZU	X	
EINKBELEG	4500000160	24407	PROCSTAT	05	03
EINKBELEG	4500000160	24407	RLWRT	120.00	0.00
EINKBELEG	4500000161	24596	KEY		
EINKBELEG	4500000161	24596	KEY		
EINKBELEG	4500000162	24600	KEY		
EINKBELEG	4500000162	24600	KEY		
EINKBELEG	4500000163	24611	KEY		
EINKBELEG	4500000163	24611	KEY		
EINKBELEG	4500000164	24750	KEY		
EINKBELEG	4500000164	24750	KEY		
EINKBELEG	4500000165	24754	KEY		
EINKBELEG	4500000165	24754	KEY		
EINKBELEG	4500000166	24771	KEY		
EINKBELEG	4500000166	24771	KEY		
EINKBELEG	4500000167	24775	KEY		
EINKBELEG	4500000167	24775	KEY		
EINKBELEG	4500000168	24785	KEY		
EINKBELEG	4500000168	24785	KEY		
EINKBELEG	4500000169	24788	KEY		
EINKBELEG	4500000169	24788	KEY		
EINKBELEG	4500000170	24791	KEY		
EINKBELEG	4500000170	24791	KEY		
EINKBELEG	4500000171	24794	KEY		
EINKBELEG	4500000171	24794	KEY		
EINKBELEG	4500000172	24797	KEY		
EINKBELEG	4500000172	24797	KEY		
EINKBELEG	4500000173	24801	KEY		
EINKBELEG	4500000173	24801	KEY		
EINKBELEG	4500000174	24810	KEY		
EINKBELEG	4500000174	24810	KEY		
EINKBELEG	4500000175	24813	KEY		
EINKBELEG	4500000175	24813	KEY		
EINKBELEG	4500000176	24816	KEY		
EINKBELEG	4500000176	24816	KEY		
EINKBELEG	4500000177	24821	KEY		
EINKBELEG	4500000177	24821	KEY		
EINKBELEG	4500000177	24821	KEY		
EINKBELEG	4500000178	24823	KEY		
EINKBELEG	4500000178	24823	KEY		
EINKBELEG	4500000179	24826	KEY		
EINKBELEG	4500000179	24826	KEY		
EINKBELEG	4500000179	24826	KEY		
EINKBELEG	4500000180	24829	KEY		
EINKBELEG	4500000180	24829	KEY		
EINKBELEG	4500000181	24909	KEY		
EINKBELEG	4500000181	24909	KEY		
EINKBELEG	4500000181	24909	KEY		
EINKBELEG	4500000182	24990	KEY		
EINKBELEG	4500000182	24990	KEY		
EINKBELEG	4500000183	25004	KEY		
EINKBELEG	4500000183	25004	KEY		
EINKBELEG	4500000184	25090	KEY		
EINKBELEG	4500000184	25090	KEY		
EINKBELEG	4500000185	25303	KEY		
EINKBELEG	4500000185	25303	KEY		
EINKBELEG	4500000186	25338	KEY		
EINKBELEG	4500000186	25338	KEY		
EINKBELEG	4500000186	25339	FRGKE	2	1
EINKBELEG	4500000186	25339	FRGZU	X	
EINKBELEG	4500000186	25339	PROCSTAT	05	03
EINKBELEG	4500000186	25339	RLWRT	9000.00	0.00
EINKBELEG	4500000186	25344	MENGE	60.000	900.000
EINKBELEG	4500000186	25344	BPUMZ	3	1
EINKBELEG	4500000186	25344	BRTWR	1800.00	9000.00
EINKBELEG	4500000186	25344	EFFWR	1800.00	9000.00
EINKBELEG	4500000186	25344	KZFME	B	
EINKBELEG	4500000186	25344	MEINS	ST	M
EINKBELEG	4500000186	25344	MENGE	60.000	900.000
EINKBELEG	4500000186	25344	NETWR	1800.00	9000.00
EINKBELEG	4500000186	25344	UMREZ	3	1
EINKBELEG	4500000186	25352	MENGE	120.000	60.000
EINKBELEG	4500000186	25352	BRTWR	3600.00	1800.00
EINKBELEG	4500000186	25352	EFFWR	3600.00	1800.00
EINKBELEG	4500000186	25352	ELIKZ		X
EINKBELEG	4500000186	25352	MENGE	120.000	60.000
EINKBELEG	4500000186	25352	NETWR	3600.00	1800.00
EINKBELEG	4500000187	25808	KEY		
EINKBELEG	4500000187	25808	KEY		
EINKBELEG	4500000188	25819	KEY		
EINKBELEG	4500000188	25819	KEY		
EINKBELEG	4500000188	25819	KEY		
EINKBELEG	4500000188	25819	KEY		
EINKBELEG	4500000188	25905	FRGKE	2	1
EINKBELEG	4500000188	25905	FRGZU	X	
EINKBELEG	4500000188	25905	PROCSTAT	05	03
EINKBELEG	4500000188	25905	RLWRT	12000.00	0.00
EINKBELEG	4500000189	25897	KEY		
EINKBELEG	4500000189	25897	KEY		
EINKBELEG	4500000189	25897	KEY		
EINKBELEG	4500000189	25897	KEY		
EINKBELEG	4500000190	25899	KEY		
EINKBELEG	4500000190	25899	KEY		
EINKBELEG	4500000190	25899	KEY		
EINKBELEG	4500000190	25899	KEY		
EINKBELEG	4500000190	25902	BRTWR	132.00	120.00
EINKBELEG	4500000190	25902	EFFWR	132.00	120.00
EINKBELEG	4500000190	25902	NETPR	11.00	10.00
EINKBELEG	4500000190	25902	NETWR	132.00	120.00
EINKBELEG	4500000190	25903	BRTWR	144.00	132.00
EINKBELEG	4500000190	25903	EFFWR	144.00	132.00
EINKBELEG	4500000190	25903	NETPR	12.00	11.00
EINKBELEG	4500000190	25903	NETWR	144.00	132.00
EINKBELEG	4500000190	25904	FRGKE	2	1
EINKBELEG	4500000190	25904	FRGZU	X	
EINKBELEG	4500000190	25904	PROCSTAT	05	03
EINKBELEG	4500000190	25904	RLWRT	144.00	0.00
EINKBELEG	4500000190	25983	EINDT	20210520	20210216
EINKBELEG	4500000190	25983	SLFDT	20210520	20210216
EINKBELEG	4500000190	25983	GRWCU		EUR
EINKBELEG	4500000190	26134	SLFDT	20210531	20210520
EINKBELEG	4500000191	25990	KEY		
EINKBELEG	4500000191	25990	KEY		
EINKBELEG	4500000191	25990	KEY		
EINKBELEG	4500000191	25990	KEY		
EINKBELEG	4500000191	25991	FRGKE	2	1
EINKBELEG	4500000191	25991	FRGZU	X	
EINKBELEG	4500000191	25991	PROCSTAT	05	03
EINKBELEG	4500000191	25991	RLWRT	12000.00	0.00
EINKBELEG	4500000191	26128	EINDT	20211231	20211201
EINKBELEG	4500000191	26128	LPEIN	1	3
EINKBELEG	4500000191	26128	GRWCU		EUR
EINKBELEG	4500000192	26132	KEY		
EINKBELEG	4500000192	26132	KEY		
EINKBELEG	4500000192	26132	KEY		
EINKBELEG	4500000192	26132	KEY		
EINKBELEG	4500000192	26133	FRGKE	2	1
EINKBELEG	4500000192	26133	FRGZU	X	
EINKBELEG	4500000192	26133	PROCSTAT	05	03
EINKBELEG	4500000192	26133	RLWRT	12000.00	0.00
EINKBELEG	4500000193	26138	KEY		
EINKBELEG	4500000193	26138	KEY		
EINKBELEG	4500000193	26138	KEY		
EINKBELEG	4500000193	26138	KEY		
EINKBELEG	4500000193	26139	FRGKE	2	1
EINKBELEG	4500000193	26139	FRGZU	X	
EINKBELEG	4500000193	26139	PROCSTAT	05	03
EINKBELEG	4500000193	26139	RLWRT	144.00	0.00
EINKBELEG	4500000194	26140	KEY		
EINKBELEG	4500000194	26140	KEY		
EINKBELEG	4500000194	26140	KEY		
EINKBELEG	4500000194	26140	KEY		
EINKBELEG	4500000194	26141	FRGKE	2	1
EINKBELEG	4500000194	26141	FRGZU	X	
EINKBELEG	4500000194	26141	PROCSTAT	05	03
EINKBELEG	4500000194	26141	RLWRT	144.00	0.00
EINKBELEG	4500000194	26142	GRWCU		EUR
EINKBELEG	4500000194	26142	WEPOS		X
EINKBELEG	4500000194	26143	EINDT	20210228	20210531
EINKBELEG	4500000194	26143	MENGE	3.000	12.000
EINKBELEG	4500000194	26143	SLFDT	20210228	20210531
EINKBELEG	4500000194	26143	KEY		
EINKBELEG	4500000194	26143	KEY		
EINKBELEG	4500000194	26143	KEY		
EINKBELEG	4500000194	26144	WEPOS	X	
EINKBELEG	4500000194	53367	GRWCU	EUR	
EINKBELEG	4500000194	53367	AEDAT	20210820	20210216
EINKBELEG	4500000194	53367	BSTAE	0004	
EINKBELEG	4500000194	95538	KEY		
EINKBELEG	4500000194	95538	FRGKE		2
EINKBELEG	4500000194	95538	FRGSX		01
EINKBELEG	4500000194	95538	FRGZU		X
EINKBELEG	4500000194	95538	PROCSTAT	02	05
EINKBELEG	4500000194	95538	KEY		
EINKBELEG	4500000195	26145	KEY		
EINKBELEG	4500000195	26145	KEY		
EINKBELEG	4500000195	26145	KEY		
EINKBELEG	4500000195	26145	KEY		
EINKBELEG	4500000195	26146	FRGKE	2	1
EINKBELEG	4500000195	26146	FRGZU	X	
EINKBELEG	4500000195	26146	PROCSTAT	05	03
EINKBELEG	4500000195	26146	RLWRT	144.00	0.00
EINKBELEG	4500000196	26159	KEY		
EINKBELEG	4500000196	26159	KEY		
EINKBELEG	4500000197	26436	KEY		
EINKBELEG	4500000197	26436	KEY		
EINKBELEG	4500000198	26667	KEY		
EINKBELEG	4500000198	26667	KEY		
EINKBELEG	4500000199	26675	KEY		
EINKBELEG	4500000199	26675	KEY		
EINKBELEG	4500000200	26699	KEY		
EINKBELEG	4500000200	26703	FRGKE	2	1
EINKBELEG	4500000200	26703	FRGZU	X	
EINKBELEG	4500000200	26703	PROCSTAT	05	03
EINKBELEG	4500000200	26703	RLWRT	68000.00	0.00
EINKBELEG	4500000201	26944	KEY		
EINKBELEG	4500000201	26944	KEY		
EINKBELEG	4500000201	26951	EINDT	20210212	20210312
EINKBELEG	4500000201	26951	SLFDT	20210212	20210312
EINKBELEG	4500000201	26951	GRWCU		EUR
EINKBELEG	4500000201	26951	AEDAT	20210315	20210312
EINKBELEG	4500000201	26952	EINDT	20210312	20210212
EINKBELEG	4500000201	26952	SLFDT	20210312	20210212
EINKBELEG	4500000201	26953	GRWCU	EUR	
EINKBELEG	4500000201	26953	BPRME	ST	M2
EINKBELEG	4500000201	26953	MEINS	ST	M2
EINKBELEG	4500000201	26976	EINDT	20210310	20210312
EINKBELEG	4500000201	26976	SLFDT	20210310	20210312
EINKBELEG	4500000201	26976	AEDAT	20210316	20210315
EINKBELEG	4500000202	26954	KEY		
EINKBELEG	4500000202	26954	KEY		
EINKBELEG	4500000202	26955	FRGKE		1
EINKBELEG	4500000202	26955	FRGSX		01
EINKBELEG	4500000202	26955	PROCSTAT	02	03
EINKBELEG	4500000202	26955	LOEKZ	L	
EINKBELEG	4500000202	26955	STAPO	X	
EINKBELEG	4500000203	26956	KEY		
EINKBELEG	4500000203	26956	KEY		
EINKBELEG	4500000203	26961	EINDT	20210311	20210312
EINKBELEG	4500000203	26961	SLFDT	20210311	20210312
EINKBELEG	4500000203	26961	GRWCU		EUR
EINKBELEG	4500000203	26961	AEDAT	20210316	20210315
EINKBELEG	4500000203	26962	EINDT	20210313	20210311
EINKBELEG	4500000203	26962	SLFDT	20210313	20210311
EINKBELEG	4500000203	26966	EINDT	20210311	20210313
EINKBELEG	4500000203	26966	SLFDT	20210311	20210313
EINKBELEG	4500000203	26971	EINDT	20210415	20210311
EINKBELEG	4500000203	26971	SLFDT	20210415	20210311
EINKBELEG	4500000203	26973	EINDT	20210202	20210415
EINKBELEG	4500000203	26973	SLFDT	20210202	20210415
EINKBELEG	4500000203	26977	EINDT	20210313	20210202
EINKBELEG	4500000203	26977	SLFDT	20210313	20210202
EINKBELEG	4500000203	26996	FRGKE		1
EINKBELEG	4500000203	26996	FRGSX		01
EINKBELEG	4500000203	26996	GRWCU	EUR	
EINKBELEG	4500000203	26996	PROCSTAT	02	03
EINKBELEG	4500000203	26996	AEDAT	20210317	20210316
EINKBELEG	4500000203	26996	BRTWR	100.00	399.00
EINKBELEG	4500000203	26996	EFFWR	100.00	399.00
EINKBELEG	4500000203	26996	NETPR	100.00	399.00
EINKBELEG	4500000203	26996	NETWR	100.00	399.00
EINKBELEG	4500000203	26999	EINDT	20210413	20210313
EINKBELEG	4500000203	26999	GRWCU		EUR
EINKBELEG	4500000203	27003	SLFDT	20210413	20210313
EINKBELEG	4500000203	27004	EINDT	20210201	20210413
EINKBELEG	4500000203	27004	SLFDT	20210201	20210413
EINKBELEG	4500000203	27010	EINDT	20210301	20210201
EINKBELEG	4500000203	27010	SLFDT	20210301	20210201
EINKBELEG	4500000204	26984	KEY		
EINKBELEG	4500000204	26984	KEY		
EINKBELEG	4500000204	26988	EINDT	20210401	20210313
EINKBELEG	4500000204	26988	SLFDT	20210401	20210313
EINKBELEG	4500000204	26988	GRWCU		EUR
EINKBELEG	4500000204	26989	EINDT	20210201	20210401
EINKBELEG	4500000204	26989	SLFDT	20210201	20210401
EINKBELEG	4500000204	26990	EINDT	20210301	20210201
EINKBELEG	4500000204	26990	SLFDT	20210301	20210201
EINKBELEG	4500000204	26991	EINDT	20210401	20210301
EINKBELEG	4500000204	26991	SLFDT	20210401	20210301
EINKBELEG	4500000204	26992	EINDT	20210201	20210401
EINKBELEG	4500000204	26992	SLFDT	20210201	20210401
EINKBELEG	4500000204	26997	GRWCU	EUR	
EINKBELEG	4500000204	26997	BRTWR	200.00	399.00
EINKBELEG	4500000204	26997	EFFWR	200.00	399.00
EINKBELEG	4500000204	26997	NETPR	200.00	399.00
EINKBELEG	4500000204	26997	NETWR	200.00	399.00
EINKBELEG	4500000204	26998	BRTWR	250.00	200.00
EINKBELEG	4500000204	26998	EFFWR	250.00	200.00
EINKBELEG	4500000204	26998	NETPR	250.00	200.00
EINKBELEG	4500000204	26998	NETWR	250.00	200.00
EINKBELEG	4500000204	27009	EINDT	20210301	20210201
EINKBELEG	4500000204	27009	SLFDT	20210301	20210201
EINKBELEG	4500000204	27009	GRWCU		EUR
EINKBELEG	4500000205	26993	KEY		
EINKBELEG	4500000205	26993	KEY		
EINKBELEG	4500000205	26995	BRTWR	699.00	599.00
EINKBELEG	4500000205	26995	EFFWR	699.00	599.00
EINKBELEG	4500000205	26995	NETPR	699.00	599.00
EINKBELEG	4500000205	26995	NETWR	699.00	599.00
EINKBELEG	4500000205	27014	EINDT	20210301	20210201
EINKBELEG	4500000205	27014	SLFDT	20210301	20210201
EINKBELEG	4500000205	27014	GRWCU		EUR
EINKBELEG	4500000206	27017	KEY		
EINKBELEG	4500000206	27017	KEY		
EINKBELEG	4500000206	27017	KEY		
EINKBELEG	4500000206	27017	KEY		
EINKBELEG	4500000207	27044	KEY		
EINKBELEG	4500000207	27044	KEY		
EINKBELEG	4500000208	27110	KEY		
EINKBELEG	4500000208	27110	KEY		
EINKBELEG	4500000208	27113	BRTWR	300.00	250.00
EINKBELEG	4500000208	27113	EFFWR	300.00	250.00
EINKBELEG	4500000208	27113	NETPR	300.00	250.00
EINKBELEG	4500000208	27113	NETWR	300.00	250.00
EINKBELEG	4500000209	27111	KEY		
EINKBELEG	4500000209	27111	KEY		
EINKBELEG	4500000209	27112	BRTWR	500.00	250.00
EINKBELEG	4500000209	27112	EFFWR	500.00	250.00
EINKBELEG	4500000209	27112	NETPR	500.00	250.00
EINKBELEG	4500000209	27112	NETWR	500.00	250.00
EINKBELEG	4500000210	28167	KEY		
EINKBELEG	4500000210	28167	KEY		
EINKBELEG	4500000210	28167	KEY		
EINKBELEG	4500000211	28224	KEY		
EINKBELEG	4500000211	28224	KEY		
EINKBELEG	4500000211	94059	GRWCU		EUR
EINKBELEG	4500000211	94059	AEDAT	20220914	20210518
EINKBELEG	4500000211	94059	EREKZ	X	
EINKBELEG	4500000211	94664	KEY		
EINKBELEG	4500000211	94664	KEY		
EINKBELEG	4500000211	94664	KEY		
EINKBELEG	4500000211	94664	KEY		
EINKBELEG	4500000211	94664	KEY		
EINKBELEG	4500000211	94664	KEY		
EINKBELEG	4500000211	94664	GRWCU	EUR	
EINKBELEG	4500000211	94664	KEY		
EINKBELEG	4500000211	94664	KEY		
EINKBELEG	4500000211	94664	KEY		
EINKBELEG	4500000211	94688	GRWCU		EUR
EINKBELEG	4500000211	94688	EREKZ	X	
EINKBELEG	4500000211	94688	EREKZ	X	
EINKBELEG	4500000211	94688	EREKZ	X	
EINKBELEG	4500000212	28266	KEY		
EINKBELEG	4500000212	28266	KEY		
EINKBELEG	4500000212	28268	FRGKE	2	1
EINKBELEG	4500000212	28268	FRGZU	X	
EINKBELEG	4500000212	28268	PROCSTAT	05	03
EINKBELEG	4500000212	28268	RLWRT	222.00	0.00
EINKBELEG	4500000213	28288	KEY		
EINKBELEG	4500000213	28288	KEY		
EINKBELEG	4500000214	28311	KEY		
EINKBELEG	4500000214	28311	KEY		
EINKBELEG	4500000214	28311	KEY		
EINKBELEG	4500000214	28313	FRGKE	2	1
EINKBELEG	4500000214	28313	FRGZU	X	
EINKBELEG	4500000214	28313	PROCSTAT	05	03
EINKBELEG	4500000214	28313	RLWRT	250.00	0.00
EINKBELEG	4500000215	28443	KEY		
EINKBELEG	4500000215	28443	KEY		
EINKBELEG	4500000216	28464	KEY		
EINKBELEG	4500000216	28464	KEY		
EINKBELEG	4500000216	28471	FRGKE	2	1
EINKBELEG	4500000216	28471	FRGZU	X	
EINKBELEG	4500000216	28471	PROCSTAT	05	03
EINKBELEG	4500000216	28471	RLWRT	400.00	0.00
EINKBELEG	4500000217	28466	KEY		
EINKBELEG	4500000217	28466	KEY		
EINKBELEG	4500000218	28468	KEY		
EINKBELEG	4500000218	28468	KEY		
EINKBELEG	4500000218	28468	KEY		
EINKBELEG	4500000218	28470	FRGKE	2	1
EINKBELEG	4500000218	28470	FRGZU	X	
EINKBELEG	4500000218	28470	PROCSTAT	05	03
EINKBELEG	4500000218	28470	RLWRT	161.50	0.00
EINKBELEG	4500000219	28582	KEY		
EINKBELEG	4500000219	28582	KEY		
EINKBELEG	4500000220	28593	KEY		
EINKBELEG	4500000220	28593	KEY		
EINKBELEG	4500000220	28595	FRGKE	2	1
EINKBELEG	4500000220	28595	FRGZU	X	
EINKBELEG	4500000220	28595	PROCSTAT	05	03
EINKBELEG	4500000220	28595	RLWRT	1000.00	0.00
EINKBELEG	4500000221	28633	KEY		
EINKBELEG	4500000221	28633	KEY		
EINKBELEG	4500000221	28635	FRGKE	2	1
EINKBELEG	4500000221	28635	FRGZU	X	
EINKBELEG	4500000221	28635	PROCSTAT	05	03
EINKBELEG	4500000221	28635	RLWRT	588.00	0.00
EINKBELEG	4500000222	28639	KEY		
EINKBELEG	4500000222	28639	KEY		
EINKBELEG	4500000222	28641	FRGKE	2	1
EINKBELEG	4500000222	28641	FRGZU	X	
EINKBELEG	4500000222	28641	PROCSTAT	05	03
EINKBELEG	4500000222	28641	RLWRT	1500.00	0.00
EINKBELEG	4500000223	28873	KEY		
EINKBELEG	4500000223	28873	KEY		
EINKBELEG	4500000223	28874	FRGKE	2	1
EINKBELEG	4500000223	28874	FRGZU	X	
EINKBELEG	4500000223	28874	PROCSTAT	05	03
EINKBELEG	4500000223	28874	RLWRT	10000000.00	0.00
EINKBELEG	4500000224	28880	KEY		
EINKBELEG	4500000224	28880	KEY		
EINKBELEG	4500000224	28881	FRGKE	2	1
EINKBELEG	4500000224	28881	FRGZU	X	
EINKBELEG	4500000224	28881	PROCSTAT	05	03
EINKBELEG	4500000224	28881	RLWRT	100000.00	0.00
EINKBELEG	4500000225	32101	KEY		
EINKBELEG	4500000225	32101	KEY		
EINKBELEG	4500000225	32105	LOEKZ	L	
EINKBELEG	4500000225	32105	STAPO	X	
EINKBELEG	4500000225	32109	GRWCU		EUR
EINKBELEG	4500000226	32103	KEY		
EINKBELEG	4500000226	32103	KEY		
EINKBELEG	4500000226	32110	FRGKE		1
EINKBELEG	4500000226	32110	FRGSX		01
EINKBELEG	4500000226	32110	PROCSTAT	02	03
EINKBELEG	4500000226	32110	LOEKZ	L	
EINKBELEG	4500000226	32110	STAPO	X	
EINKBELEG	4500000226	32112	GRWCU		EUR
EINKBELEG	4500000227	32114	KEY		
EINKBELEG	4500000227	32114	KEY		
EINKBELEG	4500000227	32307	GRWCU		EUR
EINKBELEG	4500000227	32307	AEDAT	20210724	20210723
EINKBELEG	4500000227	32307	IDNLF	RUIM_456_ABC	RUIM_456_AB
EINKBELEG	4500000228	32116	KEY		
EINKBELEG	4500000228	32116	KEY		
EINKBELEG	4500000228	32118	GRWCU		EUR
EINKBELEG	4500000228	32118	WEPOS		X
EINKBELEG	4500000229	32186	KEY		
EINKBELEG	4500000229	32186	KEY		
EINKBELEG	4500000229	32192	LOEKZ	L	
EINKBELEG	4500000229	32192	STAPO	X	
EINKBELEG	4500000229	32212	GRWCU		EUR
EINKBELEG	4500000229	32212	LOEKZ		L
EINKBELEG	4500000229	32212	STAPO		X
EINKBELEG	4500000229	32220	TWRKZ	2	1
EINKBELEG	4500000229	50961	NETWR	7000.00	0.00
EINKBELEG	4500000229	50961	NETWR	2500.00	0.00
EINKBELEG	4500000229	50961	NETWR	500.00	0.00
EINKBELEG	4500000229	50961	AEDAT	20210811	20210723
EINKBELEG	4500000229	50961	WEPOS	X	
EINKBELEG	4500000230	32306	KEY		
EINKBELEG	4500000230	32306	KEY		
EINKBELEG	4500000231	46310	KEY		
EINKBELEG	4500000231	46310	KEY		
EINKBELEG	4500000232	49345	KEY		
EINKBELEG	4500000232	49345	KEY		
EINKBELEG	4500000233	49348	KEY		
EINKBELEG	4500000233	49348	KEY		
EINKBELEG	4500000234	51073	KEY		
EINKBELEG	4500000234	51073	KEY		
EINKBELEG	4500000234	51075	GRWCU		EUR
EINKBELEG	4500000234	51075	WEPOS	X	
EINKBELEG	4500000235	51500	KEY		
EINKBELEG	4500000235	51500	KEY		
EINKBELEG	4500000236	51503	KEY		
EINKBELEG	4500000236	51503	KEY		
EINKBELEG	4500000237	51554	KEY		
EINKBELEG	4500000237	51554	KEY		
EINKBELEG	4500000237	51639	GRWCU		EUR
EINKBELEG	4500000238	51631	KEY		
EINKBELEG	4500000238	51631	KEY		
EINKBELEG	4500000239	51907	KEY		
EINKBELEG	4500000239	51907	KEY		
EINKBELEG	4500000240	52058	KEY		
EINKBELEG	4500000240	52058	KEY		
EINKBELEG	4500000241	52060	KEY		
EINKBELEG	4500000241	52060	KEY		
EINKBELEG	4500000242	52065	KEY		
EINKBELEG	4500000242	52065	KEY		
EINKBELEG	4500000243	52068	KEY		
EINKBELEG	4500000243	52068	KEY		
EINKBELEG	4500000243	52072	MENGE	200.000	150.000
EINKBELEG	4500000243	52072	MENGE	200.000	150.000
EINKBELEG	4500000243	52072	BRTWR	4000.00	3000.00
EINKBELEG	4500000243	52072	EFFWR	4000.00	3000.00
EINKBELEG	4500000243	52072	MENGE	200.000	150.000
EINKBELEG	4500000243	52072	NETWR	4000.00	3000.00
EINKBELEG	4500000244	52308	KEY		
EINKBELEG	4500000244	52308	KEY		
EINKBELEG	4500000245	52310	KEY		
EINKBELEG	4500000245	52310	KEY		
EINKBELEG	4500000246	52316	KEY		
EINKBELEG	4500000246	52316	KEY		
EINKBELEG	4500000246	52321	PRCTR	0000001100	1000_001
EINKBELEG	4500000246	52321	PS_PSP_PNR	00001575	00001759
EINKBELEG	4500000246	52321	SAKTO	0000270001	0000690100
EINKBELEG	4500000246	52321	PRCTR	0000001100	1000_001
EINKBELEG	4500000246	52321	PS_PSP_PNR	00001596	00001760
EINKBELEG	4500000246	52321	SAKTO	0000270001	0000690100
EINKBELEG	4500000246	52321	PRCTR	0000001100	1000_001
EINKBELEG	4500000246	52321	PS_PSP_PNR	00001618	00001761
EINKBELEG	4500000246	52321	SAKTO	0000615800	0000690100
EINKBELEG	4500000246	52321	GRWCU		EUR
EINKBELEG	4500000247	52925	KEY		
EINKBELEG	4500000247	52926	GRWCU		EUR
EINKBELEG	4500000247	52926	PRODUCTTYPE	1	
EINKBELEG	4500000247	52926	TXZ01	Ruimingswerken	Services
EINKBELEG	4500000248	52935	KEY		
EINKBELEG	4500000248	52935	KEY		
EINKBELEG	4500000249	52937	KEY		
EINKBELEG	4500000249	52937	KEY		
EINKBELEG	4500000250	52948	KEY		
EINKBELEG	4500000250	52948	KEY		
EINKBELEG	4500000251	52951	KEY		
EINKBELEG	4500000251	52951	KEY		
EINKBELEG	4500000252	52953	KEY		
EINKBELEG	4500000252	52953	KEY		
EINKBELEG	4500000253	52970	KEY		
EINKBELEG	4500000253	52970	KEY		
EINKBELEG	4500000254	52973	KEY		
EINKBELEG	4500000254	52973	KEY		
EINKBELEG	4500000254	52979	EINDT	20210820	20210816
EINKBELEG	4500000254	52979	SLFDT	20210820	20210816
EINKBELEG	4500000254	52979	GRWCU		EUR
EINKBELEG	4500000255	52977	KEY		
EINKBELEG	4500000255	52977	KEY		
EINKBELEG	4500000255	52983	EINDT	20210820	20210816
EINKBELEG	4500000255	52983	SLFDT	20210820	20210816
EINKBELEG	4500000255	52983	GRWCU		EUR
EINKBELEG	4500000256	53054	KEY		
EINKBELEG	4500000256	53054	KEY		
EINKBELEG	4500000257	53119	KEY		
EINKBELEG	4500000257	53119	KEY		
EINKBELEG	4500000258	53122	KEY		
EINKBELEG	4500000258	53122	KEY		
EINKBELEG	4500000259	53356	KEY		
EINKBELEG	4500000259	53356	KEY		
EINKBELEG	4500000260	53366	KEY		
EINKBELEG	4500000260	53366	KEY		
EINKBELEG	4500000261	53371	KEY		
EINKBELEG	4500000261	53371	KEY		
EINKBELEG	4500000261	53371	KEY		
EINKBELEG	4500000261	53371	KEY		
EINKBELEG	4500000262	53826	KEY		
EINKBELEG	4500000262	53826	KEY		
EINKBELEG	4500000263	53831	KEY		
EINKBELEG	4500000263	53831	KEY		
EINKBELEG	4500000264	53845	KEY		
EINKBELEG	4500000264	53845	KEY		
EINKBELEG	4500000264	53845	KEY		
EINKBELEG	4500000265	54285	KEY		
EINKBELEG	4500000265	54285	KEY		
EINKBELEG	4500000265	54286	GRWCU		EUR
EINKBELEG	4500000266	54288	KEY		
EINKBELEG	4500000266	54288	KEY		
EINKBELEG	4500000267	54445	KEY		
EINKBELEG	4500000267	54445	KEY		
EINKBELEG	4500000268	56497	KEY		
EINKBELEG	4500000268	56497	KEY		
EINKBELEG	4500000268	56499	BRTWR	900.00	2.52
EINKBELEG	4500000268	56499	EFFWR	900.00	2.52
EINKBELEG	4500000268	56499	NETPR	150.00	0.42
EINKBELEG	4500000268	56499	NETWR	900.00	2.52
EINKBELEG	4500000269	56509	KEY		
EINKBELEG	4500000269	56509	KEY		
EINKBELEG	4500000270	59080	KEY		
EINKBELEG	4500000270	59080	KEY		
EINKBELEG	4500000270	59080	KEY		
EINKBELEG	4500000271	59095	KEY		
EINKBELEG	4500000271	59095	KEY		
EINKBELEG	4500000271	59095	KEY		
EINKBELEG	4500000272	59285	KEY		
EINKBELEG	4500000272	59285	KEY		
EINKBELEG	4500000272	59285	KEY		
EINKBELEG	4500000273	59345	KEY		
EINKBELEG	4500000273	59345	KEY		
EINKBELEG	4500000274	59375	KEY		
EINKBELEG	4500000274	59375	KEY		
EINKBELEG	4500000274	59375	KEY		
EINKBELEG	4500000275	59422	KEY		
EINKBELEG	4500000276	59439	KEY		
EINKBELEG	4500000276	59439	KEY		
EINKBELEG	4500000276	59439	KEY		
EINKBELEG	4500000277	59454	KEY		
EINKBELEG	4500000277	59454	KEY		
EINKBELEG	4500000277	59454	KEY		
EINKBELEG	4500000278	59459	KEY		
EINKBELEG	4500000278	59459	KEY		
EINKBELEG	4500000278	59459	KEY		
EINKBELEG	4500000279	59559	KEY		
EINKBELEG	4500000279	59559	KEY		
EINKBELEG	4500000279	59559	KEY		
EINKBELEG	4500000280	59561	KEY		
EINKBELEG	4500000280	59561	KEY		
EINKBELEG	4500000280	59561	KEY		
EINKBELEG	4500000281	59566	KEY		
EINKBELEG	4500000281	59566	KEY		
EINKBELEG	4500000281	59566	KEY		
EINKBELEG	4500000282	59655	KEY		
EINKBELEG	4500000282	59655	KEY		
EINKBELEG	4500000283	60524	KEY		
EINKBELEG	4500000283	60524	KEY		
EINKBELEG	4500000283	60524	KEY		
EINKBELEG	4500000284	70391	KEY		
EINKBELEG	4500000284	70391	KEY		
EINKBELEG	4500000284	70391	KEY		
EINKBELEG	4500000284	70391	KEY		
EINKBELEG	4500000285	70532	KEY		
EINKBELEG	4500000285	70532	KEY		
EINKBELEG	4500000285	70532	KEY		
EINKBELEG	4500000286	71062	KEY		
EINKBELEG	4500000286	71062	KEY		
EINKBELEG	4500000286	71062	KEY		
EINKBELEG	4500000286	71062	KEY		
EINKBELEG	4500000287	71175	KEY		
EINKBELEG	4500000287	71175	KEY		
EINKBELEG	4500000287	71175	KEY		
EINKBELEG	4500000287	71175	KEY		
EINKBELEG	4500000288	72596	KEY		
EINKBELEG	4500000288	72596	KEY		
EINKBELEG	4500000288	72596	KEY		
EINKBELEG	4500000289	72601	KEY		
EINKBELEG	4500000289	72601	KEY		
EINKBELEG	4500000289	72601	KEY		
EINKBELEG	4500000290	72798	KEY		
EINKBELEG	4500000290	72798	KEY		
EINKBELEG	4500000290	72798	KEY		
EINKBELEG	4500000291	73037	KEY		
EINKBELEG	4500000291	73037	KEY		
EINKBELEG	4500000291	73037	KEY		
EINKBELEG	4500000292	73736	KEY		
EINKBELEG	4500000292	73736	KEY		
EINKBELEG	4500000292	73736	KEY		
EINKBELEG	4500000293	73820	KEY		
EINKBELEG	4500000293	73820	KEY		
EINKBELEG	4500000293	73820	KEY		
EINKBELEG	4500000294	88397	KEY		
EINKBELEG	4500000294	88397	KEY		
EINKBELEG	4500000294	88397	KEY		
EINKBELEG	4500000295	90704	KEY		
EINKBELEG	4500000295	90704	KEY		
EINKBELEG	4500000296	90773	KEY		
EINKBELEG	4500000296	90773	KEY		
EINKBELEG	4500000297	90777	KEY		
EINKBELEG	4500000297	90777	KEY		
EINKBELEG	4500000298	90782	KEY		
EINKBELEG	4500000298	90782	KEY		
EINKBELEG	4500000299	91007	KEY		
EINKBELEG	4500000299	91007	KEY		
EINKBELEG	4500000300	94029	KEY		
EINKBELEG	4500000300	94029	KEY		
EINKBELEG	4500000300	94029	KEY		
EINKBELEG	4500000301	95839	KEY		
EINKBELEG	4500000301	95839	KEY		
EINKBELEG	4500000301	95875	FRGKE	2	1
EINKBELEG	4500000301	95875	FRGZU	X	
EINKBELEG	4500000301	95875	PROCSTAT	05	03
EINKBELEG	4500000301	95875	RLWRT	150000.00	0.00
EINKBELEG	4500000302	95881	KEY		
EINKBELEG	4500000302	95881	KEY		
EINKBELEG	4500000303	95883	KEY		
EINKBELEG	4500000303	95883	KEY		
EINKBELEG	4500000304	95949	KEY		
EINKBELEG	4500000304	95949	KEY		
EINKBELEG	4500000305	95951	KEY		
EINKBELEG	4500000305	95951	KEY		
EINKBELEG	4500000305	96247	MENGE	3.000	1.000
EINKBELEG	4500000305	96247	MENGE	3.000	1.000
EINKBELEG	4500000305	96247	AEDAT	20230216	20221214
EINKBELEG	4500000305	96247	BRTWR	4545.45	1515.15
EINKBELEG	4500000305	96247	EFFWR	4545.45	1515.15
EINKBELEG	4500000305	96247	ELIKZ		X
EINKBELEG	4500000305	96247	MENGE	3.000	1.000
EINKBELEG	4500000305	96247	NETWR	4545.45	1515.15
EINKBELEG	4500000305	96255	KEY		
EINKBELEG	4500000305	96255	KEY		
EINKBELEG	4500000306	95960	KEY		
EINKBELEG	4500000306	95960	KEY		
EINKBELEG	4500000306	95961	FRGKE	2	1
EINKBELEG	4500000306	95961	FRGZU	X	
EINKBELEG	4500000306	95961	PROCSTAT	05	03
EINKBELEG	4500000306	95961	RLWRT	150000.00	0.00
EINKBELEG	4500000306	95962	MEINS	ST	LE
EINKBELEG	4500000307	97028	KEY		
EINKBELEG	4500000307	97028	KEY		
EINKBELEG	4500000308	97066	KEY		
EINKBELEG	4500000308	97066	KEY		
EINKBELEG	4500000308	97066	KEY		
EINKBELEG	4500000309	97075	KEY		
EINKBELEG	4500000309	97075	KEY		
EINKBELEG	4500000309	97075	KEY		
EINKBELEG	4500000309	97075	KEY		
EINKBELEG	4500000310	97079	KEY		
EINKBELEG	4500000310	97079	KEY		
EINKBELEG	4500000310	97079	KEY		
EINKBELEG	4500000311	97090	KEY		
EINKBELEG	4500000311	97090	KEY		
EINKBELEG	4500000311	97090	KEY		
EINKBELEG	4500000312	97100	KEY		
EINKBELEG	4500000312	97100	KEY		
EINKBELEG	4500000312	97100	KEY		
EINKBELEG	4500000313	97166	KEY		
EINKBELEG	4500000313	97166	KEY		
EINKBELEG	4500000313	97166	KEY		
EINKBELEG	4500000314	97185	KEY		
EINKBELEG	4500000314	97185	KEY		
EINKBELEG	4500000314	97185	KEY		
EINKBELEG	4500000315	97203	KEY		
EINKBELEG	4500000315	97203	KEY		
EINKBELEG	4500000315	97203	KEY		
EINKBELEG	4500000315	97203	KEY		
EINKBELEG	4500000316	98824	KEY		
EINKBELEG	4500000316	98824	KEY		
EINKBELEG	4500000316	98824	KEY		
EINKBELEG	4500000317	98886	KEY		
EINKBELEG	4500000317	98886	KEY		
EINKBELEG	4500000317	98886	KEY		
EINKBELEG	4500000318	106878	KEY		
EINKBELEG	4500000318	106878	KEY		
EINKBELEG	4500000319	106882	KEY		
EINKBELEG	4500000319	106882	KEY		
EINKBELEG	4500000320	106892	KEY		
EINKBELEG	4500000320	106892	KEY		
EINKBELEG	4500000321	107606	KEY		
EINKBELEG	4500000321	107606	KEY		
EINKBELEG	4500000322	107665	KEY		
EINKBELEG	4500000322	107665	KEY		
EINKBELEG	4500000323	107671	KEY		
EINKBELEG	4500000323	107671	KEY		
EINKBELEG	4500000324	107694	KEY		
EINKBELEG	4500000324	107694	KEY		
EINKBELEG	4500000325	107698	KEY		
EINKBELEG	4500000325	107698	KEY		
EINKBELEG	4500000326	108156	KEY		
EINKBELEG	4500000326	108156	KEY		
EINKBELEG	4500000327	108941	KEY		
EINKBELEG	4500000327	108941	KEY		
EINKBELEG	4500000327	108941	KEY		
EINKBELEG	4500000327	108950	SAKTO	0000641003	0000641002
EINKBELEG	4500000327	108955	GRWCU		EUR
EINKBELEG	4500000327	108955	EREKZ	X	
EINKBELEG	4500000328	108963	KEY		
EINKBELEG	4500000328	108963	KEY		
EINKBELEG	4500000328	108963	KEY		
EINKBELEG	4500000328	108967	GRWCU		EUR
EINKBELEG	4500000328	108967	EREKZ	X	
EINKBELEG	4500000329	108970	KEY		
EINKBELEG	4500000329	108970	KEY		
EINKBELEG	4500000329	108970	KEY		
EINKBELEG	4500000330	113742	KEY		
EINKBELEG	4500000330	113742	KEY		
EINKBELEG	4500000330	113742	KEY		
EINKBELEG	4500000330	113742	KEY		
EINKBELEG	4500000331	114122	KEY		
EINKBELEG	4500000331	114122	KEY		
EINKBELEG	4500000331	114122	KEY		
EINKBELEG	4500000332	114135	KEY		
EINKBELEG	4500000332	114135	KEY		
EINKBELEG	4500000332	114135	KEY		
EINKBELEG	4500000333	117725	KEY		
EINKBELEG	4500000333	117725	KEY		
EINKBELEG	4500000334	118000	KEY		
EINKBELEG	4500000334	118000	KEY		
EINKBELEG	4500000334	118002	MEMORY		X
EINKBELEG	4500000334	118002	MEMORYTYPE		H
EINKBELEG	4500000334	118002	LOEKZ	L	
EINKBELEG	4500000334	118002	STAPO	X	
EINKBELEG	4500000334	118005	ADRNR	0000029887	
EINKBELEG	4500000335	118010	KEY		
EINKBELEG	4500000335	118010	KEY		
EINKBELEG	4500000336	118037	KEY		
EINKBELEG	4500000336	118037	KEY		
EINKBELEG	4500000337	118133	KEY		
EINKBELEG	4500000337	118133	KEY		
EINKBELEG	4500000337	118133	KEY		
EINKBELEG	4500000338	118374	KEY		
EINKBELEG	4500000338	118374	KEY		
EINKBELEG	4500000338	118374	KEY		
EINKBELEG	4500000339	120391	KEY		
EINKBELEG	4500000339	120391	KEY		
EINKBELEG	4500000340	120432	KEY		
EINKBELEG	4500000340	120432	KEY		
EINKBELEG	4500000341	121531	KEY		
EINKBELEG	4500000341	121531	KEY		
EINKBELEG	4500000342	121557	KEY		
EINKBELEG	4500000342	121557	KEY		
EINKBELEG	4500000342	121575	BSTAE	0001	
EINKBELEG	4500000343	121883	KEY		
EINKBELEG	4500000343	121883	KEY		
EINKBELEG	4500000343	121886	BSTAE	0001	
EINKBELEG	4500000343	121889	TXZ01	inspecteer balkenklem_hm	inspecteer balkenklem
EINKBELEG	4500000344	122216	KEY		
EINKBELEG	4500000344	122216	KEY		
EINKBELEG	4500000345	122238	KEY		
EINKBELEG	4500000345	122238	KEY		
EINKBELEG	4500000346	122921	KEY		
EINKBELEG	4500000346	122921	KEY		
EINKBELEG	4500000346	122924	BSTAE	0001	
EINKBELEG	4500000347	123728	KEY		
EINKBELEG	4500000347	123728	KEY		
EINKBELEG	4500000348	123733	KEY		
EINKBELEG	4500000348	123733	KEY		
EINKBELEG	4500000349	123739	KEY		
EINKBELEG	4500000349	123739	KEY		
EINKBELEG	4500000350	123815	KEY		
EINKBELEG	4500000350	123815	KEY		
EINKBELEG	4500000351	124045	KEY		
EINKBELEG	4500000351	124045	KEY		
EINKBELEG	4500000352	124196	KEY		
EINKBELEG	4500000352	124196	KEY		
EINKBELEG	4500000353	134702	KEY		
EINKBELEG	4500000353	134702	KEY		
EINKBELEG	4500000354	134711	KEY		
EINKBELEG	4500000354	134711	KEY		
EINKBELEG	4500000355	134912	KEY		
EINKBELEG	4500000355	134912	KEY		
EINKBELEG	4500000356	135635	KEY		
EINKBELEG	4500000357	136658	KEY		
EINKBELEG	4500000357	136658	KEY		
EINKBELEG	4500000358	136662	KEY		
EINKBELEG	4500000358	136662	KEY		
EINKBELEG	4500000359	136687	KEY		
EINKBELEG	4500000359	136687	KEY		
EINKBELEG	4500000360	136692	KEY		
EINKBELEG	4500000360	136692	KEY		
EINKBELEG	4600000000	14683	KEY		
EINKBELEG	4600000001	18376	KEY		
EINKBELEG	4600000002	18389	KEY		
EINKBELEG	4600000003	18392	KEY		
EINKBELEG	4600000003	18393	KDATE	20220602	20210602
EINKBELEG	4600000004	18461	KEY		
EINKBELEG	4600000004	18462	LOEKZ	X	
EINKBELEG	4600000004	18462	LOEKZ	L	
EINKBELEG	4600000004	18462	STAPO	X	
EINKBELEG	4600000005	18465	KEY		
EINKBELEG	4600000006	19052	KEY		
EINKBELEG	4600000006	19197	AEDAT	20200624	20200619
EINKBELEG	4600000006	19197	BRTWR	2450.00	1800.00
EINKBELEG	4600000006	19197	EFFWR	2450.00	1800.00
EINKBELEG	4600000006	19197	NETPR	2450.00	1800.00
EINKBELEG	4600000006	19197	ZWERT	2450.00	1800.00
EINKBELEG	4600000006	19201	ADRNR	0000024537	
EINKBELEG	4600000006	19203	AEDAT	20200625	20200624
EINKBELEG	4600000006	19203	BRTWR	1800.00	2450.00
EINKBELEG	4600000006	19203	EFFWR	1800.00	2450.00
EINKBELEG	4600000006	19203	NETPR	1800.00	2450.00
EINKBELEG	4600000006	19203	ZWERT	1800.00	2450.00
EINKBELEG	4600000006	19427	AEDAT	20200706	20200625
EINKBELEG	4600000006	19427	BRTWR	4950.00	1800.00
EINKBELEG	4600000006	19427	EFFWR	4950.00	1800.00
EINKBELEG	4600000006	19427	NETPR	4950.00	1800.00
EINKBELEG	4600000006	19427	ZWERT	4950.00	1800.00
EINKBELEG	4600000006	19456	FRGKE	2	1
EINKBELEG	4600000006	19456	FRGZU	X	
EINKBELEG	4600000006	19456	PROCSTAT	05	03
EINKBELEG	4600000006	19456	RLWRT	4950.00	0.00
EINKBELEG	4600000006	28284	KDATE	20211231	20201231
EINKBELEG	4600000006	59106	FRGKE		2
EINKBELEG	4600000006	59106	FRGSX		01
EINKBELEG	4600000006	59106	FRGZU		X
EINKBELEG	4600000006	59106	KDATE	20221231	20211231
EINKBELEG	4600000006	59106	PROCSTAT	02	05
EINKBELEG	4600000006	59110	AEDAT	20220207	20200706
EINKBELEG	4600000006	59110	BRTWR	5030.00	4950.00
EINKBELEG	4600000006	59110	EFFWR	5030.00	4950.00
EINKBELEG	4600000006	59110	NETPR	5030.00	4950.00
EINKBELEG	4600000006	59110	ZWERT	5030.00	4950.00
EINKBELEG	4600000007	19450	KEY		
EINKBELEG	4600000007	19455	FRGKE	2	1
EINKBELEG	4600000007	19455	FRGZU	X	
EINKBELEG	4600000007	19455	PROCSTAT	05	03
EINKBELEG	4600000007	19455	RLWRT	9900.00	0.00
EINKBELEG	4600000007	20212	FRGKE		2
EINKBELEG	4600000007	20212	FRGSX		01
EINKBELEG	4600000007	20212	FRGZU		X
EINKBELEG	4600000007	20212	PROCSTAT	02	05
EINKBELEG	4600000007	20212	AEDAT	20200711	20200707
EINKBELEG	4600000007	20212	BRTWR	12430.00	9900.00
EINKBELEG	4600000007	20212	EFFWR	12430.00	9900.00
EINKBELEG	4600000007	20212	NETPR	12430.00	9900.00
EINKBELEG	4600000007	20212	ZWERT	12430.00	9900.00
EINKBELEG	4600000007	20247	AEDAT	20200712	20200711
EINKBELEG	4600000007	20247	BRTWR	13750.00	12430.00
EINKBELEG	4600000007	20247	EFFWR	13750.00	12430.00
EINKBELEG	4600000007	20247	NETPR	13750.00	12430.00
EINKBELEG	4600000007	20247	ZWERT	13750.00	12430.00
EINKBELEG	4600000007	21015	FRGKE	1	
EINKBELEG	4600000007	21015	FRGSX	01	
EINKBELEG	4600000007	21015	PROCSTAT	03	02
EINKBELEG	4600000007	21015	AEDAT	20200731	20200712
EINKBELEG	4600000007	21015	BRTWR	14350.00	13750.00
EINKBELEG	4600000007	21015	EFFWR	14350.00	13750.00
EINKBELEG	4600000007	21015	NETPR	14350.00	13750.00
EINKBELEG	4600000007	21015	ZWERT	14350.00	13750.00
EINKBELEG	4600000007	21019	BRTWR	14410.00	14350.00
EINKBELEG	4600000007	21019	EFFWR	14410.00	14350.00
EINKBELEG	4600000007	21019	NETPR	14410.00	14350.00
EINKBELEG	4600000007	21019	ZWERT	14410.00	14350.00
EINKBELEG	4600000007	120284	DESCRIPTION	Quantity Contract	
EINKBELEG	4600000008	30766	KEY		
EINKBELEG	4600000008	30768	BRTWR	7500.00	7375.00
EINKBELEG	4600000008	30768	EFFWR	7500.00	7375.00
EINKBELEG	4600000008	30768	NETPR	15.00	14.75
EINKBELEG	4600000008	30768	ZWERT	7500.00	7375.00
EINKBELEG	4600000008	30788	IDNLF	TL-123-AC	
EINKBELEG	4600000008	30788	PLIFZ	5	0
EINKBELEG	4600000008	30789	FRGKE	2	1
EINKBELEG	4600000008	30789	FRGZU	X	
EINKBELEG	4600000008	30789	PROCSTAT	05	03
EINKBELEG	4600000008	30789	RLWRT	7500.00	0.00
EINKBELEG	4600000009	56205	KEY		
EINKBELEG	4600000010	118758	KEY		
EINKBELEG	4600000010	118760	FRGKE	2	1
EINKBELEG	4600000010	118760	FRGZU	X	
EINKBELEG	4600000010	118760	PROCSTAT	05	03
EINKBELEG	4600000010	118760	RLWRT	99999999.00	0.00
EINKBELEG	4600000010	119341	AEDAT	20241212	20241206
EINKBELEG	4600000010	119341	MEINS	H	ST
EINKBELEG	4600000010	119343	MEINS	ST	H
EINKBELEG	4600000010	119345	MEINS	H	ST
EINKBELEG	4600000010	119488	KEY		
EINKBELEG	4600000010	119488	AEDAT	20241213	20241212
EINKBELEG	4600000010	119488	LOEKZ	L	
EINKBELEG	4600000010	119488	STAPO	X	
EINKBELEG	4600000010	119488	KEY		
EINKBELEG	4600000010	119861	KEY		
EINKBELEG	4600000010	119861	KEY		
EINKBELEG	4600000010	120408	FRGKE		2
EINKBELEG	4600000010	120408	FRGSX		01
EINKBELEG	4600000010	120408	FRGZU		X
EINKBELEG	4600000010	120408	PROCSTAT	02	05
EINKBELEG	4600000010	120408	AEDAT	20241224	20241213
EINKBELEG	4600000010	120408	LOEKZ	L	
EINKBELEG	4600000010	120408	STAPO	X	
EINKBELEG	4600000010	120408	AEDAT	20241224	20241216
EINKBELEG	4600000010	120408	LOEKZ	L	
EINKBELEG	4600000010	120408	STAPO	X	
EINKBELEG	4600000010	122221	KEY		
EINKBELEG	4600000010	122221	FRGKE	1	
EINKBELEG	4600000010	122221	FRGSX	01	
EINKBELEG	4600000010	122221	PROCSTAT	03	02
EINKBELEG	4600000010	122221	KEY		
EINKBELEG	4600000010	122225	LOEKZ	L	
EINKBELEG	4600000010	122225	STAPO	X	
EINKBELEG	4600000010	122225	KEY		
EINKBELEG	4600000011	120264	KEY		
EINKBELEG	4600000011	120273	KEY		
EINKBELEG	4600000011	120277	LOEKZ	L	
EINKBELEG	4600000011	120277	STAPO	X	
EINKBELEG	4600000011	120281	KEY		
EINKBELEG	4600000011	120283	LLIEF	0000010036	
EINKBELEG	4600000011	120410	KDATB	20241201	20241223
EINKBELEG	4600000011	120410	AEDAT	20241224	20241223
EINKBELEG	4600000011	120410	LOEKZ	L	
EINKBELEG	4600000011	120410	STAPO	X	
EINKBELEG	4600000011	120412	AEDAT	20241224	20241223
EINKBELEG	4600000011	120412	MATKL	P001	YBPM02
EINKBELEG	4600000012	120285	KEY		
EINKBELEG	4600000013	120387	KEY		
EINKBELEG	4600000013	120419	KDATB	20241201	20241224
EINKBELEG	5500000000	16016	KEY		
EINKBELEG	5500000000	16016	KEY		
EINKBELEG	5500000001	16030	KEY		
EINKBELEG	5500000001	16030	KEY		
EINKBELEG	5500000002	16105	KEY		
EINKBELEG	5500000002	16105	KEY		
EINKBELEG	5500000003	16149	KEY		
EINKBELEG	5500000003	16149	KEY		
EINKBELEG	5500000004	16155	KEY		
EINKBELEG	5500000004	16155	KEY		
EINKBELEG	5500000005	20043	KEY		
EINKBELEG	5500000005	20043	KEY		
EINKBELEG	5500000006	25470	KEY		
EINKBELEG	5500000006	25470	KEY		
EINKBELEG	5500000006	25470	KEY		
EINKBELEG	5500000006	25470	KEY		
EINKBELEG	5500000007	26783	KEY		
EINKBELEG	5500000007	26786	FRGKE	1	
EINKBELEG	5500000007	26786	FRGSX	01	
EINKBELEG	5500000007	26786	LANDS	NL	
EINKBELEG	5500000007	26786	PROCSTAT	03	14
EINKBELEG	5500000007	26786	STCEG_L	NL	
EINKBELEG	5500000007	26786	LOEKZ	L	
EINKBELEG	5500000007	26786	STAPO	X	
EINKBELEG	5500000007	26786	KEY		
EINKBELEG	5500000007	26787	KEY		
EINKBELEG	5500000007	26787	MENGE	50000.000	0.000
EINKBELEG	5500000007	26787	NETWR	200000000.00	0.00
EINKBELEG	5500000007	26788	MENGE	3000.000	50000.000
EINKBELEG	5500000007	26788	MENGE	3000.000	50000.000
EINKBELEG	5500000007	26788	NETWR	12000000.00	200000000.00
EINKBELEG	5500000007	26791	MENGE	5000.000	3000.000
EINKBELEG	5500000007	26791	MENGE	5000.000	3000.000
EINKBELEG	5500000007	26791	NETWR	20000000.00	12000000.00
EINKBELEG	6000000000	56390	KEY		
EINKBELEG	6000000000	56392	INCO1	CFR	
EINKBELEG	6000000000	56392	INCO2	Sint-Niklaas	
EINKBELEG	6000000000	56392	INCO2_L	Sint-Niklaas	
EINKBELEG	6000000000	56392	KALSM	RM0000	
EINKBELEG	6000000000	56392	STATU	A	
EINKBELEG	6000000000	56392	ZBD1T	30	0
EINKBELEG	6000000000	56392	ZTERM	NT30	
EINKBELEG	6000000000	56392	BRTWR	9.60	0.00
EINKBELEG	6000000000	56392	EFFWR	9.60	0.00
EINKBELEG	6000000000	56392	NETPR	0.80	0.00
EINKBELEG	6000000000	56392	STATU	A	
EINKBELEG	6000000000	56392	ZWERT	9.60	0.00
EINKBELEG	6000000001	56391	KEY		
EINKBELEG	6000000001	56394	INCO1	FH	
EINKBELEG	6000000001	56394	KALSM	RM0000	
EINKBELEG	6000000001	56394	STATU	A	
EINKBELEG	6000000001	56394	ZBD1T	30	0
EINKBELEG	6000000001	56394	ZTERM	NT30	
EINKBELEG	6000000001	56394	BRTWR	9.00	0.00
EINKBELEG	6000000001	56394	EFFWR	9.00	0.00
EINKBELEG	6000000001	56394	NETPR	0.75	0.00
EINKBELEG	6000000001	56394	STATU	A	
EINKBELEG	6000000001	56394	ZWERT	9.00	0.00
EINKBELEG	7000000000	56383	KEY		
EINKBELEG	7000000000	56383	KEY		
EINKBELEG	7000000000	56383	KEY		
EINKBELEG	7000000000	56383	KEY		
EINKBELEG	7000000000	56383	KEY		
EINKBELEG	7000000000	56383	KEY		
EINKBELEG	7000000000	56385	PROCSTAT	06	01
EINKBELEG	7000000000	56386	BEDAT	20211112	00000000
EINKBELEG	7000000000	56386	PROCSTAT	02	06
EINKBELEG	7000000001	56388	KEY		
EINKBELEG	7000000001	56388	KEY		
EINKBELEG	7000000001	56388	KEY		
EINKBELEG	7000000001	56388	KEY		
EINKBELEG	7000000001	56388	KEY		
EINKBELEG	7000000001	56396	KTWRT	100.00	0.00
EINKBELEG	7000000002	56399	KEY		
EINKBELEG	7000000002	56399	KEY		
EINKBELEG	7000000002	56399	KEY		
EINKBELEG	7000000002	56399	KEY		
EINKBELEG	7000000002	56399	KEY		
EINKBELEG	7000000002	56401	PROCSTAT	06	01
EINKBELEG	7000000002	56402	BEDAT	20211112	00000000
EINKBELEG	7000000002	56402	PROCSTAT	02	06
EINKBELEG	8000000000	56403	KEY		
EINKBELEG	8000000000	56403	KEY		
EINKBELEG	8000000000	56403	KEY		
EINKBELEG	8000000000	56406	BRTWR	78.00	0.00
EINKBELEG	8000000000	56406	EFFWR	78.00	0.00
EINKBELEG	8000000000	56406	NETPR	13.00	0.00
EINKBELEG	8000000000	56406	NETWR	78.00	0.00
EINKBELEG	8000000000	56408	PROCSTAT	02	01
EINKBELEG	8000000001	56404	KEY		
EINKBELEG	8000000001	56404	KEY		
EINKBELEG	8000000001	56404	KEY		
EINKBELEG	8000000001	56405	BRTWR	60.00	0.00
EINKBELEG	8000000001	56405	EFFWR	60.00	0.00
EINKBELEG	8000000001	56405	NETPR	10.00	0.00
EINKBELEG	8000000001	56405	NETWR	60.00	0.00
EINKBELEG	8000000001	56407	PROCSTAT	02	01
