BANFN	BNFPO	ERNAM	ERDAT	EBELN	EBELP
10000000	10	User_021	2019-09-20	4500000000	10
10000010	10	User_021	2019-09-23	4500000003	10
10000011	10	User_021	2019-11-07	4500000004	10
10000012	10	User_021	2019-09-23	4500000005	10
10000020	10	User_002	2019-10-07		
10000030	10	User_067	2019-11-07		
10000031	10	User_067	2019-11-07		
10000032	10	User_068	2019-11-07		
10000033	10	User_070	2019-11-07		
10000034	10	User_070	2019-11-07		
10000035	10	User_021	2019-11-07		
10000036	10	User_001	2019-11-07		
10000037	10	User_070	2019-11-07	4500000149	10
10000038	10	User_069	2019-11-07		
10000039	10	User_010	2020-11-01	4500000150	10
10000040	10	User_001	2019-11-07		
10000041	10	User_001	2019-11-07	4500000008	10
10000042	10	User_021	2019-11-07	4500000012	10
10000043	10	User_070	2019-11-07	4500000011	10
10000044	10	User_068	2019-11-07	4500000009	10
10000045	10	User_069	2019-11-07	4500000010	10
10000046	10	User_010	2019-11-07		
10000047	10	User_010	2019-11-07	4500000013	10
10000048	10	User_021	2019-11-12	4500000015	10
10000049	10	User_010	2019-11-29		
10000050	10	User_003	2019-11-29		
10000051	10	User_010	2019-11-29		
10000052	10	User_010	2019-11-29		
10000053	10	User_010	2019-11-29		
10000054	10	User_010	2019-12-03		
10000055	10	User_006	2019-12-03		
10000056	10	User_010	2019-12-03	4500000021	10
10000057	10	User_010	2019-12-03	4500000022	10
10000058	10	User_006	2019-12-03		
10000059	10	User_010	2019-12-03	4500000023	10
10000060	10	User_010	2019-12-03		
10000070	10	User_002	2020-01-06		
10000070	20	User_002	2020-01-06		
10000072	10	User_002	2021-02-16		
10000073	10	User_069	2020-01-29		
10000074	10	User_069	2020-01-30		
10000075	10	User_009	2020-02-25	4500000031	10
10000076	10	User_009	2021-12-14		
10000077	10	User_009	2021-12-14		
10000080	10	User_009	2020-03-02	4500000032	10
10000081	10	User_058	2020-03-26	4500000033	10
10000082	10	User_058	2020-03-26	4500000034	10
10000083	10	User_004	2020-03-26	4500000035	10
10000084	10	User_082	2020-03-30	4500000036	10
10000085	10	User_082	2020-04-02		
10000090	10	User_058	2020-05-27	4500000038	10
10000100	10	User_006	2020-05-29	4500000040	10
10000101	10	User_006	2020-06-02	4500000041	10
10000101	20	User_006	2020-06-02	4500000041	20
10000102	10	User_006	2020-06-02		
10000102	20	User_006	2020-06-02		
10000103	10	User_006	2020-06-02	4500000049	10
10000104	10	User_057	2020-06-02	4500000050	10
10000105	10	User_025	2022-06-27		
10000106	10	User_025	2020-06-02		
10000110	10	User_006	2020-06-04		
10000111	10	User_025	2022-06-27	4500000055	10
10000120	10	User_082	2020-06-08		
10000121	10	User_006	2020-06-08		
10000131	10	User_057	2020-06-12	4500000059	10
10000131	20	User_057	2020-06-12		
10000131	30	User_057	2020-06-12	4500000059	20
10000141	10	User_057	2021-02-15		
10000151	10	User_002	2020-07-08		
10000161	10	User_009	2021-12-14		
10000171	10	User_057	2020-06-29	4500000093	10
10000171	20	User_057	2020-06-29	4500000094	10
10000172	10	User_009	2022-06-27	4500000092	10
10000173	10	User_009	2022-06-27		
10000174	10	User_002	2020-06-25		
10000175	10	User_002	2020-07-07		
10000176	10	User_002	2020-07-15		
10000181	10	User_057	2020-06-30	4500000098	10
10000191	10	User_025	2021-06-07		
10000192	10	User_025	2021-06-07		
10000193	10	User_025	2021-06-07		
10000194	10	User_002	2020-07-09		
10000195	10	User_002	2020-07-06		
10000196	10	User_002	2020-07-06		
10000197	10	User_002	2020-07-07	4500000101	10
10000198	10	User_002	2020-07-07	4500000102	10
10000201	10	User_002	2020-07-10		
10000202	10	User_002	2020-07-10		
10000203	10	User_002	2020-07-13		
10000204	10	User_002	2020-07-12		
10000205	10	User_002	2020-07-10		
10000206	10	User_002	2020-07-15		
10000207	10	User_002	2020-07-15		
10000208	10	User_057	2022-04-29		
10000209	10	User_057	2022-04-29		
10000210	10	User_057	2022-04-29	4500000106	10
10000211	10	User_057	2022-04-29		
10000212	10	User_057	2022-04-29		
10000213	10	User_057	2022-04-29		
10000214	10	User_057	2022-04-29		
10000215	10	User_057	2022-04-29		
10000216	10	User_057	2022-04-29		
10000217	10	User_057	2022-04-29		
10000218	10	User_057	2022-04-29		
10000219	10	User_057	2022-04-29	4500000108	10
10000220	10	User_057	2022-04-29		
10000221	10	User_057	2022-04-29		
10000231	10	User_057	2022-04-29		
10000232	10	User_057	2022-04-29	4500000111	10
10000233	10	User_057	2022-04-29		
10000234	10	User_057	2022-04-29	4500000112	10
10000235	10	User_057	2022-04-29	4500000113	10
10000236	10	User_057	2022-04-29	4500000114	10
10000237	10	User_057	2022-04-29	4500000115	10
10000238	10	User_057	2022-04-29		
10000239	10	User_057	2022-04-29		
10000240	10	User_002	2020-07-16		
10000241	10	User_002	2020-07-16		
10000242	10	User_002	2020-07-17		
10000243	10	User_002	2020-07-16		
10000244	10	User_002	2020-07-16		
10000245	10	User_025	2020-12-03	4500000118	10
10000246	10	User_002	2020-07-17		
10000247	10	User_057	2022-04-11		
10000251	10	User_057	2022-04-29	4500000120	10
10000252	10	User_057	2022-04-29		
10000253	10	User_057	2022-04-29	4500000121	10
10000261	10	User_057	2022-04-29	4500000122	10
10000262	10	User_057	2022-04-29	4500000123	10
10000263	10	User_057	2022-04-12	4500000124	10
10000271	10	User_083	2020-08-06	4500000125	10
10000272	10	User_083	2020-08-06		
10000273	10	User_083	2020-08-06		
10000274	10	User_083	2020-08-06		
10000275	10	User_083	2020-08-06		
10000276	10	User_083	2020-08-06		
10000277	10	User_083	2020-08-06		
10000278	10	User_083	2020-08-06		
10000279	10	User_083	2020-08-06		
10000280	10	User_083	2020-08-06		
10000281	10	User_083	2020-08-06		
10000282	10	User_083	2020-08-06		
10000283	10	User_083	2020-08-06		
10000284	10	User_083	2020-08-06		
10000285	10	User_083	2020-08-06		
10000286	10	User_025	2022-04-29		
10000287	10	User_025	2022-04-29		
10000288	10	User_025	2022-04-29		
10000289	10	User_082	2021-06-07		
10000290	10	User_082	2020-08-07		
10000296	10	User_009	2020-08-18	4500000128	10
10000297	10	User_009	2020-08-18	4500000129	10
10000298	10	User_009	2020-08-18	4500000130	10
10000306	10	User_009	2020-08-17	4500000131	10
10000316	10	User_025	2021-12-14	4500000132	10
10000326	10	User_009	2020-08-20	4500000133	10
10000336	10	User_082	2020-08-29		
10000338	10	User_082	2021-06-07		
10000339	10	User_082	2020-08-18		
10000340	10	User_082	2020-08-18		
10000346	10	User_009	2022-04-29	4500000134	10
10000356	10	User_009	2020-08-20	4500000135	10
10000357	10	User_009	2021-12-14	4500000136	10
10000366	10	User_008	2022-05-03	4500000137	10
10000367	10	User_008	2022-05-03	4500000137	20
10000368	10	User_010	2021-12-14		
10000376	10	User_008	2022-04-29	4500000141	20
10000377	10	User_008	2022-04-29	4500000141	10
10000378	10	User_008	2020-08-26	4500000142	10
10000379	10	User_008	2022-07-05	4500000143	10
10000380	10	User_008	2022-07-05	4500000144	10
10000386	10	User_025	2022-08-01		
10000387	10	User_025	2022-08-01	4500000145	10
10000406	10	User_082	2020-09-01		
10000416	10	User_010	2022-04-29		
10000426	10	User_025	2022-04-29	4500000146	10
10000439	10	User_082	2020-09-29		
10000440	10	User_003	2021-12-14		
10000450	10	User_001	2020-10-27		
10000451	10	User_001	2020-10-27	4500000148	10
10000452	10	User_001	2020-10-28		
10000453	10	User_001	2020-10-28		
10000454	10	User_001	2020-10-28		
10000455	10	User_001	2020-10-28		
10000456	10	User_001	2020-10-28		
10000457	10	User_001	2020-10-28		
10000458	10	User_001	2020-10-28		
10000459	10	User_001	2020-10-28		
10000460	10	User_001	2020-10-29		
10000461	10	User_001	2020-10-29		
10000470	10	User_001	2020-10-31		
10000471	10	User_001	2020-11-01	4500000151	10
10000480	10	User_082	2020-11-01	4500000152	10
10000481	10	User_082	2020-11-01	4500000153	10
10000482	10	User_082	2020-11-02	4500000154	10
10000483	10	User_082	2020-11-03		
10000484	10	User_082	2020-11-03		
10000485	10	User_082	2020-11-03		
10000486	10	User_082	2020-11-03		
10000487	10	User_082	2020-11-03		
10000488	10	User_082	2020-11-03		
10000489	10	User_082	2020-11-03		
10000490	10	User_082	2020-11-03		
10000491	10	User_082	2020-11-03		
10000492	10	User_082	2020-11-03		
10000493	10	User_082	2020-11-03		
10000494	10	User_057	2020-11-03		
10000504	10	User_058	2020-12-18	4500000155	10
10000505	10	User_058	2020-12-18	4500000156	10
10000514	10	User_030	2021-01-28	4500000157	10
10000524	10	User_030	2022-03-03		
10000525	10	User_030	2021-02-02		
10000526	10	User_030	2021-02-02		
10000527	10	User_030	2021-02-02		
10000528	10	User_030	2021-06-07		
10000529	10	User_025	2022-04-29	4500000159	10
10000530	10	User_025	2022-04-29		
10000531	10	User_082	2021-02-04		
10000532	10	User_082	2021-02-04		
10000534	10	User_082	2021-02-04		
10000535	10	User_082	2021-02-04		
10000536	10	User_025	2022-03-03		
10000537	10	User_025	2022-03-03	4500000160	10
10000538	10	User_002	2021-02-05		
10000539	10	User_002	2021-02-05		
10000548	10	User_082	2021-02-07		
10000549	10	User_082	2021-02-07		
10000564	10	User_083	2021-02-08		
10000570	10	User_002	2021-02-08		
10000575	10	User_082	2021-02-13		
10000581	10	User_010	2021-02-09	4500000177	10
10000681	10	User_082	2021-02-09		
10000682	10	User_082	2021-02-09		
10000690	10	User_030	2021-02-10	4500000181	10
10000729	10		2021-02-11		
10000750	10		2021-02-11		
10000823	10	User_082	2021-02-13	4500000185	10
10000831	10	User_002	2021-02-16	4500000187	10
10000859	10	User_002	2021-02-16		
10000860	10	User_002	2021-02-16		
10000864	10	User_082	2021-02-17	4500000196	10
10000867	10	User_002	2021-02-17		
10000868	10	User_002	2021-02-19		
10000876	10	User_082	2021-02-17		
10000877	10	User_082	2021-02-17		
10000878	10	User_002	2021-03-01		
10000879	10	User_002	2021-03-01		
10000888	10	User_025	2021-03-02		
10000889	10	User_025	2021-03-02	4500000200	10
10000890	10	User_025	2021-03-02	4500000200	10
10000891	10	User_002	2021-03-02		
10000898	10	User_002	2021-03-03		
10000899	10	User_002	2021-03-08		
10000900	10	User_002	2021-03-03		
10000901	10	User_002	2021-03-03		
10000912	10	User_082	2021-03-03		
10000913	10	User_082	2021-03-03		
10000914	10	User_082	2021-03-03		
10000915	10	User_082	2021-03-03		
10000916	10	User_082	2021-03-03		
10000917	10	User_082	2021-03-03		
10000918	10	User_082	2021-03-03		
10000919	10	User_082	2021-03-03		
10000923	10	User_082	2021-03-03		
10000924	10	User_082	2021-03-03		
10000925	10	User_082	2021-03-03		
10000926	10	User_082	2021-03-03		
10000927	10	User_082	2021-03-03		
10000928	10	User_082	2021-03-03		
10000929	10	User_082	2021-03-03		
10000930	10	User_082	2021-03-03		
10000931	10	User_082	2021-03-03		
10000936	10	User_067	2021-03-23		
10000946	10	User_082	2021-04-13		
10000949	10	User_082	2021-04-15		
10000959	10	User_025	2022-02-23		
10000960	10	User_025	2022-02-23		
10000961	10	User_025	2022-02-23		
10000962	10	User_025	2022-02-23	4500000210	10
10000963	10	User_032	2022-03-03		
10000964	10	User_032	2022-03-03		
10000965	10	User_032	2022-03-03		
10000966	10	User_032	2022-03-03		
10000969	10	User_032	2022-09-14	4500000211	10
10000979	10	User_032	2022-03-03	4500000212	10
10000980	10	User_032	2021-05-25		
10000981	10	User_032	2022-03-03	4500000213	10
10000982	10	User_032	2022-03-03		
10000983	10	User_032	2022-03-03		
10000989	10	User_032	2022-03-03	4500000214	10
10000999	10	User_082	2021-05-26		
10001000	10	User_082	2021-05-26		
10001001	10	User_082	2021-05-26		
10001002	10	User_082	2021-05-26		
10001003	10	User_082	2021-05-26		
10001004	10	User_032	2022-02-24	4500000215	10
10001005	10	User_032	2021-06-03	4500000216	10
10001006	10	User_032	2021-06-03		
10001007	10	User_032	2021-06-03		
10001008	10	User_032	2021-06-03	4500000218	10
10001014	10	User_032	2021-06-03		
10001024	10	User_011	2022-03-03	4500000219	10
10001026	10	User_011	2022-03-03	4500000220	10
10001034	10	User_082	2021-06-15	4500000221	10
10001035	10	User_011	2022-03-03	4500000222	10
10001044	10	User_002	2021-07-19		
10001054	10	User_072	2021-07-23		
10001055	10	User_072	2021-07-23		
10001056	10	User_072	2021-07-23		
10001057	10	User_072	2021-07-23		
10001058	10	User_072	2021-07-23		
10001059	10	User_072	2021-07-23		
10001060	10	User_072	2021-07-23		
10001061	10	User_072	2021-07-23	4500000227	10
10001062	10	User_072	2021-07-23	4500000228	10
10001063	10	User_072	2021-07-23		
10001064	10	User_072	2021-07-23	4500000229	10
10001065	10	User_072	2021-08-10	4500000231	10
10001066	10	User_072	2021-08-10	4500000241	10
10001067	10	User_072	2021-08-10	4500000232	10
10001068	10	User_072	2021-08-10	4500000233	10
10001069	10	User_072	2021-08-11		
10001070	10	User_072	2021-08-11		
10001071	10	User_072	2021-08-11	4500000234	10
10001072	10	User_072	2021-08-11		
10001073	10	User_072	2021-08-11		
10001074	10	User_002	2021-08-13		
10001075	10	User_073	2021-08-11	4500000242	10
10001076	10	User_073	2021-08-11	4500000241	20
10001077	10	User_073	2021-08-12	4500000241	30
10001078	10	User_072	2021-08-12		
10001079	10	User_072	2021-08-12		
10001080	10	User_073	2021-08-12	4500000241	40
10001081	10	User_073	2021-08-12		
10001082	10	User_072	2021-08-12		
10001083	10	User_073	2021-08-12		
10001084	10	User_073	2021-08-12		
10001085	10	User_073	2021-08-12		
10001086	10	User_073	2021-08-12	4500000236	10
10001087	10	User_073	2021-08-12	4500000235	10
10001088	10	User_072	2021-08-12	4500000237	10
10001089	10	User_073	2021-08-12		
10001090	10	User_072	2021-08-12		
10001091	10	User_072	2021-08-12		
10001092	10	User_073	2021-08-12	4500000238	10
10001093	10	User_072	2021-08-13	4500000239	10
10001094	10	User_073	2021-08-13	4500000240	10
10001095	10	User_073	2021-08-13	4500000243	10
10001095	20	User_073	2021-08-13		
10001096	10	User_073	2021-08-13	4500000244	10
10001097	10	User_073	2021-08-13	4500000245	10
10001098	10	User_072	2021-08-17	4500000256	10
10001099	10	User_072	2021-08-16		
10001100	10	User_073	2021-08-16	4500000248	10
10001101	10	User_073	2021-08-16	4500000251	10
10001102	10	User_073	2021-08-16	4500000249	10
10001103	10	User_073	2021-08-16	4500000250	10
10001104	10	User_073	2021-08-16	4500000252	10
10001105	10	User_073	2021-08-16	4500000253	10
10001106	10	User_073	2021-08-16	4500000254	10
10001107	10	User_073	2021-08-16	4500000255	10
10001108	10	User_073	2021-08-17	4500000258	10
10001109	10	User_073	2021-08-17	4500000257	10
10001114	10	User_039	2022-04-11	4500000264	10
10001124	10	User_011	2021-10-25	4500000267	10
10001134	10	User_011	2022-03-08		
10001144	10	User_002	2021-11-12		
10001154	10	User_002	2021-11-12		
10001155	10	User_002	2021-11-12	7000000000	10
10001156	10	User_002	2021-11-12	7000000001	10
10001157	10	User_002	2021-11-12		
10001158	10	User_002	2021-11-12	7000000002	10
10001164	10	User_002	2021-11-17	4500000268	10
10001165	10	User_002	2021-11-18	4500000269	10
10001174	10	User_002	2021-11-19		
10001175	10	User_002	2021-11-19		
10001184	10	User_048	2021-11-23		
10001194	10	User_048	2021-11-24		
10001204	10	User_025	2021-12-01		
10001205	10	User_025	2021-12-01		
10001214	10	User_025	2022-08-01		
10001224	10	User_048	2022-01-20		
10001224	20	User_048	2022-01-20		
10001225	10	User_048	2022-01-20		
10001225	20	User_048	2022-01-20		
10001225	30	User_048	2022-01-20		
10001234	10	User_032	2022-03-15	4500000270	10
10001244	10	User_038	2022-02-07	4500000271	10
10001245	10	User_038	2022-02-07		
10001254	10	User_032	2022-03-15		
10001264	10	User_032	2023-03-28	4500000272	10
10001265	10	User_032	2022-02-16		
10001274	10	User_082	2022-02-16	4500000273	10
10001275	10	User_032	2023-03-28	4500000274	10
10001284	10	User_038	2022-05-03	4500000275	10
10001285	10	User_038	2022-04-11	4500000276	10
10001286	10	User_038	2022-03-15	4500000278	10
10001287	10	User_038	2022-03-15	4500000277	10
10001294	10	User_038	2022-04-11	4500000281	10
10001295	10	User_038	2022-04-11	4500000280	10
10001296	10	User_038	2022-04-11		
10001297	10	User_038	2022-04-11		
10001304	10	User_032	2022-02-23	4500000283	10
10001305	10	User_032	2022-02-23		
10001314	10	User_007	2022-02-24		
10001324	10	User_062	2022-03-15		
10001325	10	User_062	2022-03-14	4500000285	10
10001334	10	User_007	2022-03-15		
10001337	10	User_011	2022-03-30	4500000288	10
10001338	10	User_011	2022-03-30	4500000289	10
10001339	10	User_062	2022-03-29	4500000290	10
10001340	10	User_082	2022-03-16		
10001341	10	User_082	2022-03-16		
10001342	10	User_011	2022-03-30	4500000291	10
10001343	10	User_062	2022-03-29	4500000292	10
10001344	10	User_062	2022-03-18	4500000293	10
10001345	10	User_062	2022-03-30		
10001354	10	User_017	2022-04-22		
10001364	10	User_059	2022-04-22		
10001365	10	User_059	2022-04-26		
10001374	10	User_017	2022-07-01		
10001375	10	User_036	2022-05-05		
10001376	10	User_036	2022-05-06		
10001377	10	User_036	2022-06-28		
10001384	10	User_017	2022-06-28		
10001385	10	User_017	2022-06-28		
10001386	10	User_017	2022-06-27		
10001387	10	User_017	2022-06-27		
10001388	10	User_017	2022-06-27		
10001389	10	User_017	2022-06-27		
10001390	10	User_017	2022-06-27		
10001391	10	User_017	2022-07-01		
10001392	10	User_017	2022-07-01		
10001393	10	User_017	2022-07-02		
10001394	10	User_017	2022-07-01		
10001395	10	User_017	2022-07-01		
10001396	10	User_017	2022-06-28		
10001397	10	User_017	2022-06-28		
10001398	10	User_017	2022-06-28		
10001399	10	User_017	2022-06-27		
10001404	10	User_017	2022-06-30		
10001405	10	User_017	2022-07-01		
10001414	10	User_017	2022-07-27		
10001424	10	User_017	2022-08-01		
10001434	10	User_084	2022-08-09		
10001444	10	User_080	2022-09-05	4500000300	10
10001454	10	User_040	2022-09-16	4500000211	40
10001455	10	User_040	2022-09-16	4500000211	30
10001456	10	User_040	2022-09-16	4500000211	20
10001464	10	User_085	2022-09-23		
10001474	10	User_018	2022-12-07		
10001475	10	User_018	2022-12-07		
10001476	10	User_002	2022-12-07	4500000302	10
10001477	10	User_002	2022-12-07	4500000303	10
10001478	10	User_002	2022-12-07		
10001478	20	User_002	2022-12-07		
10001484	10	User_002	2022-12-09		
10001484	20	User_002	2022-12-09		
10001484	30	User_002	2022-12-09		
10001484	40	User_002	2022-12-09		
10001485	10	User_018	2022-12-12		
10001485	20	User_018	2022-12-12		
10001485	30	User_018	2022-12-12		
10001485	40	User_018	2022-12-12		
10001486	10	User_018	2022-12-14		
10001487	10	User_018	2022-12-14		
10001488	10	User_002	2022-12-14		
10001488	20	User_002	2022-12-14		
10001488	30	User_002	2022-12-14		
10001488	40	User_002	2022-12-14		
10001489	10	User_018	2022-12-14		
10001490	10	User_018	2022-12-14		
10001494	10	User_002	2023-01-05		
10001494	20	User_002	2023-01-05		
10001494	30	User_002	2023-01-05		
10001504	10	User_001	2023-02-06		
10001514	10	User_048	2023-02-24		
10001514	20	User_048	2023-02-24		
10001524	10	User_040	2023-03-22		
10001534	10	User_044	2023-04-04	4500000308	10
10001535	10	User_044	2023-04-04	4500000310	10
10001536	10	User_044	2023-04-04		
10001537	10	User_044	2023-04-04	4500000311	10
10001538	10	User_044	2023-04-04	4500000312	10
10001544	10	User_044	2023-04-05	4500000313	10
10001545	10	User_044	2023-04-05	4500000313	20
10001546	10	User_044	2023-04-05	4500000314	10
10001554	10	User_063	2023-06-07	4500000316	10
10001555	10	User_044	2023-06-07	4500000317	10
10001564	10	User_076	2023-11-24	4500000319	10
10001564	20	User_076	2023-11-24	4500000319	20
10001574	10	User_054	2023-11-27	4500000320	10
10001574	20	User_054	2023-11-27	4500000320	20
10001584	10	User_054	2023-12-29	4500000321	10
10001584	20	User_054	2023-12-29	4500000321	20
10001594	10	User_054	2024-01-05	4500000322	10
10001594	20	User_054	2024-01-05	4500000322	20
10001595	10	User_054	2024-01-05	4500000323	10
10001604	10	User_044	2024-02-20		
10001614	10	User_044	2024-03-06	4500000327	10
10001624	10	User_044	2024-03-08	4500000328	10
10001625	10	User_044	2024-03-08	4500000329	10
10001634	10	User_082	2024-05-06		
10001644	10	User_007	2024-06-19		
10001644	20	User_007	2024-06-19		
10001644	30	User_007	2024-06-19		
10001644	40	User_007	2024-06-19		
10001654	10	User_082	2024-09-18		
10001655	10	User_082	2024-09-18		
10001656	10	User_082	2024-09-18		
10001674	10	User_047	2024-10-22		
10001684	10	User_047	2024-10-23		
10001694	10	User_017	2024-11-22	4500000334	10
10001695	10	User_017	2024-11-22		
10001696	10	User_034	2024-11-22		
10001697	10	User_034	2024-11-22		
10001698	10	User_017	2024-11-22	4500000335	10
10001704	10	User_017	2024-11-25	4500000336	10
10001705	10	User_074	2024-11-25		
10001706	1	User_074	2024-11-25		
10001707	1	User_074	2024-11-25	4500000337	10
10001708	10	User_074	2024-11-25	4500000338	10
10001714	10	User_082	2024-12-06		
10001716	10	User_082	2024-12-06		
10001717	10	User_082	2024-12-06		
10001724	10	User_001	2024-12-11		
10001724	20	User_001	2024-12-11		
10001724	30	User_001	2024-12-11		
10001725	10	User_050	2024-12-13		
10001734	10	User_017	2024-12-24		
10001735	10	User_081	2024-12-24	4500000339	10
10001736	10	User_017	2024-12-24		
10001737	10	User_017	2024-12-24		
10001738	10	User_017	2025-01-29	4500000340	10
10001744	10	User_017	2025-01-10		
10001745	10	User_053	2025-01-10		
10001746	10	User_053	2025-01-10		
10001747	10	User_053	2025-01-10		
10001748	10	User_053	2025-01-10		
10001749	10	User_053	2025-01-10		
10001754	10	User_017	2025-01-22		
10001755	10	User_050	2025-01-27		
10001764	10	User_001	2025-01-30		
10001765	10	User_050	2025-02-05	4500000341	10
10001766	10	User_050	2025-02-05	4500000342	10
10001774	10	User_050	2025-02-05	4500000343	10
10001775	10	User_050	2025-02-05		
10001776	10	User_050	2025-02-05	4500000344	10
10001777	10	User_050	2025-02-05	4500000345	10
10001778	10	User_050	2025-02-07	4500000346	10
10001779	10	User_050	2025-02-14		
10001780	10	User_050	2025-02-26	4500000349	10
10001781	10	User_081	2025-02-17	4500000347	10
10001782	10	User_081	2025-02-17	4500000348	10
10001783	10	User_050	2025-02-17		
10001784	10	User_050	2025-02-17		
10001785	10	User_050	2025-02-17	4500000350	10
10001786	10	User_001	2025-02-18		
10001786	20	User_001	2025-02-18		
10001787	10	User_050	2025-02-24	4500000352	10
10001794	10	User_064	2025-08-04		
10001804	10	User_064	2025-08-05		
10001805	10	User_064	2025-08-05		
10001806	10	User_064	2025-08-05		
10001807	10	User_064	2025-08-05		
10001808	10	User_064	2025-08-06		
10001809	10	User_064	2025-08-06		
10001810	10	User_064	2025-08-05		
10001811	10	User_064	2025-08-05		
10001812	10	User_064	2025-08-05		
10001813	10	User_064	2025-08-05		
10001814	10	User_064	2025-09-11		
10001824	10	User_053	2026-02-25	4500000353	10
10001834	10	User_053	2026-02-27	4500000354	10
10001844	10	User_053	2026-02-27		
10001845	10	User_053	2026-02-27		
10001846	10	User_053	2026-02-27	4500000355	10
10001847	10	User_053	2025-10-27		
10001854	10		2025-12-30	4500000356	10
10001855	10	User_082	2025-12-30		
10001856	10	User_082	2025-12-30		
10001864	10	User_053	2026-01-29		
10001874	10	User_075	2026-02-25		
10001884	10	User_082	2026-02-27		
10001885	10	User_082	2026-02-27		
10001886	10	User_082	2026-02-27		
10001887	10	User_082	2026-02-27		
10001888	10	User_082	2026-02-27		
10001889	10	User_082	2026-02-27		
10001890	10	User_082	2026-02-27		
10001891	10	User_082	2026-02-27		
10001892	10	User_082	2026-02-27		
10001893	10	User_082	2026-02-27		
10001894	10	User_082	2026-03-04	4500000357	10
10001895	10	User_082	2026-03-04	4500000358	10
10001896	10	User_082	2026-03-04	4500000359	10
10001897	10	User_082	2026-03-04	4500000360	10
