EBELN	EBELP	ZEKKN	VGABE	BELNR	BEWTP	BUDAT	MENGE	WRBTR	VGABE_LABEL
4500000002	10		1	5000000000	E	2019-09-23	10.0	128.5	Goods Receipt
4500000003	10		1	5000000001	E	2019-09-23	10.0	128.5	Goods Receipt
4500000004	10		1	5000000002	E	2019-09-23	10.0	128.5	Goods Receipt
4500000005	10		1	5000000003	E	2019-09-23	20.0	257.0	Goods Receipt
4500000007	10		1	5000000010	E	2019-11-05	5.0	64.25	Goods Receipt
4500000008	10		1	5000000012	E	2019-11-07	2.0	4000.0	Goods Receipt
4500000009	10		1	5000000011	E	2019-11-07	2.0	16.0	Goods Receipt
4500000010	10		1	5000000014	E	2019-11-07	13.0	167.05	Goods Receipt
4500000011	10		1	5000000015	E	2019-11-07	11.0	141.35	Goods Receipt
4500000012	10		1	5000000013	E	2019-11-07	20.0	257.0	Goods Receipt
4500000014	10		1	5000000016	E	2019-11-09	100.0	8500.0	Goods Receipt
4500000014	20		1	5000000016	E	2019-11-09	20.0	1800.0	Goods Receipt
4500000014	20		1	5000000031	E	2020-03-31	30.0	2700.0	Goods Receipt
4500000014	30		1	5000000020	E	2020-01-06	30.0	2700.0	Goods Receipt
4500000014	30	1	2	5105600101	Q	2020-01-06	30.0	2700.0	Invoice Receipt
4500000014	40		1	5000000021	E	2020-01-06	200.0	17000.0	Goods Receipt
4500000016	10		S	1	0	2019-11-18	80.0	10000.0	Other
4500000017	10		S	2	0	2019-11-18	80.0	10000.0	Other
4500000027	10		1	5000000022	E	2020-01-13	10.0	1000.0	Goods Receipt
4500000027	10	1	2	5105600102	Q	2020-01-13	1.0	100.0	Invoice Receipt
4500000028	10		1	5000000023	E	2020-01-27	300.0	30000.0	Goods Receipt
4500000028	10	1	2	5105600103	Q	2020-01-27	300.0	30000.0	Invoice Receipt
4500000028	10	1	2	5105600104	Q	2020-01-27	300.0	30000.0	Invoice Receipt
4500000028	10	1	2	5105600105	Q	2020-01-27	300.0	30000.0	Invoice Receipt
4500000028	10	1	2	5105600106	Q	2020-01-27	300.0	30000.0	Invoice Receipt
4500000028	10	1	2	5105600107	Q	2020-01-27	300.0	30000.0	Invoice Receipt
4500000028	10	1	2	5105600108	Q	2020-01-27	300.0	30000.0	Invoice Receipt
4500000028	10	1	2	5105600109	Q	2020-01-27	300.0	30000.0	Invoice Receipt
4500000029	10	1	2	5105600110	Q	2020-01-29	300.0	30000.0	Invoice Receipt
4500000030	10	1	2	5105600111	Q	2020-01-30	300.0	30000.0	Invoice Receipt
4500000031	10		1	5000000024	E	2020-02-24	1.0	50.0	Goods Receipt
4500000031	10	1	2	5105600112	Q	2020-02-24	1.0	50.0	Invoice Receipt
4500000035	10		1	5000000030	E	2020-03-26	1.0	12.85	Goods Receipt
4500000038	10		1	5000000040	E	2020-05-27	9.0	90.0	Goods Receipt
4500000038	10		1	5000000040	E	2020-05-27	1.0	10.0	Goods Receipt
4500000043	10		1	5000000050	E	2020-06-02	10.0	100.0	Goods Receipt
4500000043	10		2	5105600113	Q	2020-06-02	10.0	100.0	Invoice Receipt
4500000049	10		1	5000000051	E	2020-06-02	5.0	65.0	Goods Receipt
4500000049	10		2	5105600114	Q	2020-06-02	5.0	65.0	Invoice Receipt
4500000074	10		1	5000000070	E	2020-06-22	1000.0	10000.0	Goods Receipt
4500000091	10		1	5000000080	E	2020-06-23	10.0	200.0	Goods Receipt
4500000091	10		1	5000000081	E	2020-06-23	80.0	1600.0	Goods Receipt
4500000091	10		S	3	0	2020-06-23	10.0	200.0	Other
4500000091	10		S	4	0	2020-06-23	80.0	1600.0	Other
4500000091	10		S	5	0	2020-06-29	10.0	200.0	Other
4500000091	10	1	2	5105600115	Q	2020-06-23	10.0	200.0	Invoice Receipt
4500000091	10	1	2	5105600115	Q	2020-06-23	80.0	1600.0	Invoice Receipt
4500000091	10	1	2	5105600116	Q	2020-06-29	80.0	2000.0	Invoice Receipt
4500000091	10	1	2	5105600117	Q	2020-06-29	10.0	200.0	Invoice Receipt
4500000095	10		1	5000000082	E	2020-06-29	11.0	220.0	Goods Receipt
4500000095	10		S	6	0	2020-06-29	11.0	220.0	Other
4500000096	10		1	5000000083	E	2020-06-29	11.0	1100.0	Goods Receipt
4500000096	10		2	5105600118	Q	2020-06-30	11.0	1100.0	Invoice Receipt
4500000096	10		S	7	0	2020-06-29	11.0	1100.0	Other
4500000096	20		1	5000000090	E	2020-06-30	13.0	1300.0	Goods Receipt
4500000096	20	1	2	5105600118	Q	2020-06-30	13.0	1300.0	Invoice Receipt
4500000097	10		1	5000000100	E	2020-06-30	25.0	100.0	Goods Receipt
4500000100	10		1	5000000401	E	2021-06-07	1.0	4.0	Goods Receipt
4500000104	10		1	5000000110	E	2020-07-10	100.0	400.0	Goods Receipt
4500000105	10		1	5000000111	E	2020-07-13	2.0	8.0	Goods Receipt
4500000106	10		1	5000000112	E	2020-07-13	1.0	20.0	Goods Receipt
4500000107	10		1	5000000122	E	2020-07-14	1.0	10.0	Goods Receipt
4500000108	10		1	5000000113	E	2020-07-13	1.0	20.0	Goods Receipt
4500000109	10		1	5000000121	E	2020-07-14	1.0	4.0	Goods Receipt
4500000110	10		1	5000000120	E	2020-07-14	25.0	100.0	Goods Receipt
4500000111	10		1	5000000123	E	2020-07-14	1.0	100.0	Goods Receipt
4500000112	10		1	5000000124	E	2020-07-14	1.0	250.0	Goods Receipt
4500000113	10		9	1000000000	D	2020-07-14	1.0	125.0	Other
4500000113	10	1	1	5000000125	E	2020-07-14	1.0	125.0	Goods Receipt
4500000114	10		9	1000000001	D	2020-07-14	1.0	250.0	Other
4500000114	10	1	1	5000000126	E	2020-07-14	1.0	250.0	Goods Receipt
4500000115	10		9	1000000002	D	2020-07-14	1.0	250.0	Other
4500000115	10	1	1	5000000127	E	2020-07-14	1.0	250.0	Goods Receipt
4500000116	10		1	5000000400	E	2021-06-07	1.0	4.0	Goods Receipt
4500000117	10		1	5000000130	E	2020-07-20	25.0	100.0	Goods Receipt
4500000118	10		1	5000000128	E	2020-07-16	1.0	650.0	Goods Receipt
4500000119	10		1	5000000140	E	2020-07-31	25.0	100.0	Goods Receipt
4500000120	10		1	5000000150	E	2020-08-03	1.0	100.0	Goods Receipt
4500000121	10		1	5000000151	E	2020-08-03	1.0	100.0	Goods Receipt
4500000122	10		1	5000000160	E	2020-08-04	1.0	250.0	Goods Receipt
4500000123	10		9	1000000003	D	2020-08-04	1.0	250.0	Other
4500000123	10	1	1	5000000161	E	2020-08-04	1.0	250.0	Goods Receipt
4500000127	10		8	80000022	L	2020-08-10	1.0		Other
4500000127	10		8	80000022	L	2020-08-10	1.0		Other
4500000127	10		8	80000023	L	2020-08-10	1.0		Other
4500000127	10		8	80000023	L	2020-08-10	1.0		Other
4500000128	10		1	5000000170	E	2020-08-12	1.0	100.0	Goods Receipt
4500000129	10		1	5000000171	E	2020-08-12	2.0	200.0	Goods Receipt
4500000130	10		1	5000000210	E	2020-08-18	1.0	100.0	Goods Receipt
4500000131	10		9	1000000005	D	2020-08-17	1.0	750.0	Other
4500000131	10	1	1	5000000201	E	2020-08-17	1.0	750.0	Goods Receipt
4500000132	10		9	1000000004	D	2020-08-14	1.0	100.0	Other
4500000132	10	1	1	5000000190	E	2020-08-14	1.0	100.0	Goods Receipt
4500000134	10		1	5000000220	E	2020-08-19	1.0	250.0	Goods Receipt
4500000134	10		7	5000000220	O	2020-08-19	1.0	550.0	Other
4500000135	10		1	5000000230	E	2020-08-20	1.0	100.0	Goods Receipt
4500000142	10		1	5000000240	E	2020-08-26	1.0	25.0	Goods Receipt
4500000143	10		1	5000000241	E	2020-08-26	1.0	100.0	Goods Receipt
4500000144	10		9	1000000022	D	2020-08-26	1.0	250.0	Other
4500000144	10	1	1	5000000242	E	2020-08-26	1.0	250.0	Goods Receipt
4500000146	10		1	5000000250	E	2020-09-11	2.0	1000.0	Goods Receipt
4500000146	10		7	5000000250	O	2020-09-11	2.0	100.0	Other
4500000148	10		1	5000000260	E	2020-10-28	10.0	52.0	Goods Receipt
4500000148	10	1	2	5105600119	Q	2020-10-28	10.0	52.0	Invoice Receipt
4500000152	10		1	5000000270	E	2020-11-01	4.0	20.8	Goods Receipt
4500000153	10		1	5000000271	E	2020-11-01	3.0	15.6	Goods Receipt
4500000153	10	1	2	5105600120	Q	2020-11-01	3.0	15.6	Invoice Receipt
4500000154	10		1	5000000272	E	2020-11-02	7.0	36.4	Goods Receipt
4500000154	10	1	2	5105600121	Q	2020-11-02	7.0	36.4	Invoice Receipt
4500000155	10		1	5000000280	E	2020-12-18	10.0	100.0	Goods Receipt
4500000155	10		2	5105600122	Q	2020-12-18	10.0	100.0	Invoice Receipt
4500000156	10		1	5000000281	E	2020-12-18	10.0	100.0	Goods Receipt
4500000156	10		2	5105600123	Q	2020-12-18	10.0	100.0	Invoice Receipt
4500000157	10		1	5000000290	E	2021-01-27	1.0	0.1	Goods Receipt
4500000158	10		1	5000000300	E	2021-02-02	25.0	100.0	Goods Receipt
4500000161	10		1	5000000301	E	2021-02-05	2.0	3.0	Goods Receipt
4500000161	10		2	5105600124	Q	2021-02-05	2.0	3.0	Invoice Receipt
4500000162	10		1	5000000302	E	2021-02-05	1.0	5.0	Goods Receipt
4500000162	10	1	2	5105600125	Q	2021-02-05	1.0	5.0	Invoice Receipt
4500000163	10		1	5000000312	E	2021-02-09	2.0	3.0	Goods Receipt
4500000164	10		1	5000000310	E	2021-02-09	2.0	3.0	Goods Receipt
4500000165	10		1	5000000311	E	2021-02-09	2.0	3.0	Goods Receipt
4500000165	10		2	5105600126	Q	2021-02-09	2.0	3.0	Invoice Receipt
4500000166	10		1	5000000313	E	2021-02-09	2.0	3.0	Goods Receipt
4500000167	10		1	5000000314	E	2021-02-09	2.0	3.0	Goods Receipt
4500000168	10		1	5000000315	E	2021-02-09	2.0	3.0	Goods Receipt
4500000169	10		1	5000000316	E	2021-02-09	2.0	3.0	Goods Receipt
4500000170	10		1	5000000317	E	2021-02-09	2.0	3.0	Goods Receipt
4500000171	10		1	5000000318	E	2021-02-09	2.0	3.0	Goods Receipt
4500000172	10		1	5000000319	E	2021-02-09	2.0	3.0	Goods Receipt
4500000173	10		1	5000000320	E	2021-02-09	2.0	3.0	Goods Receipt
4500000174	10		1	5000000321	E	2021-02-09	2.0	3.0	Goods Receipt
4500000175	10		1	5000000322	E	2021-02-09	2.0	3.0	Goods Receipt
4500000176	10		1	5000000323	E	2021-02-09	2.0	3.0	Goods Receipt
4500000178	10		1	5000000324	E	2021-02-09	2.0	3.0	Goods Receipt
4500000179	10		1	5000000325	E	2021-02-09	1.0	5.0	Goods Receipt
4500000179	10	1	2	5105600127	Q	2021-02-09	1.0	5.0	Invoice Receipt
4500000180	10		1	5000000326	E	2021-02-09	2.0	3.0	Goods Receipt
4500000181	10		1	5000000327	E	2021-02-10	1.0	100.0	Goods Receipt
4500000183	10		1	5000000328	E	2021-02-10	2.0	72.04	Goods Receipt
4500000183	10		1	5000000329	E	2021-02-10	2.0	72.04	Goods Receipt
4500000183	10		1	5000000330	E	2021-02-10	2.0	72.04	Goods Receipt
4500000183	10		1	5000000331	E	2021-02-10	2.0	72.04	Goods Receipt
4500000183	10		1	5000000332	E	2021-02-10	2.0	72.04	Goods Receipt
4500000183	10		1	5000000333	E	2021-02-10	2.0	72.04	Goods Receipt
4500000184	10		1	5000000334	E	2021-02-11	1.0	36.02	Goods Receipt
4500000184	10		1	5000000335	E	2021-02-11	1.0	36.02	Goods Receipt
4500000185	10		1	5000000336	E	2021-02-14	30.0	45.0	Goods Receipt
4500000185	10	1	2	5105600128	Q	2021-02-17	30.0	45.0	Invoice Receipt
4500000186	10		1	5000000337	E	2021-02-14	60.0	1800.0	Goods Receipt
4500000187	10		1	5000000340	E	2021-02-17	10.0	15.0	Goods Receipt
4500000188	10		1	5000000338	E	2021-02-16	1.0	12000.0	Goods Receipt
4500000188	10		1	5000000339	E	2021-02-16	1.0	12000.0	Goods Receipt
4500000194	20		1	5000000620	E	2022-10-21	10.0	2000.0	Goods Receipt
4500000194	20		1	5000000621	E	2022-10-21	10.0	2000.0	Goods Receipt
4500000194	20		1	5000000622	E	2022-10-21	10.0	2000.0	Goods Receipt
4500000194	20		1	5000000623	E	2022-10-21	10.0	2000.0	Goods Receipt
4500000194	20		1	5000000624	E	2022-10-21	10.0	2000.0	Goods Receipt
4500000200	10		9	1000000023	D	2021-02-28	1.0	450.0	Other
4500000200	10		9	1000000026	D	2021-03-02	1.0	150.0	Other
4500000200	10	1	1	5000000360	E	2021-02-28	1.0	450.0	Goods Receipt
4500000211	10		1	5000000600	E	2022-07-10	2.0	100.0	Goods Receipt
4500000211	10	1	2	5105600138	Q	2022-08-14	2.0	100.0	Invoice Receipt
4500000211	20		1	5000000610	E	2022-09-16	1.0	125.0	Goods Receipt
4500000211	30		1	5000000610	E	2022-09-16	1.0	250.0	Goods Receipt
4500000211	40		1	5000000610	E	2022-09-16	2.0	250.0	Goods Receipt
4500000212	10		1	5000000370	E	2021-05-21	2.0	222.0	Goods Receipt
4500000212	10	1	2	5105600129	Q	2021-05-21	2.0	222.0	Invoice Receipt
4500000214	10		9	1000000028	D	2021-05-25	1.0	500.0	Other
4500000214	10		9	1000000029	D	2021-05-25	1.0	500.0	Other
4500000214	10	1	1	5000000380	E	2021-05-25	1.0	500.0	Goods Receipt
4500000214	10	1	1	5000000381	E	2021-05-25	1.0	500.0	Goods Receipt
4500000215	10		1	5000000390	E	2021-06-02	5.0	100.0	Goods Receipt
4500000215	10	1	2	5105600131	Q	2021-06-02	5.0	100.0	Invoice Receipt
4500000216	10		1	5000000391	E	2021-06-02	8.0	400.0	Goods Receipt
4500000218	10		9	1000000030	D	2021-06-02	1.0	65.75	Other
4500000218	10	1	1	5000000392	E	2021-06-02	1.0	65.75	Goods Receipt
4500000220	10		1	5000000420	E	2021-06-10	10.0	1000.0	Goods Receipt
4500000221	10		1	5000000430	E	2021-06-15	147.0	588.0	Goods Receipt
4500000222	10		1	5000000431	E	2021-06-15	10.0	1500.0	Goods Receipt
4500000223	10		1	5000000440	E	2021-06-25	100.0	10000000.0	Goods Receipt
4500000223	10	1	2	5105600132	Q	2021-06-25	100.0	10000000.0	Invoice Receipt
4500000224	10		1	5000000441	E	2021-06-25	1.0	100000.0	Goods Receipt
4500000228	10	1	2	5105600133	Q	2021-07-23	5.0	75.0	Invoice Receipt
4500000229	10		1	5000000450	E	2021-08-11	1.0	10000.0	Goods Receipt
4500000233	10	1	2	5105600134	Q	2021-08-10	10.0	150.0	Invoice Receipt
4500000234	10		1	5000000451	E	2021-08-11	10.0	150.0	Goods Receipt
4500000236	10		1	5000000452	E	2021-08-12	10.0	150.0	Goods Receipt
4500000236	10	1	2	5105600136	Q	2021-08-13	10.0	150.0	Invoice Receipt
4500000237	10		1	5000000454	E	2021-08-12	3.0	1200.0	Goods Receipt
4500000237	10		9	1000000041	D	2021-08-12	1.0	1200.0	Other
4500000238	10		1	5000000453	E	2021-08-12	10.0	150.0	Goods Receipt
4500000239	10		1	5000000455	E	2021-08-13	3.0	10000.0	Goods Receipt
4500000239	10		2	5105600135	Q	2021-08-13	1.0	10000.0	Invoice Receipt
4500000239	10		9	1000000049	D	2021-08-13	1.0	10000.0	Other
4500000245	10		1	5000000456	E	2021-08-13	6.0	90.0	Goods Receipt
4500000246	10		1	5000000457	E	2021-08-13	3.0	1800.0	Goods Receipt
4500000246	10		9	1000000050	D	2021-08-13	1.0	1800.0	Other
4500000247	10		1	5000000458	E	2021-08-16	1.0	250.0	Goods Receipt
4500000247	10		1	5000000459	E	2021-08-16	1.0	200.0	Goods Receipt
4500000247	10		9	1000000056	D	2021-08-16	1.0	100.0	Other
4500000247	10		9	1000000057	D	2021-08-16	1.0	250.0	Other
4500000247	10		9	1000000058	D	2021-08-16	1.0	200.0	Other
4500000249	10		1	5000000460	E	2021-08-16	10.0	150.0	Goods Receipt
4500000251	10		1	5000000461	E	2021-08-16	1.0	15.0	Goods Receipt
4500000252	10		1	5000000462	E	2021-08-16	10.0	150.0	Goods Receipt
4500000254	10		1	5000000463	E	2021-08-16	10.0	150.0	Goods Receipt
4500000255	10		1	5000000464	E	2021-08-17	10.0	150.0	Goods Receipt
4500000257	10		1	5000000465	E	2021-08-17	10.0	150.0	Goods Receipt
4500000261	10		1	5000000470	E	2021-08-25	1.0	10.0	Goods Receipt
4500000263	10		1	5000000480	E	2021-09-15	20.0	2000.0	Goods Receipt
4500000263	20		1	5000000480	E	2021-09-15	40.0	400.0	Goods Receipt
4500000263	30		1	5000000480	E	2021-09-15	20.0	1000.0	Goods Receipt
4500000264	10		1	5000000482	E	2021-09-16	5.0	500.0	Goods Receipt
4500000267	10		1	5000000490	E	2021-10-25	7.0	28.0	Goods Receipt
4500000269	10		1	5000000500	E	2021-11-18	10.0	4.2	Goods Receipt
4500000271	10		9	1000000060	D	2022-02-07	1.0	1250.0	Other
4500000271	10	1	1	5000000510	E	2022-02-07	1.0	1250.0	Goods Receipt
4500000272	10		1	5000000520	E	2022-02-15	3.0	1500.0	Goods Receipt
4500000273	10		1	5000000530	E	2022-02-16	10.0	5.0	Goods Receipt
4500000274	10		9	1000000061	D	2022-02-16	1.0	668.0	Other
4500000274	10	1	1	5000000531	E	2022-02-16	1.0	668.0	Goods Receipt
4500000274	10	1	2	5105600137	Q	2022-03-09	1.0	668.0	Invoice Receipt
4500000276	10		9	1000000062	D	2022-02-17	1.0	15000.0	Other
4500000276	10	1	1	5000000540	E	2022-02-17	1.0	15000.0	Goods Receipt
4500000277	10		1	5000000541	E	2022-02-17	5.0	175.0	Goods Receipt
4500000278	10		9	1000000063	D	2022-02-17	1.0	333.0	Other
4500000278	10		9	1000000064	D	2022-02-17	1.0	25000.0	Other
4500000278	10	1	1	5000000542	E	2022-02-17	1.0	25000.0	Goods Receipt
4500000278	10	1	1	5000000543	E	2022-02-17	1.0	333.0	Goods Receipt
4500000279	10		1	5000000550	E	2022-02-21	2.0	150.0	Goods Receipt
4500000281	10		9	1000000065	D	2022-02-21	1.0	333.0	Other
4500000281	10	1	1	5000000551	E	2022-02-21	1.0	333.0	Goods Receipt
4500000282	10		1	5000000552	E	2022-02-21	100.0	50.0	Goods Receipt
4500000283	10		9	1000000066	D	2022-02-23	1.0	333.0	Other
4500000283	10	1	1	5000000560	E	2022-02-23	1.0	333.0	Goods Receipt
4500000286	10		1	5000000570	E	2022-03-14	10000.0	8900.0	Goods Receipt
4500000287	10		1	5000000571	E	2022-03-14	10000.0	8900.0	Goods Receipt
4500000288	10		1	5000000572	E	2022-03-15	25.0	2500.0	Goods Receipt
4500000291	10		1	5000000573	E	2022-03-16	150.0	15000.0	Goods Receipt
4500000293	10		1	5000000574	E	2022-03-16	1.0	750.0	Goods Receipt
4500000293	10		7	5000000574	O	2022-03-16	1.0	200.0	Other
4500000294	10		1	5000000580	E	2022-06-10	10.0	110.0	Goods Receipt
4500000294	10		1	5000000581	E	2022-06-10	10.0	110.0	Goods Receipt
4500000294	10		1	5000000582	E	2022-06-10	20.0	220.0	Goods Receipt
4500000294	10		1	5000000583	E	2022-06-10	20.0	220.0	Goods Receipt
4500000294	10		1	5000000584	E	2022-06-10	20.0	220.0	Goods Receipt
4500000294	10		1	5000000585	E	2022-06-10	20.0	220.0	Goods Receipt
4500000295	10		1	5000000590	E	2022-07-04	10000.0	10000.0	Goods Receipt
4500000296	10		1	5000000591	E	2022-07-05	100.0	5000.0	Goods Receipt
4500000296	20		1	5000000591	E	2022-07-05	30.0	1800.0	Goods Receipt
4500000297	10		1	5000000592	E	2022-07-05	30.0	3000.0	Goods Receipt
4500000298	10		1	5000000593	E	2022-07-05	10.0	25000.0	Goods Receipt
4500000298	20		1	5000000593	E	2022-07-05	5.0	13500.0	Goods Receipt
4500000299	10		1	5000000594	E	2022-07-05	100.0	4000.0	Goods Receipt
4500000299	20		1	5000000594	E	2022-07-05	20.0	1000.0	Goods Receipt
4500000301	10		1	5000000630	E	2022-12-07	0.5	75000.0	Goods Receipt
4500000302	10		1	5000000631	E	2022-12-07	7.0	15.4	Goods Receipt
4500000304	10		1	5000000640	E	2022-12-13	0.5	1747.5	Goods Receipt
4500000305	10		1	5000000651	E	2023-02-16	1.0	1515.15	Goods Receipt
4500000305	10		1	5000000652	E	2023-02-16	1.0	1515.15	Goods Receipt
4500000305	10		1	5000000653	E	2023-02-16	1.0	1515.15	Goods Receipt
4500000305	20		1	5000000654	E	2023-02-16	3.0	39.0	Goods Receipt
4500000305	20		1	5000000655	E	2023-02-16	2.0	26.0	Goods Receipt
4500000306	10		1	5000000641	E	2022-12-14	1.0	150000.0	Goods Receipt
4500000308	10		1	5000000660	E	2023-04-04	1.0	1100.0	Goods Receipt
4500000308	10	1	2	5105600139	Q	2023-04-04	1.0	1100.0	Invoice Receipt
4500000309	10	1	2	5105600140	Q	2023-04-04	2.0	150.0	Invoice Receipt
4500000310	10		1	5000000661	E	2023-04-04	1.0	500.0	Goods Receipt
4500000310	10	1	2	5105600141	Q	2023-04-04	1.0	500.0	Invoice Receipt
4500000311	10		1	5000000662	E	2023-04-04	1.0	50.0	Goods Receipt
4500000311	10	1	2	5105600142	Q	2023-04-04	1.0	50.0	Invoice Receipt
4500000312	10		9	1000000067	D	2023-04-04	1.0	740.0	Other
4500000312	10	1	1	5000000663	E	2023-04-04	1.0	740.0	Goods Receipt
4500000312	10	1	2	5105600143	Q	2023-04-04	1.0	740.0	Invoice Receipt
4500000312	10	1	2	5105600144	Q	2023-04-04	1.0	740.0	Invoice Receipt
4500000312	10	1	2	5105600145	Q	2023-04-04	1.0	740.0	Invoice Receipt
4500000313	10		1	5000000670	E	2023-04-05	1.0	1100.0	Goods Receipt
4500000313	20		1	5000000670	E	2023-04-05	1.0	1100.0	Goods Receipt
4500000314	10		9	1000000068	D	2023-04-05	1.0	720.0	Other
4500000314	10	1	1	5000000671	E	2023-04-05	1.0	720.0	Goods Receipt
4500000316	10		1	5000000680	E	2023-06-07	1.0	1100.0	Goods Receipt
4500000316	10	1	2	5105600146	Q	2023-06-07	1.0	1100.0	Invoice Receipt
4500000317	10		9	1000000069	D	2023-06-07	1.0	660.0	Other
4500000317	10	1	1	5000000681	E	2023-06-07	1.0	660.0	Goods Receipt
4500000318	10		1	5000000690	E	2023-11-22	1.0	5.0	Goods Receipt
4500000318	10		2	5105600147	Q	2023-11-22	1.0	5.0	Invoice Receipt
4500000319	10	1	2	5105600148	Q	2023-11-24	1.0	150.0	Invoice Receipt
4500000319	20		1	5000000700	E	2023-11-24	1.0	5.0	Goods Receipt
4500000319	20		2	5105600148	Q	2023-11-24	1.0	5.0	Invoice Receipt
4500000320	10	1	2	5105600149	Q	2023-11-28	1.0	150.0	Invoice Receipt
4500000320	20		1	5000000710	E	2023-11-27	1.0	5.0	Goods Receipt
4500000320	20		1	5000000711	E	2023-11-27	1.0	5.0	Goods Receipt
4500000320	20		1	5000000720	E	2023-11-28	1.0	5.0	Goods Receipt
4500000320	20		2	5105600149	Q	2023-11-28	1.0	5.0	Invoice Receipt
4500000321	10		1	5000000730	E	2023-12-29	1.0	100.0	Goods Receipt
4500000321	10		2	5105600150	Q	2023-12-29	1.0	100.0	Invoice Receipt
4500000321	20	1	2	5105600150	Q	2023-12-29	2.0	34.0	Invoice Receipt
4500000323	10		1	5000000740	E	2024-01-05	5.0	250.0	Goods Receipt
4500000323	10	1	2	5105600151	Q	2024-01-05	5.0	250.0	Invoice Receipt
4500000327	10		1	5000000770	E	2024-03-06	1.0	1500.0	Goods Receipt
4500000327	10		1	5000000771	E	2024-03-06	1.0	1500.0	Goods Receipt
4500000327	10		1	5000000772	E	2024-03-06	1.0	1500.0	Goods Receipt
4500000327	10	1	2	5105600152	Q	2024-03-06	1.0	1500.0	Invoice Receipt
4500000328	10		1	5000000780	E	2024-03-08	1.0	2300.0	Goods Receipt
4500000328	10	1	2	5105600153	Q	2024-03-08	1.0	2300.0	Invoice Receipt
4500000329	10		9	1000000070	D	2024-03-08	1.0	1500.0	Other
4500000329	10	1	1	5000000781	E	2024-03-08	1.0	1500.0	Goods Receipt
4500000329	10	1	2	5105600154	Q	2024-03-08	1.0	1500.0	Invoice Receipt
4500000330	10		1	5000000810	E	2024-06-19	1.0	5110.9	Goods Receipt
4500000330	20		1	5000000810	E	2024-06-19	1.0	2575.34	Goods Receipt
4500000330	30		1	5000000810	E	2024-06-19	1.0	6389.21	Goods Receipt
4500000330	40		1	5000000810	E	2024-06-19	1.0	450.0	Goods Receipt
4500000332	10		1	5000000830	E	2024-07-22	10.0	200.0	Goods Receipt
4500000333	10		1	5000000890	E	2024-10-19	10.0	600.0	Goods Receipt
4500000335	10		1	5000000900	E	2024-10-22	1.0	50.0	Goods Receipt
4500000336	10		1	5000000910	E	2024-10-25	1.0	60.0	Goods Receipt
4500000337	10		1	5000000911	E	2024-11-25	1.0	26000.0	Goods Receipt
4500000353	10		1	5000000920	E	2025-07-27	2.0	10.0	Goods Receipt
4500000355	10		9	1000000071	D	2025-07-27	1.0	80.0	Other
4500000355	10	1	1	5000000921	E	2025-07-27	1.0	80.0	Goods Receipt
4500000356	10		1	5000000930	E	2025-12-30	1.0	157.0	Goods Receipt
4500000357	10		1	5000000970	E	2026-03-04	15.0	150.0	Goods Receipt
4500000358	10		1	5000000971	E	2026-03-04	30.0	150.0	Goods Receipt
4500000359	10		1	5000000973	E	2026-03-04	30.0	300.0	Goods Receipt
4500000360	10		1	5000000974	E	2026-03-04	60.0	300.0	Goods Receipt
