EBELN	EBELP	ETENR	EINDT	SLFDT	MENGE	WEMNG
4500000000	10	1	2019-09-25	2019-09-25	10.0	0,000
4500000001	10	1	2019-09-20	2019-09-20	10.0	0,000
4500000002	10	1	2019-09-20	2019-09-20	10.0	10,000
4500000003	10	1	2019-09-23	2019-09-23	10.0	10,000
4500000004	10	1	2019-09-23	2019-09-23	10.0	10,000
4500000004	20	1	2020-08-20	2020-08-20	1.0	0,000
4500000005	10	1	2019-09-23	2019-09-23	20.0	20,000
4500000006	10	1	2019-09-23	2019-09-23	10.0	0,000
4500000007	10	1	2019-11-05	2019-11-05	10.0	5,000
4500000008	10	1	2019-11-07	2019-11-07	2.0	2,000
4500000009	10	1	2019-11-07	2019-11-07	2.0	2,000
4500000010	10	1	2019-11-07	2019-11-07	13.0	13,000
4500000011	10	1	2019-11-08	2019-11-08	11.0	11,000
4500000012	10	1	2019-11-07	2019-11-07	20.0	20,000
4500000013	10	1	2019-11-07	2019-11-07	10.0	0,000
4500000014	10	1	2019-11-09	2019-11-09	330.0	100,000
4500000014	20	1	2019-11-09	2019-11-09	50.0	50,000
4500000014	30	1	2020-01-10	2020-01-10	50.0	30,000
4500000014	40	1	2020-01-30	2020-01-30	330.0	200,000
4500000015	10	1	2019-11-12	2019-11-12	10.0	0,000
4500000016	10	1	2019-11-18	2019-11-18	80.0	0,000
4500000016	20	1	2020-08-25	2020-08-25	3.0	0,000
4500000017	10	1	2019-11-18	2019-11-18	80.0	0,000
4500000018	10	1	2019-12-02	2019-12-02	2.0	0,000
4500000019	10	1	2019-12-02	2019-12-02	1.0	0,000
4500000020	10	1	2019-12-06	2019-12-06	1.0	0,000
4500000021	10	1	2019-12-03	2019-12-03	1.0	0,000
4500000022	10	1	2019-12-03	2019-12-03	1.0	0,000
4500000023	10	1	2019-12-03	2019-12-03	3.0	0,000
4500000024	10	1	2020-01-06	2020-01-06	100.0	0,000
4500000024	20	1	2020-01-21	2020-01-21	100.0	0,000
4500000024	30	1	2020-01-21	2020-01-21	100.0	0,000
4500000024	40	1	2020-01-21	2020-01-21	100.0	0,000
4500000024	50	1	2020-01-21	2020-01-21	100.0	0,000
4500000024	60	1	2020-01-21	2020-01-21	100.0	0,000
4500000025	10	1	2020-01-06	2020-01-06	100.0	0,000
4500000026	10	1	2019-11-18	2019-11-18	80.0	0,000
4500000027	10	1	2020-01-13	2020-01-13	10.0	10,000
4500000028	10	1	2020-01-30	2020-01-30	300.0	300,000
4500000029	10	1	2020-01-30	2020-01-30	300.0	0,000
4500000030	10	1	2020-01-30	2020-01-30	300.0	0,000
4500000031	10	1	2020-02-25	2020-02-25	1.0	1,000
4500000032	10	1	2020-03-02	2020-03-02	10.0	0,000
4500000033	10	1	2020-03-26	2020-03-26	11.0	0,000
4500000034	10	1	2020-03-26	2020-03-26	1.0	0,000
4500000035	10	1	2020-03-26	2020-03-26	1.0	1,000
4500000036	10	1	2020-04-02	2020-04-02	10.0	0,000
4500000037	10	1	2020-04-30	2020-04-30	20.0	0,000
4500000038	10	1	2020-05-27	2020-05-27	10.0	10,000
4500000039	10	1	2020-06-12	2020-06-12	15.0	0,000
4500000040	10	1	2020-06-05	2020-06-05	300.0	0,000
4500000041	10	1	2020-06-10	2020-06-10	500.0	0,000
4500000041	20	1	2020-06-10	2020-06-10	300.0	0,000
4500000042	10	1	2020-06-08	2020-06-08	10.0	0,000
4500000043	10	1	2020-06-08	2020-06-08	10.0	10,000
4500000044	10	1	2020-06-08	2020-06-08	10.0	0,000
4500000045	10	1	2020-06-08	2020-06-08	10.0	0,000
4500000046	10	1	2020-06-08	2020-06-08	10.0	0,000
4500000047	10	1	2020-06-08	2020-06-08	10.0	0,000
4500000048	10	1	2020-06-08	2020-06-08	10.0	0,000
4500000049	10	1	2020-06-16	2020-06-16	5.0	5,000
4500000050	10	1	2020-06-02	2020-06-02	10.0	0,000
4500000051	10	1	2020-06-10	2020-06-10	1.0	0,000
4500000052	10	1	2020-06-03	2020-06-03	10.0	0,000
4500000053	10	1	2020-06-11	2020-06-11	100.0	0,000
4500000054	10	1	2020-06-11	2020-06-11	100.0	0,000
4500000055	10	1	2020-05-10	2020-05-10	1.0	0,000
4500000056	10	1	2020-06-10	2020-06-10	100.0	0,000
4500000057	10	1	2020-06-11	2020-06-11	100.0	0,000
4500000058	10	1	2020-06-11	2020-06-11	1.0	0,000
4500000059	10	1	2020-09-12	2020-09-12	10.0	0,000
4500000059	20	1	2020-09-12	2020-09-12	0.0	0,000
4500000060	10	1	2020-06-16	2020-06-16	100.0	0,000
4500000061	10	1	2020-07-16	2020-07-16	10.0	0,000
4500000062	10	1	2020-06-18	2020-06-18	100.0	0,000
4500000063	20	1	2020-06-18	2020-06-18	1000.0	0,000
4500000064	10	1	2020-06-18	2020-06-18	999.0	0,000
4500000065	10	1	2020-06-18	2020-06-18	888.0	0,000
4500000066	10	1	2020-06-18	2020-06-18	777.0	0,000
4500000067	10	1	2020-06-18	2020-06-18	10.0	0,000
4500000068	10	1	2020-06-19	2020-06-19	1000.0	0,000
4500000069	10	1	2020-06-25	2020-06-25	10.0	0,000
4500000070	10	1	2020-06-19	2020-06-19	1000.0	0,000
4500000071	10	1	2020-06-19	2020-06-19	10.0	0,000
4500000072	10	1	2020-06-19	2020-06-19	10.0	0,000
4500000073	10	1	2020-06-19	2020-06-19	1000.0	0,000
4500000074	10	1	2020-06-22	2020-06-22	1000.0	1.000,000
4500000075	10	1	2020-06-22	2020-06-22	100.0	0,000
4500000076	10	1	2020-06-22	2020-06-22	10.0	0,000
4500000077	10	1	2020-06-22	2020-06-22	100.0	0,000
4500000078	10	1	2020-06-22	2020-06-22	100.0	0,000
4500000079	10	1	2020-06-22	2020-06-22	100.0	0,000
4500000080	10	1	2020-06-22	2020-06-22	100.0	0,000
4500000081	10	1	2020-06-22	2020-06-22	100.0	0,000
4500000082	10	1	2020-06-22	2020-06-22	10.0	0,000
4500000083	10	1	2020-06-22	2020-06-22	100.0	0,000
4500000084	10	1	2020-06-22	2020-06-22	1000.0	0,000
4500000085	10	1	2020-06-22	2020-06-22	10.0	0,000
4500000086	10	1	2020-06-22	2020-06-22	100.0	0,000
4500000087	10	1	2020-06-22	2020-06-22	1000.0	0,000
4500000088	10	1	2020-06-22	2020-06-22	100.0	0,000
4500000089	10	1	2020-06-22	2020-06-22	100.0	0,000
4500000090	10	1	2020-06-22	2020-06-22	10.0	0,000
4500000091	10	1	2020-06-23	2020-06-23	100.0	90,000
4500000092	10	1	2020-06-22	2020-06-22	10.0	0,000
4500000093	10	1	2020-09-23	2020-09-23	10.0	0,000
4500000094	10	1	2020-09-23	2020-09-23	20.0	0,000
4500000095	10	1	2020-07-29	2020-07-29	11.0	11,000
4500000095	20	1	2020-06-29	2020-06-29	13.0	0,000
4500000096	10	1	2020-07-29	2020-07-29	11.0	11,000
4500000096	20	1	2020-06-29	2020-06-29	13.0	13,000
4500000097	10	1	2020-06-30	2020-06-30	25.0	25,000
4500000098	10	1	2020-09-30	2020-09-30	0.0	0,000
4500000099	10	1	2020-06-30	2020-06-30	0.0	0,000
4500000100	10	1	2020-08-08	2020-07-07	1.0	1,000
4500000101	10	1	2020-10-04	2020-10-04	1.0	0,000
4500000102	10	1	2020-10-04	2020-10-04	1.0	0,000
4500000103	10	1	2020-07-09	2020-07-09	1.0	0,000
4500000104	10	1	2020-07-10	2020-07-10	100.0	100,000
4500000105	10	1	2020-07-13	2020-07-13	2.0	2,000
4500000106	10	1	2020-07-13	2020-07-13	1.0	1,000
4500000107	10	1	2020-07-20	2020-07-20	1.0	1,000
4500000108	10	1	2020-07-13	2020-07-13	1.0	1,000
4500000109	10	1	2020-07-14	2020-07-14	1.0	1,000
4500000110	10	1	2020-07-14	2020-07-14	25.0	25,000
4500000111	10	1	2020-07-14	2020-07-14	1.0	1,000
4500000112	10	1	2020-07-14	2020-07-14	1.0	1,000
4500000113	10	1	2020-07-14	2020-07-14	1.0	1,000
4500000114	10	1	2020-07-14	2020-07-14	1.0	1,000
4500000115	10	1	2020-07-14	2020-07-14	1.0	1,000
4500000116	10	1	2020-07-14	2020-07-14	1.0	1,000
4500000117	10	1	2020-07-15	2020-07-15	25.0	25,000
4500000118	10	1	2020-07-16	2020-07-16	1.0	1,000
4500000119	10	1	2020-07-31	2020-07-31	25.0	25,000
4500000120	10	1	2020-08-03	2020-08-03	1.0	1,000
4500000121	10	1	2020-08-03	2020-08-03	1.0	1,000
4500000122	10	1	2020-08-04	2020-08-04	1.0	1,000
4500000123	10	1	2020-08-04	2020-08-04	1.0	1,000
4500000124	10	1	2020-08-04	2020-08-04	1.0	0,000
4500000125	10	1	2020-08-21	2020-08-21	1.0	0,000
4500000126	10	1	2020-08-17	2020-08-17	1.0	0,000
4500000127	10	1	2020-08-20	2020-08-20	1.0	0,000
4500000128	10	1	2020-08-12	2020-08-12	1.0	1,000
4500000129	10	1	2020-08-12	2020-08-12	2.0	2,000
4500000130	10	1	2020-08-12	2020-08-12	1.0	1,000
4500000131	10	1	2020-08-13	2020-08-13	1.0	1,000
4500000132	10	1	2020-10-02	2020-10-02	1.0	1,000
4500000133	10	1	2020-08-17	2020-08-17	1.0	0,000
4500000134	10	1	2020-08-19	2020-08-19	1.0	1,000
4500000135	10	1	2020-08-13	2020-08-13	1.0	1,000
4500000136	10	1	2020-08-20	2020-08-20	1.0	0,000
4500000137	10	1	2020-08-25	2020-08-25	1.0	0,000
4500000137	20	1	2020-08-25	2020-08-25	3.0	0,000
4500000138	10	1	2020-08-25	2020-08-25	1.0	0,000
4500000139	10	1	2020-08-25	2020-08-25	1.0	0,000
4500000140	10	1	2020-08-25	2020-08-25	1.0	0,000
4500000141	10	1	2020-08-26	2020-08-26	3.0	0,000
4500000141	20	1	2020-08-26	2020-08-26	1.0	0,000
4500000142	10	1	2020-08-26	2020-08-26	1.0	1,000
4500000143	10	1	2020-08-26	2020-08-26	1.0	1,000
4500000144	10	1	2020-08-26	2020-08-26	1.0	1,000
4500000145	10	1	2020-08-28	2020-08-28	1.0	0,000
4500000146	10	1	2020-09-11	2020-09-11	2.0	2,000
4500000147	10	1	2020-10-28	2020-10-28	10.0	0,000
4500000148	10	1	2020-10-28	2020-10-28	10.0	10,000
4500000149	10	1	2019-11-07	2019-11-07	11.0	0,000
4500000150	10	1	2020-11-07	2020-11-07	10.0	0,000
4500000151	10	1	2020-11-05	2020-11-05	3.0	0,000
4500000152	10	1	2021-12-31	2021-12-31	4.0	4,000
4500000153	10	1	2021-12-31	2021-12-31	3.0	3,000
4500000154	10	1	2021-12-31	2021-12-31	7.0	7,000
4500000155	10	1	2020-12-18	2020-12-18	10.0	10,000
4500000156	10	1	2020-12-18	2020-12-18	10.0	10,000
4500000157	10	1	2021-01-26	2021-01-26	1.0	1,000
4500000158	10	1	2021-02-02	2021-02-02	25.0	25,000
4500000159	10	1	2021-02-03	2021-02-03	1.0	0,000
4500000160	10	1	2021-02-04	2021-02-04	1.0	0,000
4500000161	10	1	2021-02-15	2021-02-15	2.0	2,000
4500000162	10	1	2021-02-05	2021-02-05	1.0	1,000
4500000163	10	1	2021-02-15	2021-02-15	2.0	2,000
4500000164	10	1	2021-02-09	2021-02-09	2.0	2,000
4500000165	10	1	2021-02-09	2021-02-09	2.0	2,000
4500000166	10	1	2021-02-09	2021-02-09	2.0	2,000
4500000167	10	1	2021-02-09	2021-02-09	2.0	2,000
4500000168	10	1	2021-02-09	2021-02-09	2.0	2,000
4500000169	10	1	2021-02-09	2021-02-09	2.0	2,000
4500000170	10	1	2021-02-09	2021-02-09	2.0	2,000
4500000171	10	1	2021-02-09	2021-02-09	2.0	2,000
4500000172	10	1	2021-02-09	2021-02-09	2.0	2,000
4500000173	10	1	2021-02-09	2021-02-09	2.0	2,000
4500000174	10	1	2021-02-09	2021-02-09	2.0	2,000
4500000175	10	1	2021-02-09	2021-02-09	2.0	2,000
4500000176	10	1	2021-02-09	2021-02-09	2.0	2,000
4500000177	10	1	2021-02-09	2021-02-09	1.0	0,000
4500000178	10	1	2021-02-09	2021-02-09	2.0	2,000
4500000179	10	1	2021-02-09	2021-02-09	1.0	1,000
4500000180	10	1	2021-02-09	2021-02-09	2.0	2,000
4500000181	10	1	2021-02-03	2021-02-03	1.0	1,000
4500000182	10	1	2021-02-15	2021-02-15	1.0	0,000
4500000182	20	1	2021-02-15	2021-02-15	2.0	0,000
4500000183	10	1	2021-02-10	2021-02-10	2.0	0,000
4500000184	10	1	2021-02-15	2021-02-15	1.0	0,000
4500000184	20	1	2021-02-15	2021-02-15	2.0	0,000
4500000185	10	1	2021-02-25	2021-02-25	30.0	30,000
4500000186	10	1	2021-02-19	2021-02-19	120.0	60,000
4500000187	10	1	2021-03-02	2021-03-02	10.0	10,000
4500000188	10	1	2021-02-16	2021-02-16	1.0	0,000
4500000189	10	1	2021-02-16	2021-02-16	1.0	0,000
4500000190	10	1	2021-05-20	2021-05-31	12.0	0,000
4500000191	10	1	2021-12-31	2021-12-01	1.0	0,000
4500000192	10	1	2021-12-31	2021-12-31	1.0	0,000
4500000193	10	1	2021-05-31	2021-05-31	12.0	0,000
4500000194	10	1	2021-02-28	2021-02-28	3.0	0,000
4500000194	10	2	2021-03-31	2021-03-31	3.0	0,000
4500000194	10	3	2021-04-30	2021-04-30	3.0	0,000
4500000194	10	4	2021-05-31	2021-05-31	3.0	0,000
4500000194	20	1	2022-10-21	2022-10-21	10.0	10,000
4500000195	10	1	2021-02-28	2021-02-28	3.0	0,000
4500000195	10	2	2021-03-31	2021-03-31	3.0	0,000
4500000195	10	3	2021-04-30	2021-04-30	3.0	0,000
4500000195	10	4	2021-05-31	2021-05-31	3.0	0,000
4500000196	10	1	2021-03-05	2021-03-05	12.0	0,000
4500000197	10	1	2021-04-24	2021-04-24	10.0	0,000
4500000198	10	1	2021-04-24	2021-04-24	10.0	0,000
4500000199	10	1	2021-04-24	2021-04-24	10.0	0,000
4500000200	10	1	2021-03-02	2021-03-02	1.0	1,000
4500000201	10	1	2021-03-10	2021-03-10	1.0	0,000
4500000202	10	1	2021-03-12	2021-03-12	1.0	0,000
4500000203	10	1	2021-03-01	2021-03-01	1.0	0,000
4500000204	10	1	2021-03-01	2021-03-01	1.0	0,000
4500000205	10	1	2021-03-01	2021-03-01	1.0	0,000
4500000206	10	1	2021-03-17	2021-03-17	1.0	0,000
4500000207	10	1	2021-03-19	2021-03-19	1.0	0,000
4500000208	10	1	2021-03-19	2021-03-19	1.0	0,000
4500000209	10	1	2021-03-19	2021-03-19	1.0	0,000
4500000210	10	1	2021-05-11	2021-05-11	1.0	0,000
4500000211	10	1	2021-05-18	2021-05-18	2.0	2,000
4500000211	20	1	2022-09-16	2022-09-16	1.0	1,000
4500000211	30	1	2022-09-25	2022-09-25	1.0	1,000
4500000211	40	1	2022-09-16	2022-09-16	2.0	2,000
4500000212	10	1	2021-05-20	2021-05-20	2.0	2,000
4500000213	10	1	2021-05-25	2021-05-25	10.0	0,000
4500000214	10	1	2021-05-26	2021-05-26	1.0	2,000
4500000215	10	1	2021-06-02	2021-06-02	5.0	5,000
4500000216	10	1	2021-06-07	2021-06-07	8.0	8,000
4500000217	10	1	2021-06-07	2021-06-07	1.0	0,000
4500000218	10	1	2021-06-07	2021-06-07	1.0	1,000
4500000219	10	1	2021-06-15	2021-06-15	1.0	0,000
4500000220	10	1	2021-06-30	2021-06-30	10.0	10,000
4500000221	10	1	2021-07-05	2021-07-05	147.0	147,000
4500000222	10	1	2021-07-05	2021-07-05	10.0	10,000
4500000223	10	1	2021-06-25	2021-06-25	100.0	100,000
4500000224	10	1	2021-06-25	2021-06-25	1.0	1,000
4500000225	10	1	2021-07-23	2021-07-23	5.0	0,000
4500000226	10	1	2021-07-23	2021-07-23	150.0	0,000
4500000227	10	1	2021-07-23	2021-07-23	150.0	0,000
4500000228	10	1	2021-07-23	2021-07-23	5.0	0,000
4500000229	10	1	2021-07-30	2021-07-30	1.0	1,000
4500000230	10	1	2021-07-23	2021-07-23	150.0	0,000
4500000231	10	1	2021-08-10	2021-08-10	150.0	0,000
4500000232	10	1	2021-08-10	2021-08-10	150.0	0,000
4500000233	10	1	2021-08-10	2021-08-10	10.0	0,000
4500000234	10	1	2021-08-11	2021-08-11	10.0	10,000
4500000235	10	1	2021-08-12	2021-08-12	150.0	0,000
4500000236	10	1	2021-08-12	2021-08-12	10.0	10,000
4500000237	10	1	2021-08-12	2021-08-12	1.0	3,000
4500000238	10	1	2021-08-12	2021-08-12	10.0	10,000
4500000239	10	1	2021-08-12	2021-08-12	1.0	3,000
4500000240	10	1	2021-08-12	2021-08-12	1.0	0,000
4500000241	10	1	2021-08-10	2021-08-10	10.0	0,000
4500000241	20	1	2021-08-11	2021-08-11	10.0	0,000
4500000241	30	1	2021-08-11	2021-08-11	10.0	0,000
4500000241	40	1	2021-08-12	2021-08-12	6.0	0,000
4500000242	10	1	2021-08-11	2021-08-11	10.0	0,000
4500000243	10	1	2021-08-13	2021-08-13	200.0	0,000
4500000244	10	1	2021-08-13	2021-08-13	1.0	0,000
4500000245	10	1	2021-08-13	2021-08-13	6.0	6,000
4500000246	10	1	2021-08-12	2021-08-12	1.0	3,000
4500000247	10	1	2021-07-01	2021-07-01	1.0	2,000
4500000248	10	1	2021-08-13	2021-08-13	1.0	0,000
4500000249	10	1	2021-08-16	2021-08-16	10.0	10,000
4500000250	10	1	2021-08-13	2021-08-13	1.0	0,000
4500000251	10	1	2021-08-16	2021-08-16	1.0	1,000
4500000252	10	1	2021-08-16	2021-08-16	10.0	10,000
4500000253	10	1	2021-08-20	2021-08-20	1.0	0,000
4500000254	10	1	2021-08-20	2021-08-20	10.0	10,000
4500000255	10	1	2021-08-20	2021-08-20	10.0	10,000
4500000256	10	1	2021-08-12	2021-08-12	1.0	0,000
4500000257	10	1	2021-08-17	2021-08-17	10.0	10,000
4500000258	10	1	2021-08-23	2021-08-23	1.0	0,000
4500000259	10	1	2021-08-23	2021-08-23	2.0	0,000
4500000260	10	1	2021-08-23	2021-08-23	2.0	0,000
4500000261	10	1	2021-08-23	2021-08-23	1.0	1,000
4500000262	10	1	2021-09-27	2021-09-27	10.0	0,000
4500000263	10	1	2021-09-27	2021-09-27	20.0	20,000
4500000263	20	1	2021-09-27	2021-09-27	40.0	40,000
4500000263	30	1	2021-09-27	2021-09-27	20.0	20,000
4500000264	10	1	2021-09-16	2021-09-16	5.0	5,000
4500000265	10	1	2021-10-21	2021-10-21	1.0	0,000
4500000266	10	1	2021-10-26	2021-10-26	10.0	0,000
4500000267	10	1	2021-11-15	2021-11-15	7.0	7,000
4500000268	10	1	2021-11-17	2021-11-17	6.0	0,000
4500000269	10	1	2021-11-18	2021-11-18	24.0	10,000
4500000270	10	1	2022-02-03	2022-02-03	1.0	0,000
4500000271	10	1	2022-02-07	2022-02-07	1.0	1,000
4500000272	10	1	2022-02-15	2022-02-15	3.0	3,000
4500000273	10	1	2022-02-21	2022-02-21	10.0	10,000
4500000274	10	1	2022-02-22	2022-02-22	1.0	1,000
4500000275	10	1	2022-02-17	2022-02-17	1.0	0,000
4500000276	10	1	2022-02-17	2022-02-17	1.0	1,000
4500000277	10	1	2022-02-17	2022-02-17	5.0	5,000
4500000278	10	1	2022-02-17	2022-02-17	1.0	2,000
4500000279	10	1	2022-02-21	2022-02-21	2.0	2,000
4500000280	10	1	2022-02-21	2022-02-21	1.0	0,000
4500000281	10	1	2022-02-21	2022-02-21	1.0	1,000
4500000282	10	1	2022-02-24	2022-02-24	100.0	100,000
4500000283	10	1	2022-02-23	2022-02-23	1.0	1,000
4500000284	10	1	2022-03-11	2022-03-11	10000.0	0,000
4500000285	10	1	2022-03-15	2022-03-15	1.0	0,000
4500000286	10	1	2022-03-14	2022-03-14	10000.0	10.000,000
4500000287	10	1	2022-03-14	2022-03-14	10000.0	10.000,000
4500000288	10	1	2022-04-04	2022-04-04	25.0	25,000
4500000289	10	1	2022-04-04	2022-04-04	2.0	0,000
4500000290	10	1	2022-03-15	2022-03-15	1.0	0,000
4500000291	10	1	2022-04-05	2022-04-05	150.0	150,000
4500000292	10	1	2022-03-16	2022-03-16	1.0	0,000
4500000293	10	1	2022-03-16	2022-03-16	1.0	1,000
4500000294	10	1	2022-06-13	2022-06-13	100.0	100,000
4500000295	10	1	2022-07-04	2022-07-04	100000.0	10.000,000
4500000296	10	1	2022-07-08	2022-07-08	100.0	100,000
4500000296	20	1	2022-07-08	2022-07-08	30.0	30,000
4500000297	10	1	2022-07-08	2022-07-08	30.0	30,000
4500000298	10	1	2022-07-08	2022-07-08	10.0	10,000
4500000298	20	1	2022-07-08	2022-07-08	5.0	5,000
4500000299	10	1	2022-07-08	2022-07-08	100.0	100,000
4500000299	20	1	2022-07-08	2022-07-08	20.0	20,000
4500000300	10	1	2022-11-28	2022-11-28	1.0	0,000
4500000301	10	1	2022-12-04	2022-12-04	1.0	0,500
4500000302	10	1	2022-12-07	2022-12-07	12.0	7,000
4500000303	10	1	2022-12-07	2022-12-07	6.0	0,000
4500000304	10	1	2022-12-13	2022-12-13	1.0	0,500
4500000305	10	1	2022-12-14	2022-12-14	3.0	3,000
4500000305	20	1	2023-03-08	2023-03-08	5.0	5,000
4500000306	10	1	2022-12-14	2022-12-14	1.0	1,000
4500000307	10	1	2023-03-30	2023-03-30	10.0	0,000
4500000308	10	1	2023-04-17	2023-04-17	1.0	1,000
4500000309	10	1	2023-04-04	2023-04-04	2.0	0,000
4500000310	10	1	2023-04-17	2023-04-17	1.0	1,000
4500000311	10	1	2023-04-17	2023-04-17	1.0	1,000
4500000312	10	1	2023-04-17	2023-04-17	1.0	1,000
4500000313	10	1	2023-04-11	2023-04-11	1.0	1,000
4500000313	20	1	2023-04-11	2023-04-11	1.0	1,000
4500000314	10	1	2023-04-05	2023-04-05	1.0	1,000
4500000315	10	1	2023-05-08	2023-05-08	50.0	0,000
4500000316	10	1	2023-06-12	2023-06-12	1.0	1,000
4500000317	10	1	2023-06-12	2023-06-12	1.0	1,000
4500000318	10	1	2023-12-22	2023-12-22	1.0	1,000
4500000319	10	1	2023-12-31	2023-12-31	1.0	0,000
4500000319	20	1	2023-12-31	2023-12-31	1.0	1,000
4500000320	10	1	2023-01-02	2023-01-02	1.0	0,000
4500000320	20	1	2023-01-02	2023-01-02	1.0	1,000
4500000321	10	1	2023-12-27	2023-12-27	1.0	1,000
4500000321	20	1	2023-12-27	2023-12-27	2.0	0,000
4500000322	10	1	2024-01-08	2024-01-08	5.0	0,000
4500000322	20	1	2024-01-08	2024-01-08	3.0	0,000
4500000323	10	1	2024-01-08	2024-01-08	5.0	5,000
4500000324	10	1	2024-01-11	2024-01-11	3.0	0,000
4500000325	10	1	2024-01-11	2024-01-11	3.0	0,000
4500000326	10	1	2024-02-19	2024-02-19	2.0	0,000
4500000326	20	1	2024-02-19	2024-02-19	1.0	0,000
4500000327	10	1	2024-03-06	2024-03-06	1.0	1,000
4500000328	10	1	2024-03-08	2024-03-08	1.0	1,000
4500000329	10	1	2024-03-08	2024-03-08	1.0	1,000
4500000330	10	1	2024-06-19	2024-06-19	1.0	1,000
4500000330	20	1	2024-06-19	2024-06-19	1.0	1,000
4500000330	30	1	2024-06-19	2024-06-19	1.0	1,000
4500000330	40	1	2024-06-19	2024-06-19	1.0	1,000
4500000331	10	1	2024-06-19	2024-06-19	1.0	0,000
4500000332	10	1	2024-07-22	2024-07-22	10.0	10,000
4500000333	10	1	2024-11-19	2024-11-19	10.0	10,000
4500000334	10	1	2024-11-22	2024-11-22	1.0	0,000
4500000335	10	1	2024-11-22	2024-11-22	1.0	1,000
4500000336	10	1	2024-11-25	2024-11-25	1.0	1,000
4500000337	10	1	2024-11-29	2024-11-29	1.0	1,000
4500000338	10	1	2024-12-02	2024-12-02	1.0	0,000
4500000339	10	1	2024-12-23	2024-12-23	1.0	0,000
4500000340	10	1	2024-12-24	2024-12-24	1.0	0,000
4500000341	10	1	2025-01-31	2025-01-31	1.0	0,000
4500000342	10	1	2025-01-31	2025-01-31	1.0	0,000
4500000343	10	1	2025-02-04	2025-02-04	1.0	0,000
4500000344	10	1	2025-02-04	2025-02-04	1.0	0,000
4500000345	10	1	2025-02-04	2025-02-04	1.0	0,000
4500000346	10	1	2025-02-07	2025-02-07	1.0	0,000
4500000347	10	1	2025-02-14	2025-02-14	1.0	0,000
4500000348	10	1	2025-02-14	2025-02-14	1.0	0,000
4500000349	10	1	2025-02-14	2025-02-14	1.0	0,000
4500000350	10	1	2025-02-17	2025-02-17	1.0	0,000
4500000351	10	1	2025-03-03	2025-03-03	1.0	0,000
4500000352	10	1	2025-02-21	2025-02-21	1.0	0,000
4500000353	10	1	2025-10-16	2025-10-16	2.0	2,000
4500000354	10	1	2025-11-28	2025-11-28	5.0	0,000
4500000355	10	1	2025-10-30	2025-10-30	1.0	1,000
4500000356	10	1	2026-01-07	2026-01-07	1.0	1,000
4500000357	10	1	2026-03-09	2026-03-09	15.0	15,000
4500000358	10	1	2026-03-09	2026-03-09	30.0	30,000
4500000359	10	1	2026-03-09	2026-03-09	30.0	30,000
4500000360	10	1	2026-03-09	2026-03-09	60.0	60,000
5500000004	10	10	2021-03-01	2021-03-01	20.0	0,000
5500000004	10	11	2021-04-01	2021-04-01	20.0	0,000
5500000004	10	12	2021-05-03	2021-05-03	20.0	0,000
5500000004	10	13	2021-02-22	2021-02-22	0.0	0,000
5500000004	10	14	2021-02-22	2021-02-22	0.0	0,000
5500000004	10	15	2021-06-01	2021-06-01	20.0	0,000
5500000004	10	16	2021-07-01	2021-07-01	20.0	0,000
5500000007	20	1	2021-03-03	2021-03-03	5000.0	0,000
6000000000	10	1	2022-01-06	2022-01-06	12.0	0,000
6000000001	10	1	2022-01-06	2022-01-06	12.0	0,000
7000000000	10	1	2022-02-01		6.0	0,000
7000000001	10	1	2021-12-28		6.0	0,000
7000000002	10	1	2021-11-30		6.0	0,000
8000000000	10	1	2021-11-30		6.0	0,000
8000000001	10	1	2021-11-30		6.0	0,000
