EBELN	BUKRS	ERNAM	LIFNR	EKORG	EKGRP	WAERS	BEDAT	FRGZU
4500000000	3710	User_021	VND_0001	3710	002	EUR	2019-09-20	
4500000001	1000	User_021	VND_0002	1000	001	EUR	2019-09-20	
4500000002	1000	User_021	VND_0002	1000	001	EUR	2019-09-20	
4500000003	1000	User_021	VND_0002	1000	002	EUR	2019-09-23	
4500000004	1000	User_021	VND_0002	1000	002	EUR	2019-09-23	
4500000005	1000	User_021	VND_0002	1000	002	EUR	2019-09-23	
4500000006	1000	User_021	VND_0002	1000	001	EUR	2019-09-23	X
4500000007	1000	User_067	VND_0002	1000	001	EUR	2019-11-05	X
4500000008	1000	User_001	VND_0002	1000	001	EUR	2019-11-07	X
4500000009	1000	User_068	VND_0002	1000	002	EUR	2019-11-07	
4500000010	1000	User_069	VND_0002	1000	002	EUR	2019-11-07	X
4500000011	1000	User_070	VND_0002	1000	002	EUR	2019-11-07	X
4500000012	1000	User_021	VND_0002	1000	002	EUR	2019-11-07	X
4500000013	1000	User_010	VND_0002	1000	002	EUR	2019-11-07	
4500000014	1000	User_002	VND_0002	1000	001	EUR	2019-11-09	X
4500000015	1000	User_021	VND_0002	1000	002	EUR	2019-11-12	X
4500000016	1000	User_018	VND_0003	1000	001	EUR	2019-11-18	X
4500000017	1000	User_021	VND_0003	1000	001	EUR	2019-11-18	X
4500000018	1000	User_010	VND_0002	1000	001	EUR	2019-11-29	
4500000019	1000	User_010	VND_0002	1000	001	EUR	2019-11-29	
4500000020	1000	User_006	VND_0002	1000	001	EUR	2019-12-03	
4500000021	1000	User_010	VND_0002	1000	002	EUR	2019-12-03	
4500000022	1000	User_010	VND_0002	1000	002	EUR	2019-12-03	
4500000023	1000	User_010	VND_0002	1000	002	EUR	2019-12-03	
4500000024	1000	User_024	VND_0002	1000	001	EUR	2020-01-06	
4500000025	1000	User_002	VND_0002	1000	001	EUR	2020-01-06	
4500000026	1000	User_002	VND_0003	1000	001	EUR	2020-01-06	
4500000027	1000	User_005	VND_0002	1000	001	EUR	2020-01-13	
4500000028	1000	User_001	VND_0002	1000	001	EUR	2020-01-27	
4500000029	1000	User_001	VND_0002	1000	001	EUR	2020-01-29	
4500000030	1000	User_069	VND_0002	1000	001	EUR	2020-01-30	
4500000031	1000	User_009	VND_0002	1000	001	EUR	2020-02-24	
4500000032	1000	User_009	VND_0002	1000	001	EUR	2020-03-02	
4500000033	1000	User_058	VND_0002	1000	002	EUR	2020-03-26	
4500000034	1000	User_058	VND_0002	1000	002	EUR	2020-03-26	
4500000035	1000	User_004	VND_0002	1000	002	EUR	2020-03-26	
4500000036	1000	User_004	VND_0002	1000	001	EUR	2020-03-30	
4500000037	1000	User_037	VND_0002	1000	001	EUR	2020-05-10	
4500000038	1000	User_058	VND_0001	1000	001	EUR	2020-05-27	
4500000039	1000	User_058	VND_0001	1000	001	EUR	2020-05-27	
4500000040	1000	User_006	VND_0001	1000	002	EUR	2020-05-29	
4500000041	1000	User_006	VND_0001	1000	002	EUR	2020-06-02	
4500000042	1000	User_006	VND_0001	1000	002	EUR	2020-06-02	
4500000043	1000	User_058	VND_0001	1000	002	EUR	2020-06-02	
4500000044	1000	User_058	VND_0001	1000	002	EUR	2020-06-02	
4500000045	1000	User_058	VND_0001	1000	002	EUR	2020-06-02	
4500000046	1000	User_058	VND_0001	1000	002	EUR	2020-06-02	
4500000047	1000	User_058	VND_0001	1000	002	EUR	2020-06-02	
4500000048	1000	User_058	VND_0001	1000	002	EUR	2020-06-02	
4500000049	1000	User_006	VND_0001	1000	001	EUR	2020-06-02	
4500000050	3710	User_057	VND_0001	3710	001	EUR	2020-06-02	
4500000051	3710	User_057	VND_0001	3710	001	EUR	2020-06-02	
4500000052	3710	User_057	VND_0001	3710	001	EUR	2020-06-02	
4500000053	1000	User_006	VND_0001	1000	003	EUR	2020-06-03	
4500000054	1000	User_006	VND_0001	1000	003	EUR	2020-06-03	
4500000055	1000	User_025	VND_0002	1000	001	EUR	2020-06-05	
4500000056	1000	User_057	VND_0002	1000	003	EUR	2020-06-10	
4500000057	1000	User_057	VND_0002	1000	003	EUR	2020-06-11	
4500000058	1000	User_057	VND_0002	1000	003	EUR	2020-06-11	
4500000059	1000	User_057	VND_0001	1000	001	EUR	2020-06-12	
4500000060	1000	User_057	VND_0002	1000	003	EUR	2020-06-16	
4500000061	1000	User_057	VND_0001	1000	001	EUR	2020-06-16	
4500000062	1000	User_057	VND_0002	1000	003	EUR	2020-06-18	
4500000063	1000	User_057	VND_0002	1000	003	EUR	2020-06-18	
4500000064	1000	User_057	VND_0002	1000	003	EUR	2020-06-18	
4500000065	1000	User_057	VND_0002	1000	003	EUR	2020-06-18	
4500000066	1000	User_057	VND_0002	1000	003	EUR	2020-06-18	
4500000067	1000	User_057	VND_0002	1000	003	EUR	2020-06-18	
4500000068	1000	User_057	VND_0002	1000	003	EUR	2020-06-19	
4500000069	1000	User_058	VND_0002	1000	003	EUR	2020-06-19	
4500000070	1000	User_057	VND_0002	1000	003	EUR	2020-06-19	
4500000071	1000	User_058	VND_0002	1000	003	EUR	2020-06-19	
4500000072	1000	User_058	VND_0002	1000	003	EUR	2020-06-19	
4500000073	1000	User_057	VND_0002	1000	003	EUR	2020-06-19	
4500000074	1000	User_057	VND_0002	1000	003	EUR	2020-06-22	
4500000075	1000	User_057	VND_0002	1000	003	EUR	2020-06-22	
4500000076	1000	User_057	VND_0002	1000	003	EUR	2020-06-22	
4500000077	1000	User_057	VND_0002	1000	003	EUR	2020-06-22	
4500000078	1000	User_057	VND_0002	1000	003	EUR	2020-06-22	
4500000079	1000	User_057	VND_0002	1000	003	EUR	2020-06-22	
4500000080	1000	User_057	VND_0002	1000	003	EUR	2020-06-22	
4500000081	1000	User_057	VND_0002	1000	003	EUR	2020-06-22	
4500000082	1000	User_057	VND_0002	1000	003	EUR	2020-06-22	
4500000083	1000	User_057	VND_0002	1000	003	EUR	2020-06-22	
4500000084	1000	User_057	VND_0002	1000	003	EUR	2020-06-22	
4500000085	1000	User_057	VND_0002	1000	003	EUR	2020-06-22	
4500000086	1000	User_057	VND_0002	1000	003	EUR	2020-06-22	
4500000087	1000	User_057	VND_0002	1000	003	EUR	2020-06-22	
4500000088	1000	User_057	VND_0002	1000	003	EUR	2020-06-22	
4500000089	1000	User_057	VND_0002	1000	003	EUR	2020-06-22	
4500000090	1000	User_057	VND_0002	1000	003	EUR	2020-06-22	
4500000091	1000	User_057	VND_0001	1000	003	EUR	2020-06-23	
4500000092	1000	User_009	VND_0001	1000	001	EUR	2020-06-23	
4500000093	1000	User_057	VND_0001	1000	003	EUR	2020-06-29	
4500000094	1000	User_057	VND_0001	1000	003	EUR	2020-06-29	
4500000095	1000	User_057	VND_0001	1000	003	EUR	2020-06-29	
4500000096	1000	User_057	VND_0001	1000	003	EUR	2020-06-29	
4500000097	1000	User_025	VND_0002	1000	001	EUR	2020-06-30	
4500000098	1000	User_057	VND_0001	1000	001	EUR	2020-06-30	
4500000099	1000	User_057	VND_0001	1000	003	EUR	2020-06-30	
4500000100	1000	User_057	VND_0002	1000	001	EUR	2020-07-07	
4500000101	1000	User_002	VND_0002	1000	001	EUR	2020-07-07	
4500000102	1000	User_002	VND_0002	1000	001	EUR	2020-07-07	
4500000103	3710	User_007	VND_0001	3710	001	EUR	2020-07-08	
4500000104	1000	User_057	VND_0001	1000	001	EUR	2020-07-10	
4500000105	1000	User_057	VND_0002	1000	001	EUR	2020-07-13	
4500000106	1000	User_057	VND_0002	1000	001	EUR	2020-07-13	
4500000107	1000	User_007	VND_0001	1000	001	EUR	2020-07-13	
4500000108	1000	User_057	VND_0002	1000	001	EUR	2020-07-13	
4500000109	1000	User_057	VND_0002	1000	001	EUR	2020-07-14	
4500000110	1000	User_057	VND_0002	1000	001	EUR	2020-07-14	
4500000111	1000	User_057	VND_0002	1000	001	EUR	2020-07-14	
4500000112	1000	User_057	VND_0002	1000	001	EUR	2020-07-14	
4500000113	1000	User_057	VND_0002	1000	001	EUR	2020-07-14	
4500000114	1000	User_057	VND_0002	1000	001	EUR	2020-07-14	
4500000115	1000	User_057	VND_0002	1000	001	EUR	2020-07-14	
4500000116	1000	User_057	VND_0002	1000	001	EUR	2020-07-14	
4500000117	1000	User_057	VND_0002	1000	001	EUR	2020-07-15	
4500000118	1000	User_025	VND_0002	1000	001	EUR	2020-07-16	
4500000119	1000	User_057	VND_0002	1000	001	EUR	2020-07-31	
4500000120	1000	User_057	VND_0002	1000	001	EUR	2020-08-03	
4500000121	1000	User_057	VND_0002	1000	001	EUR	2020-08-03	
4500000122	1000	User_057	VND_0002	1000	001	EUR	2020-08-04	
4500000123	1000	User_057	VND_0002	1000	001	EUR	2020-08-04	
4500000124	1000	User_057	VND_0002	1000	001	EUR	2020-08-04	
4500000125	3710	User_078	VND_0004	3710	001	EUR	2020-08-06	
4500000126	3710	User_078	VND_0004	3710	001	EUR	2020-08-06	
4500000127	3710	User_078	VND_0004	3710	001	EUR	2020-08-10	
4500000128	1000	User_009	VND_0002	1000	001	EUR	2020-08-12	
4500000129	1000	User_009	VND_0002	1000	001	EUR	2020-08-12	
4500000130	1000	User_009	VND_0002	1000	001	EUR	2020-08-12	
4500000131	1000	User_009	VND_0002	1000	002	EUR	2020-08-13	
4500000132	1000	User_025	VND_0002	1000	001	EUR	2020-08-14	
4500000133	1000	User_009	VND_0002	1000	001	EUR	2020-08-17	
4500000134	1000	User_009	VND_0002	1000	001	EUR	2020-08-19	
4500000135	1000	User_009	VND_0002	1000	001	EUR	2020-08-20	
4500000136	1000	User_009	VND_0002	1000	002	EUR	2020-08-20	
4500000137	1000	User_008	VND_0001	1000	001	EUR	2020-08-25	
4500000138	1000	User_010	VND_0002	1000	001	EUR	2020-08-25	
4500000139	1000	User_003	VND_0002	1000	001	EUR	2020-08-25	
4500000140	1000	User_010	VND_0002	1000	001	EUR	2020-08-25	
4500000141	1000	User_008	VND_0001	1000	001	EUR	2020-08-26	
4500000142	1000	User_008	VND_0002	1000	001	EUR	2020-08-26	
4500000143	1000	User_008	VND_0002	1000	001	EUR	2020-08-26	
4500000144	1000	User_008	VND_0002	1000	001	EUR	2020-08-26	
4500000145	1000	User_025	VND_0002	1000	001	EUR	2020-08-28	
4500000146	1000	User_025	VND_0002	1000	001	EUR	2020-09-11	
4500000147	1000	User_001	VND_0001	1000	001	EUR	2020-10-27	
4500000148	1000	User_001	VND_0001	1000	001	EUR	2020-10-28	
4500000149	1000	User_001	VND_0002	1000	002	EUR	2020-10-28	
4500000150	1000	User_001	VND_0002	1000	002	EUR	2020-11-01	
4500000151	1000	User_001	VND_0001	1000	001	EUR	2020-11-01	
4500000152	1000	User_001	VND_0001	1000	001	EUR	2020-11-01	
4500000153	1000	User_001	VND_0001	1000	001	EUR	2020-11-01	
4500000154	1000	User_001	VND_0001	1000	001	EUR	2020-11-02	
4500000155	1000	User_058	VND_0001	1000	001	EUR	2020-12-18	
4500000156	1000	User_058	VND_0001	1000	001	EUR	2020-12-18	
4500000157	1000	User_030	VND_0001	1000	001	EUR	2021-01-27	
4500000158	1000	User_030	VND_0002	1000	001	EUR	2021-02-02	
4500000159	1000	User_025	VND_0002	1000	001	EUR	2021-02-03	
4500000160	1000	User_025	VND_0002	1000	001	EUR	2021-02-04	X
4500000161	1000	User_010	VND_0005	1000	001	EUR	2021-02-05	
4500000162	1000	User_010	VND_0005	1000	001	EUR	2021-02-05	
4500000163	1000	User_010	VND_0005	1000	001	EUR	2021-02-05	
4500000164	1000	User_010	VND_0005	1000	001	EUR	2021-02-09	
4500000165	1000	User_010	VND_0005	1000	001	EUR	2021-02-09	
4500000166	1000	User_010	VND_0005	1000	001	EUR	2021-02-09	
4500000167	1000	User_010	VND_0005	1000	001	EUR	2021-02-09	
4500000168	1000	User_010	VND_0005	1000	001	EUR	2021-02-09	
4500000169	1000	User_010	VND_0005	1000	001	EUR	2021-02-09	
4500000170	1000	User_010	VND_0005	1000	001	EUR	2021-02-09	
4500000171	1000	User_010	VND_0005	1000	001	EUR	2021-02-09	
4500000172	1000	User_010	VND_0005	1000	001	EUR	2021-02-09	
4500000173	1000	User_010	VND_0005	1000	001	EUR	2021-02-09	
4500000174	1000	User_010	VND_0005	1000	001	EUR	2021-02-09	
4500000175	1000	User_010	VND_0005	1000	001	EUR	2021-02-09	
4500000176	1000	User_010	VND_0005	1000	001	EUR	2021-02-09	
4500000177	1000	User_010	VND_0002	1000	002	EUR	2021-02-09	
4500000178	1000	User_010	VND_0005	1000	001	EUR	2021-02-09	
4500000179	1000	User_010	VND_0005	1000	001	EUR	2021-02-05	
4500000180	1000	User_010	VND_0005	1000	001	EUR	2021-02-09	
4500000181	1000	User_030	VND_0002	1000	001	EUR	2021-02-10	
4500000182	1000	User_010	VND_0005	1000	001	EUR	2021-02-10	
4500000183	1000	User_010	VND_0005	1000	001	EUR	2021-02-10	
4500000184	1000	User_010	VND_0005	1000	001	EUR	2021-02-11	
4500000185	1000	User_002	VND_0005	1000	001	EUR	2021-02-13	
4500000186	1000	User_002	VND_0006	1000	001	EUR	2021-02-14	X
4500000187	1000	User_002	VND_0005	1000	001	EUR	2021-02-16	
4500000188	1000	User_001	VND_0001	1000	001	EUR	2021-02-16	X
4500000189	1000	User_001	VND_0001	1000	001	EUR	2021-02-16	
4500000190	1000	User_001	VND_0001	1000	001	EUR	2021-02-16	X
4500000191	1000	User_001	VND_0001	1000	001	EUR	2021-02-16	X
4500000192	1000	User_001	VND_0001	1000	001	EUR	2021-02-16	X
4500000193	1000	User_001	VND_0001	1000	001	EUR	2021-02-16	X
4500000194	1000	User_001	VND_0001	1000	001	EUR	2021-02-16	
4500000195	1000	User_001	VND_0001	1000	001	EUR	2021-02-16	X
4500000196	1000	User_002	VND_0005	1000	001	EUR	2021-02-17	
4500000197	1000	User_002	VND_0006	1000	001	EUR	2021-02-24	
4500000198	1000	User_002	VND_0006	1000	001	EUR	2021-03-01	
4500000199	1000	User_002	VND_0006	1000	001	EUR	2021-03-01	
4500000200	1000	User_025	VND_0002	1000	001	EUR	2021-03-02	X
4500000201	1000	User_002	VND_0006	1000	001	EUR	2021-01-04	
4500000202	1000	User_002	VND_0006	1000	001	EUR	2021-02-10	
4500000203	1000	User_002	VND_0006	1000	001	EUR	2021-03-15	
4500000204	1000	User_002	VND_0006	1000	001	EUR	2021-03-17	
4500000205	1000	User_002	VND_0006	1000	001	EUR	2021-01-17	
4500000206	3710	User_057	VND_0004	3710	001	EUR	2021-03-17	
4500000207	1000	User_002	VND_0006	1000	001	EUR	2021-03-19	
4500000208	1000	User_002	VND_0006	1000	001	EUR	2020-12-31	
4500000209	1000	User_002	VND_0006	1000	001	EUR	2021-03-23	
4500000210	1000	User_025	VND_0002	1000	001	EUR	2021-05-11	
4500000211	1000	User_032	VND_0006	1000	001	EUR	2021-05-18	
4500000212	1000	User_032	VND_0006	1000	001	EUR	2021-05-21	X
4500000213	1000	User_032	VND_0006	1000	001	EUR	2021-05-21	
4500000214	1000	User_032	VND_0002	1000	001	EUR	2021-05-25	X
4500000215	1000	User_032	VND_0006	1000	001	EUR	2021-06-02	
4500000216	1000	User_032	VND_0006	1000	001	EUR	2021-06-02	X
4500000217	1000	User_032	VND_0002	1000	001	EUR	2021-06-02	
4500000218	1000	User_032	VND_0002	1000	001	EUR	2021-06-02	X
4500000219	1000	User_011	VND_0007	1000	001	EUR	2021-06-10	
4500000220	1000	User_011	VND_0007	1000	001	EUR	2021-06-10	X
4500000221	1000	User_011	VND_0007	1000	001	EUR	2021-06-15	X
4500000222	1000	User_011	VND_0007	1000	001	EUR	2021-06-15	X
4500000223	1000	User_018	VND_0006	1000	001	EUR	2021-06-25	X
4500000224	1000	User_018	VND_0006	1000	001	EUR	2021-06-25	X
4500000225	1000	User_072	VND_0008	1000	001	EUR	2021-07-23	
4500000226	1000	User_072	VND_0009	1000	001	EUR	2021-07-23	
4500000227	1000	User_072	VND_0009	1000	001	EUR	2021-07-23	
4500000228	1000	User_072	VND_0008	1000	001	EUR	2021-07-23	
4500000229	1000	User_072	VND_0010	1000	001	EUR	2021-07-23	
4500000230	1000	User_072	VND_0009	1000	001	EUR	2021-07-24	
4500000231	1000	User_072	VND_0009	1000	001	EUR	2021-08-10	
4500000232	1000	User_072	VND_0009	1000	001	EUR	2021-08-10	
4500000233	1000	User_072	VND_0008	1000	001	EUR	2021-08-10	
4500000234	1000	User_072	VND_0008	1000	001	EUR	2021-08-11	
4500000235	1000	User_072	VND_0009	1000	001	EUR	2021-08-12	
4500000236	1000	User_072	VND_0008	1000	001	EUR	2021-08-12	
4500000237	1000	User_072	VND_0010	1000	003	EUR	2021-08-12	
4500000238	1000	User_073	VND_0008	1000	001	EUR	2021-08-12	
4500000239	1000	User_073	VND_0010	1000	003	EUR	2021-08-13	
4500000240	1000	User_073	VND_0010	1000	003	EUR	2021-08-13	
4500000241	1000	User_073	VND_0008	1000	001	EUR	2021-08-13	
4500000242	1000	User_073	VND_0008	1000	001	EUR	2021-08-13	
4500000243	1000	User_073	VND_0009	1000	001	EUR	2021-08-13	
4500000244	1000	User_073	VND_0010	1000	001	EUR	2021-08-13	
4500000245	1000	User_073	VND_0008	1000	001	EUR	2021-08-13	
4500000246	1000	User_002	VND_0010	1000	003	EUR	2021-08-13	
4500000247	1000	User_025	VND_0002	1000	001	EUR	2021-08-16	
4500000248	1000	User_073	VND_0009	1000	001	EUR	2021-08-16	
4500000249	1000	User_073	VND_0008	1000	001	EUR	2021-08-16	
4500000250	1000	User_073	VND_0009	1000	001	EUR	2021-08-16	
4500000251	1000	User_073	VND_0008	1000	001	EUR	2021-08-16	
4500000252	1000	User_073	VND_0008	1000	001	EUR	2021-08-16	
4500000253	1000	User_073	VND_0009	1000	001	EUR	2021-08-16	
4500000254	1000	User_073	VND_0008	1000	001	EUR	2021-08-16	
4500000255	1000	User_073	VND_0008	1000	001	EUR	2021-08-16	
4500000256	1000	User_073	VND_0010	1000	003	EUR	2021-08-17	
4500000257	1000	User_073	VND_0008	1000	001	EUR	2021-08-17	
4500000258	1000	User_073	VND_0009	1000	001	EUR	2021-08-17	
4500000259	3710	User_006	VND_0011	3710	002	EUR	2021-08-20	
4500000260	3710	User_006	VND_0011	3710	002	EUR	2021-08-20	
4500000261	3710	User_001	VND_0001	3710	001	EUR	2021-08-20	
4500000262	1000	User_034	VND_0005	1000	001	EUR	2021-09-15	
4500000263	1000	User_034	VND_0005	1000	001	EUR	2021-09-15	
4500000264	1000	User_039	VND_0002	1000	001	EUR	2021-09-16	
4500000265	3710	User_001	VND_0007	3710	001	EUR	2021-10-21	
4500000266	3710	User_001	VND_0007	3710	001	EUR	2021-10-21	
4500000267	1000	User_011	VND_0007	1000	001	EUR	2021-10-25	
4500000268	1000	User_002	VND_0006	1000	001	EUR	2021-11-17	
4500000269	1000	User_002	VND_0007	1000	001	EUR	2021-11-18	
4500000270	1000	User_032	VND_0002	1000	001	EUR	2022-02-03	
4500000271	1000	User_038	VND_0002	1000	001	EUR	2022-02-07	
4500000272	1000	User_032	VND_0002	1000	001	EUR	2022-02-15	
4500000273	1000	User_004	VND_0007	1000	001	EUR	2022-02-16	
4500000274	1000	User_032	VND_0002	1000	001	EUR	2022-02-16	
4500000275	1000	User_038		1000	001		2022-02-17	
4500000276	1000	User_038	VND_0002	1000	001	EUR	2022-02-17	
4500000277	1000	User_038	VND_0002	1000	001	EUR	2022-02-17	
4500000278	1000	User_038	VND_0002	1000	001	EUR	2022-02-17	
4500000279	1000	User_038	VND_0002	1000	001	EUR	2022-02-21	
4500000280	1000	User_038	VND_0002	1000	001	EUR	2022-02-21	
4500000281	1000	User_038	VND_0002	1000	001	EUR	2022-02-21	
4500000282	1000	User_004	VND_0007	1000	001	EUR	2022-02-21	
4500000283	1000	User_032	VND_0002	1000	001	EUR	2022-02-23	
4500000284	1000	User_007	VND_0001	1000	001	EUR	2022-03-11	
4500000285	1000	User_062	VND_0002	1000	001	EUR	2022-03-14	
4500000286	1000	User_007	VND_0001	1000	001	EUR	2022-03-14	
4500000287	1000	User_007	VND_0001	1000	001	EUR	2022-03-14	
4500000288	1000	User_011	VND_0002	1000	001	EUR	2022-03-15	
4500000289	1000	User_011	VND_0002	1000	001	EUR	2022-03-15	
4500000290	1000	User_062	VND_0002	1000	001	EUR	2022-03-15	
4500000291	1000	User_011	VND_0002	1000	001	EUR	2022-03-16	
4500000292	1000	User_062	VND_0002	1000	001	EUR	2022-03-16	
4500000293	1000	User_062	VND_0002	1000	001	EUR	2022-03-16	
4500000294	3710	User_001	VND_0012	3710	001	EUR	2022-06-10	
4500000295	1000	User_018	VND_0006	1000	001	EUR	2022-07-04	
4500000296	1000	User_017	VND_0007	1000	001	EUR	2022-07-05	
4500000297	1000	User_017	VND_0007	1000	001	EUR	2022-07-05	
4500000298	1000	User_017	VND_0007	1000	001	EUR	2022-07-05	
4500000299	1000	User_017	VND_0007	1000	001	EUR	2022-07-05	
4500000300	1000	User_080	VND_0001	1000	001	EUR	2022-09-05	
4500000301	1000	User_018	VND_0007	1000	001	EUR	2022-12-04	X
4500000302	1000	User_002	VND_0007	1000	001	EUR	2022-12-07	
4500000303	1000	User_002	VND_0007	1000	001	EUR	2022-12-07	
4500000304	1000	User_018	VND_0007	1000	001	EUR	2022-12-13	
4500000305	1000	User_018	VND_0007	1000	001	EUR	2022-12-14	
4500000306	1000	User_018	VND_0007	1000	001	EUR	2022-12-14	X
4500000307	1000	User_004	VND_0005	1000	001	EUR	2023-03-30	
4500000308	1000	User_044	VND_0002	1000	001	EUR	2023-04-04	
4500000309	1000	User_044	VND_0002	1000	001	EUR	2023-04-04	
4500000310	1000	User_044	VND_0002	1000	001	EUR	2023-04-04	
4500000311	1000	User_044	VND_0002	1000	001	EUR	2023-04-04	
4500000312	1000	User_044	VND_0002	1000	001	EUR	2023-04-04	
4500000313	1000	User_044	VND_0002	1000	001	EUR	2023-04-05	
4500000314	1000	User_044	VND_0002	1000	001	EUR	2023-04-05	
4500000315	1000	User_080	VND_0001	1000	001	EUR	2023-04-07	
4500000316	1000	User_063	VND_0002	1000	001	EUR	2023-06-07	
4500000317	1000	User_044	VND_0002	1000	001	EUR	2023-06-07	
4500000318	2000	User_076	VND_0013	2000	001	EUR	2023-11-22	
4500000319	2000	User_076	VND_0013	2000	001	EUR	2023-11-24	
4500000320	2000	User_054	VND_0013	2000	001	EUR	2023-11-27	
4500000321	2000	User_054	VND_0014	2000	002	EUR	2023-12-29	
4500000322	2000	User_054	VND_0014	2000	001	EUR	2024-01-05	
4500000323	2000	User_054	VND_0014	2000	001	EUR	2024-01-05	
4500000324	2000	User_054	VND_0014	2000	001	EUR	2024-01-08	
4500000325	2000	User_054	VND_0014	2000	001	EUR	2024-01-08	
4500000326	2000	User_054	VND_0014	2000	001	EUR	2024-02-08	
4500000327	1000	User_044	VND_0001	1000	001	EUR	2024-03-06	
4500000328	1000	User_044	VND_0001	1000	001	EUR	2024-03-08	
4500000329	1000	User_044	VND_0001	1000	001	EUR	2024-03-08	
4500000330	1000	User_007	VND_0001	1000	001	EUR	2024-06-19	
4500000331	1000	User_034	VND_0001	1000	001	EUR	2024-07-19	
4500000332	1000	User_034	VND_0001	1000	002	EUR	2024-07-22	
4500000333	1000	User_017	VND_0008	1000	001	EUR	2024-11-19	
4500000334	1000	User_017	VND_0008	1000	001	EUR	2024-11-22	
4500000335	1000	User_017	VND_0015	1000	001	EUR	2024-11-22	
4500000336	1000	User_017	VND_0015	1000	001	EUR	2024-11-25	
4500000337	1000	User_074	VND_0002	1000	001	EUR	2024-11-25	
4500000338	1000	User_074	VND_0002	1000	001	EUR	2024-11-25	
4500000339	1000	User_017	VND_0016	1000	001	EUR	2024-12-24	
4500000340	1000	User_081	VND_0016	1000	001	EUR	2024-12-24	
4500000341	1000	User_081	VND_0016	1000	001	EUR	2025-01-31	
4500000342	1000	User_081	VND_0016	1000	001	EUR	2025-01-31	
4500000343	1000	User_081	VND_0016	1000	001	EUR	2025-02-03	
4500000344	1000	User_081	VND_0016	1000	001	EUR	2025-02-04	
4500000345	1000	User_081	VND_0016	1000	001	EUR	2025-02-04	
4500000346	1000	User_081	VND_0016	1000	001	EUR	2025-02-07	
4500000347	1000	User_081	VND_0016	1000	001	EUR	2025-02-14	
4500000348	1000	User_081	VND_0016	1000	001	EUR	2025-02-14	
4500000349	1000	User_081	VND_0016	1000	001	EUR	2025-02-14	
4500000350	1000	User_081	VND_0016	1000	001	EUR	2025-02-17	
4500000351	1000	User_001	VND_0013	1000	001		2025-02-19	
4500000352	1000	User_081	VND_0016	1000	001	EUR	2025-02-21	
4500000353	1000	User_053	VND_0010	1000	001	EUR	2025-10-10	
4500000354	1000	User_053	VND_0010	1000	001	EUR	2025-10-13	
4500000355	1000	User_053	VND_0010	1000	001	EUR	2025-10-27	
4500000356	1000	User_075	VND_0017	1000	001	EUR	2025-12-30	
4500000357	1000	User_054	VND_0017	1000	001	EUR	2026-03-04	
4500000358	1000	User_054	VND_0017	1000	001	EUR	2026-03-04	
4500000359	1000	User_054	VND_0017	1000	001	EUR	2026-03-04	
4500000360	1000	User_054	VND_0017	1000	001	EUR	2026-03-04	
4600000000	1000	User_002	VND_0002	1000	001	EUR	2020-04-17	
4600000001	1000	User_006	VND_0001	1000	002	EUR	2020-05-29	
4600000002	1000	User_006	VND_0001	1000	002	EUR	2020-06-02	
4600000003	1000	User_006	VND_0001	1000	002	EUR	2020-06-02	
4600000004	1000	User_006	VND_0001	1000	001	EUR	2020-06-02	
4600000005	1000	User_006	VND_0001	1000	001	EUR	2020-06-02	
4600000006	1000	User_002	VND_0002	1000	001	EUR	2020-06-19	
4600000007	1000	User_002	VND_0002	1000	001	EUR	2020-07-01	
4600000008	1000	User_072	VND_0008	1000	001	EUR	2021-07-20	X
4600000009	1000	User_002	VND_0002	1000	001	EUR	2021-11-10	
4600000010	1000	User_050	VND_0016	1000	001	EUR	2024-12-01	
4600000011	1000	User_017	VND_0016	1000	001	EUR	2024-12-23	
4600000012	1000	User_017	VND_0016	1000	001	EUR	2024-12-23	
4600000013	1000	User_017	VND_0016	1000	001	EUR	2024-12-24	
5500000000	1000	User_058	VND_0003	1000	001	EUR	2020-05-25	
5500000001	1000	User_058	VND_0003	1000	001	EUR	2020-05-25	
5500000002	1000	User_058	VND_0003	1000	001	EUR	2020-05-26	
5500000003	1000	User_058	VND_0001	1000	001	EUR	2020-05-26	
5500000004	1000	User_058	VND_0001	1000	001	EUR	2020-05-26	
5500000005	1000	User_057	VND_0001	1000	001	EUR	2020-07-09	
5500000006	1000	User_034	VND_0001	1000	001	EUR	2021-02-15	
5500000007	1000	User_034	VND_0018	1000	001	EUR	2021-03-03	
6000000000	1000	User_002	VND_0009	1000	001	EUR	2021-11-12	
6000000001	1000	User_002	VND_0006	1000	001	EUR	2021-11-12	
7000000000	1000	User_002		1000	001	EUR	2021-11-12	
7000000001	1000	User_002		1000	001	EUR		
7000000002	1000	User_002		1000	001	EUR	2021-11-12	
8000000000	1000	User_002	VND_0003	1000	001	EUR		
8000000001	1000	User_002	VND_0019	1000	001	EUR		
