EBELN	EBELP	TXZ01	MATNR	WERKS	MATKL	MENGE	NETWR	BRTWR	AFNAM
4500000000	10	Hand.goed.0011,PD,normaleverwerking	TG0011	3710	L001	10.0	300.0	300.0	
4500000001	10	Waterflowpump3.4X	33	1000	L001	10.0	128.5	128.5	
4500000002	10	Waterflowpump3.4X	35	1000	L001	10.0	128.5	128.5	
4500000003	10	Waterflowpump3.4X	35	1000	L001	10.0	128.5	128.5	
4500000004	10	Waterflowpump3.4X	35	1000	L001	10.0	128.5	128.5	
4500000004	20	Waterflowpump3.4X	35	1000	L001	1.0	12.85	12.85	
4500000005	10	Waterflowpump3.4X	35	1000	L001	20.0	257.0	257.0	
4500000006	10	Waterflowpump3.4X	35	1000	L001	10.0	128.5	128.5	
4500000007	10	Waterflowpump3.4X	33	1000	01	10.0	128.5	128.5	
4500000008	10	Pressureindicator	43	1000	YBFA05	2.0	4000.0	4000.0	User_086
4500000009	10	Crategreen	42	1000	L001	2.0	16.0	16.0	
4500000010	10	Waterflowpump3.4X	35	1000	L001	13.0	167.05	167.05	
4500000011	10	Waterflowpump3.4X	35	1000	L001	11.0	141.35	141.35	
4500000012	10	Waterflowpump3.4X	35	1000	L001	20.0	257.0	257.0	
4500000013	10	Waterflowpump3.4X	33	1000	01	10.0	128.5	128.5	
4500000014	10	Purchasesubcontracting		1000	01	330.0	28050.0	28050.0	
4500000014	20	Purchasesubcontracting		1000	01	50.0	4500.0	4500.0	
4500000014	30	Purchasesubcontracting		1000	01	50.0	4500.0	4500.0	
4500000014	40	Purchasesubcontracting		1000	01	330.0	28050.0	28050.0	
4500000015	10	Waterflowpump3.4X	35	1000	L001	10.0	128.5	128.5	
4500000016	10	HydrologicalAdvice	SM0001	1000	YBMM01	80.0	10000.0	10000.0	
4500000016	20	BEARINGBALL600945X75X16MM	1009	1000	YBPM01	3.0	27.0	27.0	
4500000017	10	HydrologicalAdvice	SM0001	1000	YBMM01	80.0	10000.0	10000.0	
4500000018	10	Waterflowpump3.4X	35	1000	L001	2.0	25.7	25.7	
4500000019	10	Waterflowpump3.4X	35	1000	L001	1.0	12.85	12.85	
4500000020	10	Waterflowpump3.4X	33	1000	01	1.0	12.85	12.85	
4500000021	10	Waterflowpump3.4X	35	1000	L001	1.0	12.85	12.85	
4500000022	10	Waterflowpump3.4X	35	1000	L001	1.0	12.85	12.85	
4500000023	10	Waterflowpump3.4X	35	1000	L001	3.0	38.55	38.55	
4500000024	10	SpurgearIS651	56	1000	YBPM01	100.0	500.0	500.0	
4500000024	20	MechanicalSeal	55	1000	YBPM01	100.0	5000.0	5000.0	
4500000024	30	Gaskets1mm	54	1000	YBPM01	100.0	5000.0	5000.0	
4500000024	40	Shaft	53	1000	YBPM01	100.0	5000.0	5000.0	
4500000024	50	Coupling	52	1000	YBPM01	100.0	5000.0	5000.0	
4500000024	60	Bearing	51	1000	YBPM01	100.0	5000.0	5000.0	
4500000025	10	SpurgearIS651	56	1000	YBPM01	100.0	500.0	500.0	
4500000026	10	HydrologicalAdvice	SM0001	1000	YBMM01	80.0	10000.0	10000.0	
4500000027	10	WKAtest		1000	01	10.0	1000.0	1000.0	
4500000028	10	WKAtest		1000	01	300.0	30000.0	30000.0	
4500000029	10	WKAtest		1000	01	300.0	30000.0	30000.0	
4500000030	10	WKAtest		1000	01	300.0	30000.0	30000.0	
4500000031	10	Coupling	52	1000	YBPM01	1.0	50.0	50.0	
4500000032	10	Bearing	51	1000	YBPM01	10.0	3000.0	3000.0	
4500000033	10	Waterflowpump3.4X	33	1000	01	11.0	141.35	141.35	User_058
4500000034	10	Waterflowpump3.4X	33	1000	01	1.0	12.85	12.85	
4500000035	10	Waterflowpump3.4X	33	1000	01	1.0	12.85	12.85	User_087
4500000036	10	CompactRkunststofkozijnmetrolluik	61	1000	01	10.0	1000.0	1000.0	User_088
4500000037	10	CompactRkunststofkozijnmetrolluik	61	1000	01	20.0	2000.0	2000.0	
4500000038	10	Hand.goed.0011,PD,normaleverwerking	TG0011	1000	L001	10.0	100.0	100.0	User_058
4500000039	10	Hand.goed.0011,PD,normaleverwerking	TG0011	1000	L001	15.0	150.0	150.0	
4500000040	10	Hand.goed.11,PD,gewonehandel	TG11	1000	L001	300.0	60000.0	60000.0	
4500000041	10	Hand.goed.10,PD,derde	TG10	1000	L001	500.0	6500.0	6500.0	
4500000041	20	Hand.goed.11,PD,gewonehandel	TG11	1000	L001	300.0	60000.0	60000.0	
4500000042	10	Hand.goed.0011,PD,normaleverwerking	TG0011	1000	L001	10.0	100.0	100.0	
4500000043	10	Hand.goed.0011,PD,normaleverwerking	TG0011	1000	L001	10.0	100.0	100.0	
4500000044	10	Hand.goed.0011,PD,normaleverwerking	TG0011	1000	L001	10.0	1000.0	1000.0	
4500000045	10	Hand.goed.0011,PD,normaleverwerking	TG0011	1000	L001	10.0	10000.0	10000.0	
4500000046	10	Hand.goed.0011,PD,normaleverwerking	TG0011	1000	L001	10.0	10000.0	10000.0	
4500000047	10	Hand.goed.0011,PD,normaleverwerking	TG0011	1000	L001	10.0	1000.0	1000.0	
4500000048	10	Hand.goed.0011,PD,normaleverwerking	TG0011	1000	L001	10.0	100.0	100.0	
4500000049	10	Hand.goed.10,PD,derde	TG10	1000	L001	5.0	65.0	65.0	
4500000050	10	Hand.goed.0011,PD,normaleverwerking	TG0011	3710	L001	10.0	300.0	300.0	
4500000051	10	Hand.goed.0011,PD,normaleverwerking	TG0011	3710	L001	1.0	30.0	30.0	
4500000052	10	Hand.goed.0011,PD,normaleverwerking	TG0011	3710	L001	10.0	300.0	300.0	
4500000053	10	Hand.goed.10,PD,derde	TG10	1000	L001	100.0	1300.0	1300.0	
4500000054	10	Hand.goed.10,PD,derde	TG10	1000	L001	100.0	1300.0	1300.0	
4500000055	10	transmissie236C5		1000	01	1.0	261.0	261.0	
4500000056	10	'rad.Good11,PD,Reg.Trading	TG11	1000	L001	100.0	1000.0	1000.0	
4500000057	10	'rad.Good11,PD,Reg.Trading	TG11	1000	L001	100.0	1000.0	1000.0	
4500000058	10	'rad.Good11,PD,Reg.Trading	TG11	1000	L001	1.0	10.0	10.0	
4500000059	10	Purchaseservicewithoutmaterialnumber		1000	YBMM01	10.0	100.0	100.0	
4500000059	20	ServiceProcurement		1000	YBMM01		200.0	200.0	
4500000060	10	'rad.Good11,PD,Reg.Trading	TG11	1000	L001	100.0	1000.0	1000.0	
4500000061	10	ServiceProcurementcase1		1000	YBMM01	10.0	100.0	100.0	
4500000062	10	TradingGood0011,PD,RegularProc.	TG0011	1000	L001	100.0	1000.0	1000.0	
4500000063	20	TradingGood0011,PD,RegularProc.1	TG0011	1000	L001	1000.0	100000.0	100000.0	
4500000064	10	'rad.Good11,PD,Reg.Trading	TG11	1000	L001	999.0	9990.0	9990.0	
4500000065	10	'rad.Good11,PD,Reg.Trading	TG11	1000	L001	888.0	8880.0	8880.0	
4500000066	10	'rad.Good11,PD,Reg.Trading	TG11	1000	L001	777.0	7770.0	7770.0	
4500000067	10	'rad.Good11,PD,Reg.Trading	TG11	1000	L001	10.0	100.0	100.0	
4500000068	10	TradingGood0011,PD,RegularProc.	TG0011	1000	L001	1000.0	10000.0	10000.0	
4500000069	10	'rad.Good11,PD,Reg.Trading	TG11	1000	L001	10.0	1000.0	1000.0	
4500000070	10	'rad.Good11,PD,Reg.Trading	TG11	1000	L001	1000.0	10000.0	10000.0	
4500000071	10	'rad.Good11,PD,Reg.Trading	TG11	1000	L001	10.0	1000.0	1000.0	
4500000072	10	'rad.Good11,PD,Reg.Trading	TG11	1000	L001	10.0	1000.0	1000.0	
4500000073	10	'rad.Good11,PD,Reg.Trading	TG11	1000	L001	1000.0	10000.0	10000.0	
4500000074	10	'rad.Good11,PD,Reg.Trading	TG11	1000	L001	1000.0	10000.0	10000.0	
4500000075	10	TradingGood0011,PD,RegularProc.	TG0011	1000	L001	100.0	1000.0	1000.0	
4500000076	10	'rad.Good11,PD,Reg.Trading	TG11	1000	L001	10.0	100.0	100.0	
4500000077	10	TradingGood0011,PD,RegularProc.	TG0011	1000	L001	100.0	1000.0	1000.0	
4500000078	10	TradingGood0011,PD,RegularProc.	TG0011	1000	L001	100.0	1000.0	1000.0	
4500000079	10	'rad.Good11,PD,Reg.Trading	TG11	1000	L001	100.0	1000.0	1000.0	
4500000080	10	TradingGood0011,PD,RegularProc.	TG0011	1000	L001	100.0	1000.0	1000.0	
4500000081	10	TradingGood0011,PD,RegularProc.	TG0011	1000	L001	100.0	1000.0	1000.0	
4500000082	10	TradingGood0011,PD,RegularProc.	TG0011	1000	L001	10.0	100.0	100.0	
4500000083	10	TradingGood0011,PD,RegularProc.	TG0011	1000	L001	100.0	1000.0	1000.0	
4500000084	10	'rad.Good11,PD,Reg.Trading	TG11	1000	L001	1000.0	10000.0	10000.0	
4500000085	10	'rad.Good11,PD,Reg.Trading	TG11	1000	L001	10.0	100.0	100.0	
4500000086	10	'rad.Good11,PD,Reg.Trading	TG11	1000	L001	100.0	1000.0	1000.0	
4500000087	10	TradingGood0011,PD,RegularProc.	TG0011	1000	L001	1000.0	10000.0	10000.0	
4500000088	10	'rad.Good11,PD,Reg.Trading	TG11	1000	L001	100.0	1000.0	1000.0	
4500000089	10	'rad.Good11,PD,Reg.Trading	TG11	1000	L001	100.0	20000.0	20000.0	
4500000090	10	'rad.Good11,PD,Reg.Trading	TG11	1000	L001	10.0	100.0	100.0	
4500000091	10	Serviceartikel01	SM0001	1000	YBMM01	100.0	2000.0	2000.0	
4500000092	10	Schroef	58	1000	YBMM01	10.0	1.0	1.0	
4500000093	10	Purchaseservicewithoutmaterialnumber		1000	YBMM01	10.0	100.0	100.0	
4500000094	10	Serviceartikel01	SM0001	1000	YBMM01	20.0	400.0	400.0	
4500000095	10	Srviceprocurementcase2	SM0001	1000	YBMM01	11.0	220.0	220.0	
4500000095	20	Srviceprocurementcase2		1000	YBMM01	13.0	260.0	260.0	
4500000096	10	Srviceprocurementcase2	SM0001	1000	YBMM01	11.0	1100.0	1100.0	
4500000096	20	Srviceprocurementcase2		1000	YBMM01	13.0	1300.0	1300.0	
4500000097	10	BEARINGBALL600525X47X12MM	1005	1000	YBPM01	25.0	100.0	100.0	
4500000098	10	ServiceProcurement		1000	YBMM01		200.0	200.0	
4500000099	10	TestTerry		1000			200.0	200.0	
4500000100	10	BEARINGBALL600525X47X12MM	1005	1000	YBPM01	1.0	4.0	4.0	
4500000101	10	0707001ExternalservicesTask10		1000	P001	1.0	88.0	88.0	
4500000102	10	NEWTASKfirstPur.Req.ConvertChange		1000	P001	1.0	1760.0	1760.0	
4500000103	10	Hand.goed.0011,PD,normaleverwerking	TG0011	3710	L001	1.0	30.0	30.0	
4500000104	10	LAGERKOGEL600525X47X12MM	1005	1000	YBPM01	100.0	400.0	400.0	
4500000105	10	BEARINGBALL600525X47X12MM	1005	1000	YBPM01	2.0	8.0	8.0	
4500000106	10	externalcomponent		1000	01	1.0	20.0	20.0	
4500000107	10	Hand.goed.0011,PD,normaleverwerking	TG0011	1000	L001	1.0	10.0	10.0	
4500000108	10	externalcomponent		1000	01	1.0	20.0	20.0	
4500000109	10	BEARINGBALL600525X47X12MM	1005	1000	YBPM01	1.0	4.0	4.0	
4500000110	10	BEARINGBALL600525X47X12MM	1005	1000	YBPM01	25.0	100.0	100.0	
4500000111	10	artikeloptekstbestellen		1000	YBPM01	1.0	100.0	100.0	
4500000112	10	Testexternwerk(zonderses),Flohrty		1000	YBPM02	1.0	250.0	250.0	
4500000113	10	Testexternwerk(metses),Flohrty		1000	YBPM02	1.0	125.0	125.0	
4500000114	10	Testexternwerk(metses),Flohrty		1000	YBPM02	1.0	250.0	250.0	
4500000115	10	Testexternwerk(metses),Flohrty		1000	YBPM02	1.0	250.0	250.0	
4500000116	10	BEARINGBALL600525X47X12MM	1005	1000	YBPM01	1.0	4.0	4.0	
4500000117	10	BEARINGBALL600525X47X12MM	1005	1000	YBPM01	25.0	100.0	100.0	
4500000118	10	Impeller	101	1000	YBPM01	1.0	650.0	650.0	
4500000119	10	BEARINGBALL600525X47X12MM	1005	1000	YBPM01	25.0	100.0	100.0	
4500000120	10	artikeloptekstbestellen		1000	YBPM01	1.0	100.0	100.0	
4500000121	10	Cfofferte1234		1000	YBPM01	1.0	100.0	100.0	
4500000122	10	Testexternwerk(zonderses),Flohrty		1000	YBPM02	1.0	250.0	250.0	
4500000123	10	Testexternwerk(metses),Flohrty		1000	YBPM02	1.0	250.0	250.0	
4500000124	10	Impeller	101	1000	YBPM01	1.0	650.0	650.0	
4500000125	10	SEMI23,PD,Subcontracting	SG23	3710	L003	1.0	0.59	0.59	User_089
4500000126	10	SEMI23,PD,Subcontracting	SG23	3710	L003	1.0	0.59	0.59	
4500000127	10	SEMI23,PD,Subcontracting	SG23	3710	L003	1.0	0.59	0.59	
4500000128	10	MOTORELEKV14kW1420RPM400/690V	131	1000	01	1.0	100.0	100.0	
4500000129	10	MOTORELEKV14kW1420RPM400/690V	131	1000	01	2.0	200.0	200.0	
4500000130	10	MOTORELEKV14kW1420RPM400/690V	131	1000	01	1.0	100.0	100.0	
4500000131	10	Refurbishmentexternal		1000	01	1.0	750.0	750.0	
4500000132	10	services		1000	YBPM02	1.0	100.0	100.0	
4500000133	10	MOTORREDUCTORDC0,06KWSPLIT	111	1000	02	1.0	750.0	750.0	
4500000134	10	PumpCentrifugal	91	1000	YBPM01	1.0	250.0	250.0	
4500000135	10	MOTORELEKV14kW1420RPM400/690V	131	1000	01	1.0	100.0	100.0	
4500000136	10	Refurbishmentexternal2		1000	01	1.0	250.0	250.0	
4500000137	10	NONSTOCK		1000	YBPM01	1.0	250.0	250.0	
4500000137	20	LAGERKOGEL600945X75X16MM	1009	1000	YBPM01	3.0	27.0	27.0	
4500000138	10	Externeservice		1000	01	1.0	785.0	785.0	
4500000139	10	SERVICE		1000	01	1.0	500.0	500.0	
4500000140	10	SERVICE		1000	01	1.0	50.0	50.0	
4500000141	10	LAGERKOGEL600945X75X16MM	1009	1000	YBPM01	3.0	27.0	27.0	
4500000141	20	NONSTOCK		1000	YBPM01	1.0	25.0	25.0	
4500000142	10	nonstock		1000	YBPM01	1.0	25.0	25.0	
4500000143	10	externwerk		1000	YBPM02	1.0	100.0	100.0	
4500000144	10	externeservice		1000	YBPM02	1.0	250.0	250.0	
4500000145	10	externartikel		1000	YBPM01	1.0	1000.0	1000.0	
4500000146	10	MechanicalSeal	55	1000	YBPM01	2.0	1000.0	1000.0	
4500000147	10	LAGERKOGEL600010X26X8MM	1000	1000	YBPM01	10.0	52.0	52.0	User_090
4500000148	10	LAGERKOGEL600010X26X8MM	1000	1000	YBPM01	10.0	52.0	52.0	User_090
4500000149	10	Waterflowpump3.4X	35	1000	L001	11.0	141.35	141.35	
4500000150	10	Waterflowpump3.4X	33	1000	01	10.0	128.5	128.5	
4500000151	10	LAGERKOGEL600010X26X8MM	1000	1000	YBPM01	3.0	15.6	15.6	
4500000152	10	LAGERKOGEL600010X26X8MM	1000	1000	YBPM01	4.0	20.8	20.8	User_088
4500000153	10	LAGERKOGEL600010X26X8MM	1000	1000	YBPM01	3.0	15.6	15.6	User_088
4500000154	10	LAGERKOGEL600010X26X8MM	1000	1000	YBPM01	7.0	36.4	36.4	User_088
4500000155	10	Hand.goed.0011,PD,normaleverwerking	TG0011	1000	L001	10.0	100.0	100.0	User_058
4500000156	10	Hand.goed.0011,PD,normaleverwerking	TG0011	1000	L001	10.0	100.0	100.0	User_058
4500000157	10	Schroef	58	1000	YBMM01	1.0	0.1	0.1	
4500000158	10	BEARINGBALL600525X47X12MM	1005	1000	YBPM01	25.0	100.0	100.0	
4500000159	10	impeller		1000	YBPM01	1.0	50.0	50.0	
4500000160	10	textitem		1000	YBPM01	1.0	120.0	120.0	
4500000161	10	RAW302,PDartikel	R-302	1000	L002	2.0	3.0	3.0	
4500000162	10	Inkoopklinknagels		1000	01	1.0	5.0	5.0	
4500000163	10	RAW302,PDartikel	R-302	1000	L002	2.0	3.0	3.0	
4500000164	10	RAW302,PDartikel	R-302	1000	L002	2.0	3.0	3.0	
4500000165	10	RAW302,PDartikel	R-302	1000	L002	2.0	3.0	3.0	
4500000166	10	RAW302,PDartikel	R-302	1000	L002	2.0	3.0	3.0	
4500000167	10	RAW302,PDartikel	R-302	1000	L002	2.0	3.0	3.0	
4500000168	10	RAW302,PDartikel	R-302	1000	L002	2.0	3.0	3.0	
4500000169	10	RAW302,PDartikel	R-302	1000	L002	2.0	3.0	3.0	
4500000170	10	RAW302,PDartikel	R-302	1000	L002	2.0	3.0	3.0	
4500000171	10	RAW302,PDartikel	R-302	1000	L002	2.0	3.0	3.0	
4500000172	10	RAW302,PDartikel	R-302	1000	L002	2.0	3.0	3.0	
4500000173	10	RAW302,PDartikel	R-302	1000	L002	2.0	3.0	3.0	
4500000174	10	RAW302,PDartikel	R-302	1000	L002	2.0	3.0	3.0	
4500000175	10	RAW302,PDartikel	R-302	1000	L002	2.0	3.0	3.0	
4500000176	10	RAW302,PDartikel	R-302	1000	L002	2.0	3.0	3.0	
4500000177	10	Waterflowpump3.4X	33	1000	01	1.0	12.85	12.85	
4500000178	10	WoodiesUltimate3x16VKT10Verzinkt	R-302	1000	L002	2.0	3.0	3.0	
4500000179	10	Houtschroeven		1000	01	1.0	5.0	5.0	
4500000180	10	WoodiesUltimate3x16VKT10Verzinkt	R-302	1000	L002	2.0	3.0	3.0	
4500000181	10	MOTORELEKV14kW1420RPM400/690V	131	1000	01	1.0	100.0	100.0	
4500000182	10	FinsVurenUnderlaymentFSC-cert.	R-501	1000	L002	1.0	36.02	36.02	
4500000182	20	FinsVurenUnderlaymentnon-FSCcert.	R-502	1000	L002	2.0	52.04	52.04	
4500000183	10	RadiataPineFSC-cert.	R-901	1000	L002	2.0	72.04	72.04	
4500000184	10	FinsVurenUnderlaymentFSC-cert.	R-501	1000	L002	1.0	36.02	36.02	
4500000184	20	FinsVurenUnderlaymentnon-FSCcert.	R-502	1000	L002	2.0	52.04	52.04	
4500000185	10	WoodiesUltimate3x16VKT10Verzinkt	R-302	1000	L002	30.0	45.0	45.0	User_088
4500000186	10	FSCHout22x42	TG400	1000	01	120.0	3600.0	3600.0	
4500000187	10	WoodiesUltimate3x16VKT10Verzinkt	R-302	1000	L002	10.0	15.0	15.0	
4500000188	10	advieskosten		1000	01	1.0	12000.0	12000.0	
4500000189	10	advieskosten		1000	01	1.0	12000.0	12000.0	
4500000190	10	FinsVurenUnderlaymentFSC-cert.	R-501	1000	L002	12.0	144.0	144.0	
4500000191	10	advieskosten		1000	01	1.0	12000.0	12000.0	
4500000192	10	advieskosten		1000	01	1.0	12000.0	12000.0	
4500000193	10	FinsVurenUnderlaymentFSC-cert.	R-501	1000	L002	12.0	144.0	144.0	
4500000194	10	FinsVurenUnderlaymentFSC-cert.	R-501	1000	L002	12.0	144.0	144.0	
4500000194	20	Hand.goed.11,PD,gewonehandel	TG11	1000	L001	10.0	2000.0	2000.0	
4500000195	10	FinsVurenUnderlaymentFSC-cert.	R-501	1000	L002	12.0	144.0	144.0	
4500000196	10	WoodiesUltimate3x16VKT10Verzinkt	R-302	1000	L002	12.0	18.0	18.0	User_088
4500000197	10	AFDEKRAAMT.B.V.ARM.SPICA	33	1000	01	10.0	200.0	200.0	
4500000198	10	AFDEKRAAMT.B.V.ARM.SPICA	33	1000	01	10.0	200.0	200.0	
4500000199	10	AFDEKRAAMT.B.V.ARM.SPICA	33	1000	01	10.0	200.0	200.0	
4500000200	10	Services		1000	YBPM02	1.0	68000.0	68000.0	
4500000201	10	CommitmentForecasting		1000	01	1.0	399.0	399.0	
4500000202	10	CommitmentForecasting		1000	01	1.0	399.0	399.0	
4500000203	10	CommitmentForecasting		1000	01	1.0	100.0	100.0	
4500000204	10	CommitmentForecasting		1000	01	1.0	250.0	250.0	
4500000205	10	CommitmentForecasting		1000	01	1.0	699.0	699.0	
4500000206	10	SEMI201,MTS,D1,Subassembly	S-201	3710	L003	1.0	25.0	25.0	
4500000207	10	CommitmentForecasting		1000	01	1.0	250.0	250.0	
4500000208	10	CommitmentForecasting		1000	01	1.0	300.0	300.0	
4500000209	10	CommitmentForecasting		1000	01	1.0	500.0	500.0	
4500000210	10	services		1000	YBPM02	1.0	520.0	520.0	
4500000211	10	INKOOPARTIKEL1000		1000	YBPM01	2.0	100.0	100.0	
4500000211	20	Textaritkel		1000	YBPM01	1.0	125.0	125.0	
4500000211	30	Extreneinhuur		1000	YBPM02	1.0	250.0	250.0	
4500000211	40	Lager	51	1000	YBPM01	2.0	250.0	250.0	
4500000212	10	Niet-voorraadartikel		1000	YBPM01	2.0	222.0	222.0	
4500000213	10	Bestellingdiensten-goederenontvangst		1000	YBPM02	10.0	500.0	500.0	
4500000214	10	Bestellingdiensten-demoSES		1000	YBPM02	1.0	250.0	250.0	
4500000215	10	Niet-voorraadartikel		1000	YBPM01	5.0	100.0	100.0	
4500000216	10	Bestellingdiensten-goederenontvangst		1000	YBPM02	8.0	400.0	400.0	
4500000217	10	SERVICE		1000	01	1.0	550.0	550.0	
4500000218	10	Bestellingdiensten-demoSES		1000	YBPM02	1.0	161.5	161.5	
4500000219	10	Tekstbestelling		1000	YBPM01	1.0	150.0	150.0	
4500000220	10	TekstbestellingartikelX		1000	YBPM01	10.0	1000.0	1000.0	
4500000221	10	LAGERKOGEL600525X47X12MM	1005	1000	YBPM01	147.0	588.0	588.0	User_088
4500000222	10	ArtikelX		1000	YBPM01	10.0	1500.0	1500.0	
4500000223	10	test		1000	01	100.0	10000000.0	10000000.0	
4500000224	10	testWKA		1000	01	1.0	100000.0	100000.0	
4500000225	10	TLlamp	342	1000	01	5.0	75.0	75.0	User_091
4500000226	10	Ruimwerken	341	1000	01	150.0	3000.0	3000.0	User_091
4500000227	10	Ruimwerken	341	1000	01	150.0	3000.0	3000.0	User_091
4500000228	10	TLlamp	342	1000	01	5.0	75.0	75.0	User_091
4500000229	10	Kostenstudiebureau	351	1000	01	1.0	10000.0	10000.0	
4500000230	10	Ruimwerken	341	1000	01	150.0	3000.0	3000.0	User_091
4500000231	10	Ruimwerken	341	1000	01	150.0	3000.0	3000.0	User_091
4500000232	10	Ruimwerken	341	1000	01	150.0	3000.0	3000.0	User_092
4500000233	10	TLlamp	342	1000	01	10.0	150.0	150.0	User_092
4500000234	10	TLlamp	342	1000	01	10.0	150.0	150.0	User_092
4500000235	10	Ruimwerken	341	1000	01	150.0	3000.0	3000.0	User_093
4500000236	10	TLlamp	342	1000	01	10.0	150.0	150.0	User_093
4500000237	10	Studieburaudiensten		1000	P001	1.0	10000.0	10000.0	
4500000238	10	TLlamp	342	1000	01	10.0	150.0	150.0	User_093
4500000239	10	Studieburaudiensten		1000	P001	1.0	10000.0	10000.0	
4500000240	10	Studieburaudiensten		1000	P001	1.0	10000.0	10000.0	
4500000241	10	TLlamp	342	1000	01	10.0	150.0	150.0	User_091
4500000241	20	TLlamp	342	1000	01	10.0	150.0	150.0	User_093
4500000241	30	TLlamp	342	1000	01	10.0	150.0	150.0	User_093
4500000241	40	TLlamp	342	1000	01	6.0	90.0	90.0	User_093
4500000242	10	TLlamp	342	1000	01	10.0	150.0	150.0	User_093
4500000243	10	Ruimwerken	341	1000	01	200.0	4000.0	4000.0	User_093
4500000244	10	Ruimingswerken		1000	P001	1.0	3000.0	3000.0	
4500000245	10	TLlamp	342	1000	01	6.0	90.0	90.0	User_093
4500000246	10	Studieburaudiensten		1000	P001	1.0	10000.0	10000.0	
4500000247	10	Ruimingswerken		1000	YBPM02	1.0	59000.0	59000.0	
4500000248	10	Ruimingswerken		1000	P001	1.0	3000.0	3000.0	
4500000249	10	TLlamp	342	1000	01	10.0	150.0	150.0	User_093
4500000250	10	Ruimingswerken		1000	P001	1.0	3000.0	3000.0	
4500000251	10	TLlamp	342	1000	01	1.0	15.0	15.0	User_093
4500000252	10	TLlamp	342	1000	01	10.0	150.0	150.0	User_093
4500000253	10	Ruimingswerken		1000	P001	1.0	3000.0	3000.0	
4500000254	10	TLlamp	342	1000	01	10.0	150.0	150.0	User_093
4500000255	10	TLlamp	342	1000	01	10.0	150.0	150.0	User_093
4500000256	10	Studiebureaudiensten		1000	P001	1.0	10000.0	10000.0	
4500000257	10	TLlamp	342	1000	01	10.0	150.0	150.0	User_093
4500000258	10	Ruimingswerken		1000	P001	1.0	3000.0	3000.0	
4500000259	10	SmallPart,Slow-MovingItem	EWMS4-01	3710	L001	2.0	120.0	120.0	
4500000260	10	SmallPart,Slow-MovingItem	EWMS4-01	3710	L001	2.0	120.0	120.0	
4500000261	10	SmallPart,Fast-MovingItem	EWMS4-02	3710	L001	1.0	10.0	10.0	
4500000262	10	FietsFrame	371	1000	L003	10.0	1000.0	1000.0	
4500000263	10	FietsFrame	371	1000	L003	20.0	2000.0	2000.0	
4500000263	20	Fietswiel	372	1000	L003	40.0	400.0	400.0	
4500000263	30	Fietsstuur	373	1000	L003	20.0	1000.0	1000.0	
4500000264	10	Silokeuring		1000	YBPM02	5.0	500.0	500.0	
4500000265	10	FIN126,MTS-DI,PD,serienummer	FG126	3710	L004	1.0	100.0	100.0	
4500000266	10	RAW12,PD,serieproductie	RM12	3710	L002	10.0	1000.0	1000.0	
4500000267	10	LAGERKOGEL600525X47X12MM	1005	1000	YBPM01	7.0	28.0	28.0	User_011
4500000268	10	INSTORTAANSLUITINGFONTEINPVC		1000	YBFA07	6.0	900.0	900.0	User_002
4500000269	10	FUNDERINGAANSLUITINGFONTEIN		1000	YBFA07	24.0	10.08	10.08	User_002
4500000270	10	Inkoopartikel		1000	YBPM01	1.0	100.0	100.0	
4500000271	10	Bestellingdiensten-Steensr		1000	YBPM02	1.0	2500.0	2500.0	
4500000272	10	InkoopartikelX		1000	YBPM01	3.0	1500.0	1500.0	
4500000273	10	CompactRkunststofkozijnmetrolluik	451	1000	01	10.0	5.0	5.0	User_088
4500000274	10	Uitbestedingvanservices		1000	YBPM02	1.0	869.0	869.0	
4500000275	10	Pompschoonmaken		1000	YBPM02	1.0	0.0	0.0	
4500000276	10	Pompreviseren		1000	YBPM02	1.0	15000.0	15000.0	
4500000277	10	Nietvoorraadartikel		1000	YBPM01	5.0	175.0	175.0	
4500000278	10	Uitbestedenwerk		1000	YBPM02	1.0	25333.0	25333.0	
4500000279	10	Nietvoorraadartikel		1000	YBPM01	2.0	150.0	150.0	
4500000280	10	Nietvoorraadartikel		1000	YBPM01	1.0	75.0	75.0	
4500000281	10	Uitbestedenwerk		1000	YBPM02	1.0	333.0	333.0	
4500000282	10	CompactRkunststofkozijnmetrolluik	461	1000	01	100.0	50.0	50.0	
4500000283	10	Uitbestedenwerk		1000	YBPM02	1.0	333.0	333.0	
4500000284	10	HSSSpiraalboorDIN3381,0mm	25	1000	ETM001	10000.0	8900.0	8900.0	
4500000285	10	MOTORREDUCTORDC0,06KWSPLIT	111	1000	02	1.0	750.0	750.0	
4500000286	10	HSSSpiraalboorDIN3381,0mm	25	1000	ETM001	10000.0	8900.0	8900.0	
4500000287	10	HSSSpiraalboorDIN3381,0mm	25	1000	ETM001	10000.0	8900.0	8900.0	
4500000288	10	BEARINGBALL600525X47X12MM	1005	1000	YBPM01	25.0	2500.0	2500.0	
4500000289	10	Dummybestelling		1000	YBPM01	2.0	300.0	300.0	
4500000290	10	MOTORREDUCTORDC0,06KWSPLIT	111	1000	02	1.0	750.0	750.0	
4500000291	10	BEARINGBALL600525X47X12MM	1005	1000	YBPM01	150.0	15000.0	15000.0	
4500000292	10	MOTORREDUCTORDC0,06KWSPLIT	111	1000	02	1.0	750.0	750.0	
4500000293	10	MOTORREDUCTORDC0,06KWSPLIT	111	1000	02	1.0	750.0	750.0	
4500000294	10	SmallPart,Fast-MovingItem	EWMS4-02	3710	L001	100.0	1100.0	1100.0	
4500000295	10	spullenendiensten		1000	01	100000.0	100000.0	100000.0	
4500000296	10	Sensor	482	1000	01	100.0	5000.0	5000.0	
4500000296	20	Sensor	482	1000	01	30.0	1800.0	1800.0	
4500000297	10	Sensor	442	1000	01	30.0	3000.0	3000.0	
4500000298	10	Armatuur	483	1000	01	10.0	25000.0	25000.0	
4500000298	20	Armatuur	483	1000	01	5.0	13500.0	13500.0	
4500000299	10	Ventielset	484	1000	01	100.0	4000.0	4000.0	
4500000299	20	Ventielset	484	1000	01	20.0	1000.0	1000.0	
4500000300	10	TestMat	491	1000	YBFA05	1.0	45000.0	45000.0	User_080
4500000301	10	engineering		1000	01	1.0	150000.0	150000.0	
4500000302	10	PVCt-stuk45ï¿½110x110x110mm3xmofgrijs		1000	YBFA07	12.0	26.4	26.4	User_002
4500000303	10	PVCcvcondensafvoerset40mmwit		1000	YBFA07	6.0	25.2	25.2	User_002
4500000304	10	Engineering		1000	01	1.0	3495.0	3495.0	
4500000305	10	Other		1000	01	3.0	4545.45	4545.45	
4500000305	20	Band	471	1000	YBPM01	5.0	65.0	65.0	
4500000306	10	engineering		1000	01	1.0	150000.0	150000.0	
4500000307	10	BoormachineMakita	521	1000	L001	10.0	500.0	500.0	
4500000308	10	PUMPCENTRIFUGALAEHE-3105		1000	YBPM01	1.0	1100.0	1100.0	
4500000309	10	Verrekeninguren		1000	P001	2.0	150.0	150.0	
4500000310	10	Reviserenpomp		1000	YBPM02	1.0	500.0	500.0	User_094
4500000311	10	MechanicalSeal	55	1000	YBPM01	1.0	50.0	50.0	
4500000312	10	Reviserenpomp		1000	YBPM02	1.0	740.0	740.0	
4500000313	10	PUMPCENTRIFUGALAEHE-3105		1000	YBPM01	1.0	1100.0	1100.0	
4500000313	20	CentrifugaalpompJohnsonCX	11	1000	YBFA05	1.0	1100.0	1100.0	
4500000314	10	Uitbestedingrevisie		1000	YBPM02	1.0	720.0	720.0	
4500000315	10	TestMat	491	1000	YBFA05	50.0	22500000.0	22500000.0	
4500000316	10	PUMPCENTRIFUGALAEHE-3105		1000	YBPM01	1.0	1100.0	1100.0	
4500000317	10	UitbestedingPM03		1000	YBPM02	1.0	720.0	720.0	
4500000318	10	WATERFLOWPUMP3.4X	626	2000	YBFA05	1.0	5.0	5.0	
4500000319	10	Externeservice		2000	P001	1.0	150.0	150.0	
4500000319	20	WATERFLOWPUMP3.4X	626	2000	YBFA05	1.0	5.0	5.0	
4500000320	10	Externeservice		2000	P001	1.0	150.0	150.0	
4500000320	20	WATERFLOWPUMP3.4X	626	2000	YBFA05	1.0	5.0	5.0	
4500000321	10	WATERFLOWPUMP3.4X	626	2000	YBFA05	1.0	100.0	100.0	
4500000321	20	Olie		2000	YBPM01	2.0	34.0	34.0	
4500000322	10	WATERFLOWPUMP3.4X	732	2000	L002	5.0	250.0	250.0	
4500000322	20	Grind		2000	L002	3.0	180.0	180.0	
4500000323	10	WATERFLOWPUMP3.4X	732	2000	L002	5.0	250.0	250.0	
4500000324	10	WATERFLOWPUMP3.4X	732	2000	L002	3.0	150.0	150.0	
4500000325	10	Zand	732	2000	L002	3.0	150.0	150.0	
4500000326	10	WATERFLOWPUMP3.4X	626	2000	YBFA05	2.0	200.0	200.0	
4500000326	20	olie		2000	01	1.0	10.0	10.0	
4500000327	10	CentrifugaalpompJohnsonCX	11	1000	YBFA05	1.0	1500.0	1500.0	
4500000328	10	Revisiepomp		1000	P001	1.0	2300.0	2300.0	
4500000329	10	Revisiepomp		1000	P001	1.0	1500.0	1500.0	
4500000330	10	kraan		1000	01	1.0	5110.9	5110.9	
4500000330	20	kraan		1000	01	1.0	2575.34	2575.34	
4500000330	30	kraan		1000	01	1.0	6389.21	6389.21	
4500000330	40	kraan		1000	01	1.0	450.0	450.0	
4500000331	10	FSCHout22x50	TG401	1000	01	1.0	50.0	50.0	
4500000332	10	FSCHout22x50	912	1000	01	10.0	200.0	200.0	
4500000333	10	Batchartikel	BATCHART	1000	YBPM01	10.0	600.0	600.0	
4500000334	10	TESTartikelenbestellen		1000	YBPM01	1.0	50.0	50.0	
4500000335	10	Sjoerdislekkerbezig!		1000	YBPM01	1.0	50.0	50.0	
4500000336	10	Testartikel		1000	YBPM01	1.0	60.0	60.0	
4500000337	10	Test2		1000	01	1.0	26000.0	26000.0	
4500000338	10	Test3		1000	01	1.0	43000.0	43000.0	
4500000339	10	Changeoperation		1000	P001	1.0	75.0	75.0	
4500000340	10	Changecontrolkeytotsm02withFSM		1000	YBPM02	1.0	660.0	660.0	
4500000341	10	balkenklemkrom		1000	YBPM02	1.0	660.0	660.0	
4500000342	10	TESTactiviteittools		1000	YBPM02	1.0	660.0	660.0	
4500000343	10	inspecteerbalkenklem_hm		1000	YBPM02	1.0	660.0	660.0	
4500000344	10	nieuwcalltbvcrowd		1000	YBPM02	1.0	660.0	660.0	
4500000345	10	nieuwecall2		1000	YBPM02	1.0	660.0	660.0	
4500000346	10	balkenklemkrom		1000	YBPM02	1.0	660.0	660.0	
4500000347	10	Pompaansluiten		1000	YBPM02	1.0	660.0	660.0	
4500000348	10	Pompinstaleren		1000	YBPM02	1.0	660.0	660.0	
4500000349	10	Schidlerenpomp		1000	YBPM02	1.0	660.0	660.0	
4500000350	10	nieuwesc		1000	YBPM02	1.0	660.0	660.0	
4500000351	10	RAW17,PD	RM17	1000	L002	1.0	0.0	0.0	
4500000352	10	fsmsm01order3		1000	YBPM02	1.0	660.0	660.0	
4500000353	10	LAGERKOGEL630215X42X13MM	1022	1000	YBPM01	2.0	10.0	10.0	
4500000354	10	LAGERKOGEL630215X42X13MM	1022	1000	YBPM01	5.0	25.0	25.0	
4500000355	10	SESmaken		1000	P001	1.0	80.0	80.0	
4500000356	10	Voorbeeldonderaannnemingtekst		1000	L002	1.0	157.0	157.0	User_088
4500000357	10	Paaldiameter3cm	2656	1000	L002	15.0	150.0	150.0	User_088
4500000358	10	Klemmenstandaard	2657	1000	L002	30.0	150.0	150.0	User_088
4500000359	10	Paaldiameter3cm	2608	1000	L002	30.0	300.0	300.0	User_088
4500000360	10	Klemmenstandaard	2609	1000	L002	60.0	300.0	300.0	User_088
4600000000	10	Servicesinacontract		1000	01	0.0	0.0	6000.0	
4600000001	10	Hand.goed.11,PD,gewonehandel	TG11	1000	L001	0.0	0.0	60000.0	
4600000002	10	Hand.goed.10,PD,derde	TG10	1000	L001	0.0	0.0	6500.0	
4600000002	20	Hand.goed.11,PD,gewonehandel	TG11	1000	L001	0.0	0.0	60000.0	
4600000003	10	Hand.goed.10,PD,derde	TG10	1000	L001	0.0	0.0	6500.0	
4600000003	20	Hand.goed.11,PD,gewonehandel	TG11	1000	L001	0.0	0.0	20000.0	
4600000004	10	Hand.goed.10,PD,derde	TG10	1000	L001	0.0	0.0	65.0	
4600000005	10	Hand.goed.10,PD,derde	TG10	1000	L001	0.0	0.0	65.0	
4600000006	10	SERVICE		1000	01	0.0	0.0	5030.0	
4600000007	10	Servicelines		1000	P001	0.0	0.0	14410.0	
4600000008	10	TLlamp	342	1000	01	0.0	0.0	7500.0	
4600000009	10	Inkooponderaanneming		1000	01	0.0	0.0	55000.0	
4600000010	10	Externalserviceprovision		1000	P001	0.0	0.0	1.0	
4600000010	20	Externalserviceprovision		1000	P001	0.0	0.0	75.0	
4600000010	30	Externalserviceprovision		1000	P001	0.0	0.0	75.0	
4600000010	40	Externalserviceprovision		1000	P001	0.0	0.0	75.0	
4600000010	50	Externalserviceprovision		1000	P001	0.0	0.0	75.0	
4600000011	10	ServiceforSO		1000	P001	0.0	0.0	550.0	
4600000011	20	ServiceforSO		1000	YBPM02	0.0	0.0	660.0	
4600000011	30	Externeuren	EXTERNAL	1000	YBPM02	0.0	0.0	19800.0	
4600000012	10	Service		1000	P001	0.0	0.0	6660.0	
4600000013	10	ServiceforSO		1000	P001	0.0	0.0	660.0	
5500000000	10	Waterflowpump3.4X	42	1000	L001	0.0	0.0	480000000.0	
5500000001	10	Waterflowpump3.4X	33	1000	01	0.0	0.0	480000000.0	
5500000002	10	Waterflowpump3.4X	33	1000	01	0.0	0.0	1200000.0	
5500000003	10	Hand.goed.0011,PD,normaleverwerking	TG0011	1000	L001	0.0	0.0	480000000.0	
5500000004	10	Hand.goed.0011,PD,normaleverwerking	TG0011	1000	L001	100.0	1000.0	1200000.0	
5500000005	10	Hand.goed.0012,bestelpunt,norm.verw.	TG0012	1000	L001	0.0	0.0	3600000.0	
5500000006	10	Trad.Good0012,Reord.Pt.,RegularProc.	TG0012	1000	L001	0.0	0.0	0.0	
5500000007	10		TG0021	1000	01	0.0	0.0	0.0	
5500000007	20	TG0020	TG0021	1000	01	5000.0	20000000.0	0.0	
6000000000	10	INSTORTAANSLUITINGBAD		1000	YBFA07	0.0	0.0	9.6	User_002
6000000001	10	INSTORTAANSLUITINGBAD		1000	YBFA07	0.0	0.0	9.0	User_002
7000000000	10	INSTORTAANSLUITINGBAD		1000	YBFA07	0.0	0.0	0.0	
7000000001	10	INSTORTAANSLUITINGBAD.		1000	YBFA07	0.0	0.0	0.0	
7000000002	10	INSTORTAANSLUITINGBADCAS		1000	YBFA07	0.0	0.0	0.0	
8000000000	10	INSTORTAANSLUITINGBADCAS		1000	YBFA07	0.0	78.0	78.0	
8000000001	10	INSTORTAANSLUITINGBADCAS		1000	YBFA07	0.0	60.0	60.0	
