MBLNR	MJAHR	BUDAT	USNAM	XBLNR
4900000000	2019	2019-05-14	User_001	
4900000010	2019	2019-05-15	User_001	
4900000020	2019	2019-06-18	User_055	
4900000021	2019	2019-06-20	User_001	
4900000022	2019	2019-06-20	User_001	
4900000030	2019	2019-07-10	User_056	
4900000040	2019	2019-10-16	User_041	
4900000050	2019	2019-11-26	User_003	
4900000051	2019	2019-11-26	User_003	
4900000052	2019	2019-11-26	User_003	
4900000053	2019	2019-11-26	User_003	
4900000054	2019	2019-11-26	User_003	
4900000055	2019	2019-11-27	User_004	
4900000056	2019	2019-11-27	User_004	
4900000057	2019	2019-11-27	User_004	
4900000060	2019	2019-12-09	User_004	
4900000070	2020	2020-01-09	User_004	
4900000071	2020	2020-01-20	User_004	
4900000072	2020	2020-02-21	User_004	
4900000073	2020	2020-02-21	User_004	
4900000080	2020	2020-05-20	User_006	
4900000090	2020	2020-05-25	User_006	0084000000
4900000091	2020	2020-05-25	User_006	0080000000
4900000092	2020	2020-05-25	User_006	0080000001
4900000093	2020	2020-05-25	User_006	0084000001
4900000094	2020	2020-05-25	User_006	0084000001
4900000095	2020	2020-05-25	User_006	0084000002
4900000100	2020	2020-05-26	User_006	
4900000101	2020	2020-05-26	User_006	0080000002
4900000102	2020	2020-05-26	User_006	0080000003
4900000103	2020	2020-05-26	User_006	0084000003
4900000104	2020	2020-05-26	User_057	
4900000105	2020	2020-05-26	User_006	0080000004
4900000106	2020	2020-05-27	User_006	
4900000107	2020	2020-05-27	User_077	
4900000108	2020	2020-05-27	User_006	
4900000109	2020	2020-05-27	User_006	
4900000110	2020	2020-05-27	User_006	
4900000111	2020	2020-05-27	User_006	
4900000112	2020	2020-05-27	User_006	
4900000113	2020	2020-05-27	User_006	
4900000114	2020	2020-05-27	User_006	
4900000115	2020	2020-05-27	User_006	
4900000116	2020	2020-05-27	User_006	
4900000117	2020	2020-05-27	User_057	0080000005
4900000118	2020	2020-05-27	User_057	0080000006
4900000119	2020	2020-05-27	User_057	0080000007
4900000120	2020	2020-05-27	User_057	0080000008
4900000121	2020	2020-05-27	User_057	0080000009
4900000122	2020	2020-05-27	User_057	0080000010
4900000123	2020	2020-05-27	User_058	
4900000124	2020	2020-05-27	User_057	
4900000125	2020	2020-05-27	User_057	0080000012
4900000126	2020	2020-05-27	User_006	
4900000127	2020	2020-05-28	User_006	0080000013
4900000128	2020	2020-05-28	User_006	0084000004
4900000129	2020	2020-05-28	User_057	0080000014
4900000130	2020	2020-05-28	User_057	0080000015
4900000131	2020	2020-05-28	User_057	0080000016
4900000132	2020	2020-05-28	User_057	0080000017
4900000140	2020	2020-05-29	User_006	0080000019
4900000150	2020	2020-06-03	User_006	0084000005
4900000160	2020	2020-06-08	User_006	
4900000161	2020	2020-06-08	User_006	
4900000162	2020	2020-06-08	User_006	
4900000170	2020	2020-06-09	User_006	
4900000171	2020	2020-06-09	User_006	
4900000180	2020	2020-06-11	User_006	0080000021
4900000190	2020	2020-07-13	User_057	
4900000200	2020	2020-07-14	User_057	
4900000210	2020	2020-07-28	User_009	
4900000211	2020	2020-07-28	User_009	
4900000212	2020	2020-07-30	User_009	
4900000213	2020	2020-07-31	User_057	
4900000233	2020	2020-08-04	User_057	
4900000242	2020	2020-08-07	User_078	
4900000253	2020	2020-08-10	User_009	
4900000254	2020	2020-08-10	User_078	
4900000255	2020	2020-08-10	User_078	
4900000256	2020	2020-08-10	User_078	
4900000257	2020	2020-08-10	User_078	
4900000258	2020	2020-08-10	User_078	
4900000259	2020	2020-08-10	User_078	
4900000260	2020	2020-08-10	User_078	
4900000261	2020	2020-08-10	User_078	
4900000262	2020	2020-08-10	User_078	
4900000264	2020	2020-08-11	User_009	
4900000270	2020	2020-08-13	User_009	
4900000271	2020	2020-08-13	User_009	
4900000272	2020	2020-08-13	User_009	
4900000273	2020	2020-08-13	User_009	
4900000274	2020	2020-08-13	User_009	
4900000280	2020	2020-08-14	User_025	
4900000281	2020	2020-08-14	User_025	
4900000290	2020	2020-08-17	User_041	
4900000291	2020	2020-08-17	User_004	
4900000292	2020	2020-08-17	User_041	
4900000293	2020	2020-08-17	User_004	
4900000294	2020	2020-08-17	User_041	
4900000295	2020	2020-08-17	User_041	
4900000296	2020	2020-08-17	User_041	
4900000297	2020	2020-08-17	User_041	
4900000298	2020	2020-08-17	User_041	
4900000300	2020	2020-08-17	User_041	
4900000301	2020	2020-08-17	User_025	
4900000302	2020	2020-08-17	User_041	
4900000303	2020	2020-08-17	User_041	
4900000304	2020	2020-08-17	User_041	
4900000305	2020	2020-08-17	User_041	
4900000306	2020	2020-08-17	User_041	
4900000307	2020	2020-08-17	User_041	
4900000308	2020	2020-08-17	User_041	
4900000309	2020	2020-08-17	User_041	
4900000310	2020	2020-08-18	User_025	
4900000311	2020	2020-08-18	User_025	
4900000312	2020	2020-08-18	User_025	
4900000313	2020	2020-08-18	User_025	
4900000314	2020	2020-08-18	User_025	
4900000315	2020	2020-08-18	User_009	
4900000320	2020	2020-08-19	User_009	
4900000321	2020	2020-08-19	User_009	
4900000322	2020	2020-08-19	User_009	5000000220
4900000323	2020	2020-08-19	User_009	
4900000324	2020	2020-08-19	User_025	
4900000325	2020	2020-08-19	User_025	
4900000330	2020	2020-08-20	User_009	
4900000331	2020	2020-08-20	User_009	
4900000332	2020	2020-08-20	User_009	
4900000333	2020	2020-08-20	User_009	
4900000334	2020	2020-08-20	User_009	
4900000340	2020	2020-08-25	User_024	
4900000350	2020	2020-08-26	User_024	
4900000351	2020	2020-08-26	User_008	
4900000352	2020	2020-08-26	User_008	
4900000353	2020	2020-08-26	User_008	
4900000354	2020	2020-08-26	User_008	
4900000360	2020	2020-08-27	User_025	
4900000361	2020	2020-08-27	User_025	
4900000362	2020	2020-08-31	User_025	
4900000370	2020	2020-09-01	User_025	
4900000380	2020	2020-08-31	User_025	
4900000390	2020	2020-09-11	User_025	
4900000391	2020	2020-09-11	User_025	
4900000392	2020	2020-09-11	User_025	5000000250
4900000400	2020	2020-09-14	User_029	
4900000410	2020	2020-09-17	User_029	
4900000411	2020	2020-09-17	User_029	
4900000420	2020	2020-09-18	User_029	
4900000430	2020	2020-10-28	User_010	
4900000431	2020	2020-10-28	User_001	
4900000432	2020	2020-10-28	User_001	
4900000433	2020	2020-10-28	User_001	
4900000440	2020	2020-10-31	User_001	
4900000441	2020	2020-11-01	User_001	
4900000442	2020	2020-11-02	User_001	
4900000450	2020	2020-11-25	User_028	
4900000451	2020	2020-11-25	User_028	
4900000452	2020	2020-11-25	User_028	
4900000460	2020	2020-11-30	User_059	
4900000470	2020	2020-12-03	User_017	
4900000471	2020	2020-12-03	User_017	
4900000472	2020	2020-12-03	User_017	
4900000473	2020	2020-12-03	User_017	
4900000474	2020	2020-12-03	User_017	
4900000475	2020	2020-12-03	User_017	
4900000480	2020	2020-12-04	User_017	
4900000481	2020	2020-12-04	User_017	
4900000490	2020	2020-12-22	User_028	
4900000500	2020	2020-12-23	User_028	
4900000510	2020	2020-12-31	User_059	
4900000520	2021	2021-01-26	User_033	000004001280
4900000521	2021	2021-01-26	User_033	000004001280
4900000522	2021	2021-01-26	User_060	000004001300
4900000530	2021	2021-01-27	User_030	
4900000540	2021	2021-01-28	User_030	
4900000541	2021	2021-01-28	User_030	
4900000550	2021	2021-01-29	User_031	000004001361
4900000551	2021	2021-01-29	User_031	000004001361
4900000552	2021	2021-01-29	User_031	000004001362
4900000553	2021	2021-01-29	User_031	000004001363
4900000560	2021	2021-02-01	User_030	
4900000561	2021	2021-02-02	User_030	
4900000562	2021	2021-02-02	User_030	
4900000563	2021	2021-02-02	User_030	
4900000564	2021	2021-02-03	User_025	
4900000565	2021	2021-02-04	User_030	
4900000566	2021	2021-02-04	User_030	
4900000567	2021	2021-02-04	User_030	
4900000568	2021	2021-02-04	User_031	000004001396
4900000569	2021	2021-02-04	User_031	000004001398
4900000570	2021	2021-02-05	User_002	
4900000580	2021	2021-02-10	User_030	
4900000581	2021	2021-02-10	User_030	
4900000582	2021	2021-02-10	User_030	
4900000583	2021	2021-02-10	User_030	
4900000584	2021	2021-02-10	User_030	
4900000585	2021	2021-02-10	User_030	
4900000586	2021	2021-02-10	User_030	
4900000587	2021	2021-02-11	User_002	
4900000588	2021	2021-02-11	User_002	
4900000589	2021	2021-02-11	User_002	
4900000590	2021	2021-02-11	User_002	
4900000591	2021	2021-02-11	User_002	
4900000592	2021	2021-02-11	User_002	
4900000593	2021	2021-02-11	User_002	
4900000594	2021	2021-02-11	User_002	
4900000595	2021	2021-02-11	User_002	
4900000596	2021	2021-02-11	User_001	
4900000597	2021	2021-02-11	User_001	
4900000598	2021	2021-02-11	User_001	
4900000599	2021	2021-02-11	User_001	0080000027
4900000600	2021	2021-02-11	User_001	
4900000601	2021	2021-02-11	User_001	0000000042
4900000602	2021	2021-02-11	User_002	
4900000603	2021	2021-02-14	User_002	0080000029
4900000604	2021	2021-02-14	User_002	
4900000605	2021	2021-02-17	User_002	
4900000606	2021	2021-02-17	User_002	
4900000610	2021	2021-02-23	User_001	
4900000611	2021	2021-02-23	User_001	
4900000620	2021	2021-04-13	User_034	
4900000621	2021	2021-04-13	User_034	
4900000622	2021	2021-04-15	User_025	
4900000623	2021	2021-04-15	User_025	
4900000630	2021	2021-04-21	User_032	
4900000631	2021	2021-04-21	User_032	
4900000632	2021	2021-05-21	User_032	
4900000640	2021	2021-05-25	User_032	
4900000650	2021	2021-06-02	User_032	
4900000660	2021	2021-06-07	User_011	
4900000670	2021	2021-06-08	User_011	
4900000671	2021	2021-06-08	User_011	
4900000672	2021	2021-06-08	User_011	
4900000673	2021	2021-06-08	User_011	
4900000674	2021	2021-06-08	User_011	
4900000675	2021	2021-06-08	User_011	
4900000676	2021	2021-06-08	User_011	
4900000680	2021	2021-06-10	User_011	
4900000681	2021	2021-06-10	User_011	
4900000682	2021	2021-06-10	User_011	
4900000683	2021	2021-06-10	User_011	
4900000690	2021	2021-06-15	User_011	
4900000691	2021	2021-06-15	User_011	
4900000692	2021	2021-06-15	User_011	
4900000693	2021	2021-06-15	User_011	
4900000700	2021	2021-07-05	User_057	0080000043
4900000710	2021	2021-07-01	User_061	
4900000711	2021	2021-08-17	User_025	
4900000720	2021	2021-09-15	User_034	
4900000730	2021	2021-09-24	User_034	
4900000731	2021	2021-09-24	User_034	
4900000732	2021	2021-09-24	User_034	
4900000733	2021	2021-09-24	User_034	
4900000734	2021	2021-09-24	User_034	
4900000735	2021	2021-09-24	User_034	
4900000740	2021	2021-10-05	User_060	000004003960
4900000741	2021	2021-10-05	User_039	000004003980
4900000750	2021	2021-10-14	User_035	000004004000
4900000760	2021	2021-10-21	User_001	
4900000770	2021	2021-10-25	User_011	
4900000771	2021	2021-10-25	User_011	
4900000772	2021	2021-10-25	User_011	
4900000773	2021	2021-10-25	User_011	
4900000774	2021	2021-10-25	User_011	
4900000780	2021	2021-11-22	User_031	000004004100
4900000781	2021	2021-11-22	User_031	000004004101
4900000790	2021	2021-11-23	User_031	000004004120
4900000800	2021	2021-12-15	User_011	
4900000801	2021	2021-12-15	User_011	
4900000802	2021	2021-12-15	User_011	
4900000803	2021	2021-12-15	User_011	
4900000804	2021	2021-12-15	User_037	
4900000805	2021	2021-12-15	User_037	
4900000806	2021	2021-12-17	User_059	
4900000807	2021	2021-12-19	User_036	
4900000808	2021	2021-12-19	User_036	
4900000809	2021	2021-12-20	User_036	
4900000810	2022	2022-02-07	User_038	
4900000820	2022	2022-02-09	User_059	
4900000821	2022	2022-02-09	User_059	
4900000822	2022	2022-02-09	User_059	
4900000823	2022	2022-02-09	User_059	
4900000824	2022	2022-02-09	User_059	
4900000825	2022	2022-02-09	User_059	
4900000826	2022	2022-02-09	User_059	
4900000827	2022	2022-02-09	User_059	
4900000830	2022	2022-02-09	User_036	
4900000831	2022	2022-02-09	User_059	
4900000840	2022	2022-02-15	User_059	
4900000841	2022	2022-02-15	User_059	
4900000842	2022	2022-02-15	User_059	
4900000843	2022	2022-02-15	User_059	
4900000844	2022	2022-02-15	User_059	
4900000845	2022	2022-02-15	User_032	
4900000846	2022	2022-02-15	User_059	
4900000847	2022	2022-02-15	User_059	
4900000848	2022	2022-02-15	User_059	
4900000849	2022	2022-02-15	User_059	
4900000850	2022	2022-02-15	User_059	
4900000851	2022	2022-02-15	User_059	
4900000852	2022	2022-02-15	User_059	
4900000860	2022	2022-02-17	User_038	
4900000861	2022	2022-02-17	User_038	
4900000870	2022	2022-02-21	User_038	
4900000871	2022	2022-02-21	User_036	
4900000880	2022	2022-02-23	User_036	
4900000881	2022	2022-02-21	User_036	
4900000882	2022	2022-02-23	User_036	
4900000890	2022	2022-03-04	User_039	
4900000891	2022	2022-03-04	User_039	000004005486
4900000900	2022	2022-03-07	User_036	
4900000901	2022	2022-03-07	User_036	
4900000902	2022	2022-03-04	User_036	
4900000903	2022	2022-03-04	User_036	
4900000904	2022	2022-03-07	User_036	
4900000905	2022	2022-03-07	User_059	
4900000906	2022	2022-03-07	User_059	
4900000910	2022	2022-03-09	User_036	
4900000911	2022	2022-03-09	User_036	
4900000912	2022	2022-03-09	User_036	
4900000920	2022	2022-03-14	User_036	
4900000921	2022	2022-03-14	User_036	
4900000922	2022	2022-03-14	User_036	
4900000923	2022	2022-03-14	User_036	
4900000924	2022	2022-03-14	User_004	
4900000925	2022	2022-03-15	User_036	
4900000926	2022	2022-03-15	User_036	
4900000927	2022	2022-03-15	User_062	
4900000928	2022	2022-03-15	User_062	
4900000929	2022	2022-03-16	User_011	
4900000930	2022	2022-03-16	User_062	
4900000931	2022	2022-03-16	User_062	
4900000932	2022	2022-03-16	User_036	
4900000933	2022	2022-03-17	User_036	
4900000934	2022	2022-03-17	User_036	
4900000940	2022	2022-03-15	User_017	
4900000941	2022	2022-03-31	User_036	
4900000942	2022	2022-03-31	User_036	
4900000943	2022	2022-03-31	User_036	
4900000950	2022	2022-03-11	User_017	
4900000951	2022	2022-03-11	User_017	
4900000952	2022	2022-03-11	User_017	
4900000953	2022	2022-03-11	User_017	
4900000954	2022	2022-03-11	User_017	
4900000960	2022	2022-03-08	User_017	
4900000961	2022	2022-03-31	User_036	
4900000970	2022	2022-04-29	User_059	
4900000971	2022	2022-03-07	User_017	
4900000972	2022	2022-03-11	User_017	
4900000973	2022	2022-04-29	User_059	
4900000980	2022	2022-05-02	User_059	
4900000990	2022	2022-05-04	User_036	
4900001000	2022	2022-06-16	User_004	
4900001001	2022	2022-06-16	User_004	
4900001002	2022	2022-06-16	User_004	
4900001010	2022	2022-06-23	User_001	
4900001011	2022	2022-06-23	User_036	
4900001020	2022	2022-06-30	User_036	
4900001021	2022	2022-07-01	User_043	
4900001022	2022	2022-07-01	User_043	
4900001023	2022	2022-07-01	User_043	
4900001024	2022	2022-07-02	User_001	
4900001025	2022	2022-07-04	User_036	
4900001026	2022	2022-07-05	User_036	
4900001027	2022	2022-07-05	User_036	
4900001030	2022	2022-07-27	User_004	
4900001031	2022	2022-07-27	User_004	
4900001040	2022	2022-07-02	User_017	
4900001041	2022	2022-07-02	User_017	
4900001042	2022	2022-07-03	User_017	
4900001050	2022	2022-08-16	User_040	
4900001051	2022	2022-08-16	User_040	
4900001052	2022	2022-09-16	User_040	
4900001053	2022	2022-09-16	User_040	
4900001054	2022	2022-09-16	User_040	
4900001060	2022	2022-09-29	User_040	
4900001061	2022	2022-09-29	User_040	
4900001070	2022	2022-10-21	User_001	
4900001080	2022	2022-10-18	User_043	
4900001081	2022	2022-10-18	User_043	
4900001090	2023	2023-02-16	User_001	
4900001100	2023	2023-03-20	User_040	
4900001101	2023	2023-03-20	User_040	
4900001110	2023	2023-04-03	User_044	
4900001111	2023	2023-04-03	User_044	
4900001120	2023	2023-04-05	User_044	
4900001121	2023	2023-04-05	User_044	
4900001130	2023	2023-04-10	User_044	
4900001140	2023	2023-06-07	User_063	
4900001150	2023	2023-11-22	User_076	
4900001151	2023	2023-11-22	User_076	
4900001152	2023	2023-11-22	User_076	
4900001160	2024	2024-02-16	User_034	
4900001170	2024	2024-03-06	User_044	
4900001171	2024	2024-03-06	User_044	
4900001180	2024	2024-03-12	User_044	
4900001190	2024	2024-03-15	User_034	
4900001191	2024	2024-03-15	User_034	
4900001200	2024	2024-03-10	User_034	
4900001210	2024	2024-04-12	User_034	
4900001211	2024	2024-04-12	User_034	
4900001212	2024	2024-04-12	User_034	
4900001213	2024	2024-04-12	User_034	
4900001214	2024	2024-04-12	User_034	
4900001220	2024	2024-05-06	User_006	
4900001221	2024	2024-05-06	User_006	
4900001230	2024	2024-05-06	User_046	
4900001231	2024	2024-05-06	User_046	
4900001232	2024	2024-05-06	User_046	
4900001233	2024	2024-05-06	User_046	
4900001234	2024	2024-05-31	User_046	
4900001235	2024	2024-05-31	User_046	
4900001236	2024	2024-05-31	User_046	
4900001237	2024	2024-05-31	User_046	
4900001240	2024	2024-06-28	User_024	
4900001250	2024	2024-07-11	User_046	
4900001251	2024	2024-07-11	User_046	
4900001252	2024	2024-07-11	User_046	
4900001253	2024	2024-07-11	User_046	
4900001254	2024	2024-07-11	User_046	
4900001255	2024	2024-07-11	User_046	
4900001256	2024	2024-07-11	User_046	
4900001257	2024	2024-07-11	User_046	
4900001260	2024	2024-07-12	User_046	
4900001261	2024	2024-07-12	User_046	
4900001262	2024	2024-07-12	User_046	
4900001263	2024	2024-07-12	User_046	
4900001264	2024	2024-07-12	User_046	
4900001265	2024	2024-07-12	User_046	
4900001266	2024	2024-07-12	User_046	
4900001267	2024	2024-07-12	User_046	
4900001268	2024	2024-07-12	User_046	
4900001269	2024	2024-07-12	User_046	
4900001270	2024	2024-07-12	User_046	
4900001271	2024	2024-07-12	User_046	
4900001280	2024	2024-07-15	User_046	
4900001281	2024	2024-07-15	User_046	
4900001282	2024	2024-07-15	User_046	
4900001283	2024	2024-07-15	User_046	
4900001284	2024	2024-07-15	User_046	
4900001285	2024	2024-07-15	User_046	
4900001290	2024	2024-07-16	User_046	
4900001291	2024	2024-07-16	User_046	
4900001292	2024	2024-07-16	User_046	
4900001293	2024	2024-07-16	User_046	
4900001294	2024	2024-07-16	User_034	
4900001295	2024	2024-07-16	User_046	
4900001296	2024	2024-07-16	User_046	
4900001300	2024	2024-07-18	User_046	
4900001310	2024	2024-07-29	User_034	
4900001320	2024	2024-07-30	User_034	
4900001321	2024	2024-07-30	User_034	
4900001322	2024	2024-07-30	User_034	
4900001323	2024	2024-07-30	User_034	
4900001324	2024	2024-07-30	User_034	
4900001325	2024	2024-07-30	User_034	
4900001326	2024	2024-07-30	User_034	
4900001330	2024	2024-07-31	User_034	
4900001331	2024	2024-07-31	User_034	
4900001340	2024	2024-07-30	User_034	
4900001341	2024	2024-08-01	User_034	
4900001342	2024	2024-08-01	User_034	
4900001343	2024	2024-08-01	User_034	
4900001344	2024	2024-08-01	User_034	
4900001345	2024	2024-08-01	User_034	
4900001346	2024	2024-08-01	User_034	
4900001350	2024	2024-08-05	User_001	
4900001351	2024	2024-08-05	User_046	
4900001352	2024	2024-08-05	User_046	
4900001353	2024	2024-08-05	User_046	
4900001354	2024	2024-08-05	User_046	
4900001355	2024	2024-08-05	User_046	
4900001356	2024	2024-08-05	User_046	
4900001357	2024	2024-08-05	User_046	
4900001358	2024	2024-08-05	User_046	
4900001359	2024	2024-08-05	User_046	
4900001360	2024	2024-08-05	User_046	
4900001361	2024	2024-08-05	User_046	
4900001362	2024	2024-08-05	User_046	
4900001363	2024	2024-08-05	User_046	
4900001364	2024	2024-08-05	User_046	
4900001365	2024	2024-08-05	User_046	
4900001370	2024	2024-08-06	User_046	
4900001371	2024	2024-08-06	User_046	
4900001372	2024	2024-08-06	User_046	
4900001380	2024	2024-08-07	User_046	
4900001390	2024	2024-08-19	User_046	
4900001400	2024	2024-08-30	User_046	
4900001401	2024	2024-08-30	User_046	
4900001410	2024	2024-09-03	User_034	
4900001411	2024	2024-09-03	User_046	
4900001412	2024	2024-09-03	User_046	
4900001413	2024	2024-09-03	User_046	
4900001414	2024	2024-09-03	User_046	
4900001415	2024	2024-09-03	User_046	
4900001416	2024	2024-09-03	User_046	
4900001417	2024	2024-09-03	User_046	
4900001418	2024	2024-09-03	User_046	
4900001420	2024	2024-09-04	User_046	
4900001421	2024	2024-09-04	User_046	
4900001422	2024	2024-09-04	User_046	
4900001423	2024	2024-09-04	User_046	
4900001424	2024	2024-09-04	User_046	
4900001425	2024	2024-09-04	User_046	
4900001426	2024	2024-09-04	User_046	
4900001427	2024	2024-09-04	User_046	
4900001428	2024	2024-09-04	User_046	
4900001429	2024	2024-09-04	User_046	
4900001430	2024	2024-09-04	User_046	
4900001431	2024	2024-09-04	User_046	
4900001432	2024	2024-09-04	User_046	
4900001433	2024	2024-09-04	User_046	
4900001434	2024	2024-09-04	User_046	
4900001435	2024	2024-09-04	User_046	
4900001440	2024	2024-09-06	User_046	
4900001441	2024	2024-09-06	User_046	
4900001442	2024	2024-09-06	User_046	
4900001443	2024	2024-09-06	User_046	
4900001444	2024	2024-09-06	User_046	
4900001445	2024	2024-09-06	User_046	
4900001446	2024	2024-09-06	User_046	
4900001447	2024	2024-09-06	User_046	
4900001448	2024	2024-09-06	User_046	
4900001449	2024	2024-09-06	User_046	
4900001450	2024	2024-09-06	User_046	
4900001451	2024	2024-09-06	User_046	
4900001452	2024	2024-09-06	User_046	
4900001453	2024	2024-09-06	User_046	
4900001454	2024	2024-09-06	User_046	
4900001455	2024	2024-09-06	User_046	
4900001460	2024	2024-09-10	User_046	
4900001461	2024	2024-09-10	User_046	
4900001462	2024	2024-09-10	User_046	
4900001463	2024	2024-09-10	User_046	
4900001464	2024	2024-09-10	User_046	
4900001465	2024	2024-09-10	User_046	
4900001466	2024	2024-09-10	User_046	
4900001467	2024	2024-09-10	User_046	
4900001468	2024	2024-09-10	User_046	
4900001469	2024	2024-09-10	User_046	
4900001470	2024	2024-09-10	User_046	
4900001471	2024	2024-09-10	User_046	
4900001472	2024	2024-09-10	User_046	
4900001473	2024	2024-09-10	User_046	
4900001480	2024	2024-09-18	User_034	
4900001481	2024	2024-09-18	User_034	
4900001482	2024	2024-09-18	User_034	
4900001483	2024	2024-09-18	User_034	
4900001490	2024	2024-09-30	User_001	
4900001491	2024	2024-09-30	User_001	
4900001500	2024	2024-11-11	User_064	
4900001510	2025	2025-05-27	User_065	0080000046
4900001511	2025	2025-05-27	User_065	0080000047
4900001520	2025	2025-06-24	User_064	
4900001530	2025	2025-06-30	User_001	
4900001531	2025	2025-06-30	User_001	
4900001540	2025	2025-05-14	User_064	
4900001550	2025	2025-08-27	User_053	
4900001560	2022	2022-09-19	User_079	
4900001561	2022	2022-09-19	User_079	
4900001570	2026	2026-02-10	User_054	
4900001571	2026	2026-02-10	User_054	
4900001572	2026	2026-02-10	User_054	
4900001573	2026	2026-02-10	User_054	
4900001574	2026	2026-02-10	User_054	
4900001575	2026	2026-02-10	User_054	
4900001580	2026	2026-03-02	User_054	0080000049
4900001581	2026	2026-03-02	User_054	0080000050
4900001590	2026	2026-03-04	User_066	
4900001591	2026	2026-03-04	User_066	
4900001592	2026	2026-03-04	User_066	
4900001593	2026	2026-03-04	User_054	
4900001594	2026	2026-03-04	User_054	0080000051
4900001595	2026	2026-03-04	User_054	
4900001596	2026	2026-03-04	User_054	0080000052
5000000000	2019	2019-09-23	User_021	
5000000001	2019	2019-09-23	User_021	
5000000002	2019	2019-09-23	User_021	
5000000003	2019	2019-09-23	User_021	
5000000010	2019	2019-11-05	User_067	
5000000011	2019	2019-11-07	User_068	
5000000012	2019	2019-11-07	User_001	
5000000013	2019	2019-11-07	User_058	
5000000014	2019	2019-11-07	User_069	ICWE
5000000015	2019	2019-11-07	User_070	XXX
5000000016	2019	2019-11-09	User_002	
5000000020	2020	2020-01-06	User_002	
5000000021	2020	2020-01-06	User_002	
5000000022	2020	2020-01-13	User_005	
5000000023	2020	2020-01-27	User_001	
5000000024	2020	2020-02-24	User_009	
5000000030	2020	2020-03-26	User_004	
5000000031	2020	2020-03-31	User_004	
5000000040	2020	2020-05-27	User_058	
5000000050	2020	2020-06-02	User_006	
5000000051	2020	2020-06-02	User_006	
5000000060	2020	2020-06-11	User_006	
5000000070	2020	2020-06-22	User_057	
5000000080	2020	2020-06-23	User_071	
5000000081	2020	2020-06-23	User_071	
5000000082	2020	2020-06-29	User_071	
5000000083	2020	2020-06-29	User_071	
5000000090	2020	2020-06-30	User_057	
5000000100	2020	2020-06-30	User_005	
5000000110	2020	2020-07-10	User_057	
5000000111	2020	2020-07-13	User_057	
5000000112	2020	2020-07-13	User_057	
5000000113	2020	2020-07-13	User_057	
5000000120	2020	2020-07-14	User_057	
5000000121	2020	2020-07-14	User_057	
5000000122	2020	2020-07-14	User_057	
5000000123	2020	2020-07-14	User_057	
5000000124	2020	2020-07-14	User_057	
5000000125	2020	2020-07-14	User_057	
5000000126	2020	2020-07-14	User_057	
5000000127	2020	2020-07-14	User_057	
5000000128	2020	2020-07-16	User_025	
5000000130	2020	2020-07-20	User_057	
5000000140	2020	2020-07-31	User_057	
5000000150	2020	2020-08-03	User_057	
5000000151	2020	2020-08-03	User_057	
5000000160	2020	2020-08-04	User_057	
5000000161	2020	2020-08-04	User_057	
5000000170	2020	2020-08-12	User_009	
5000000171	2020	2020-08-12	User_009	
5000000180	2020	2020-08-13	User_009	
5000000181	2020	2020-08-13	User_009	
5000000182	2020	2020-08-13	User_009	
5000000190	2020	2020-08-14	User_025	
5000000200	2020	2020-08-17	User_009	
5000000201	2020	2020-08-17	User_009	
5000000210	2020	2020-08-18	User_009	
5000000220	2020	2020-08-19	User_009	
5000000230	2020	2020-08-20	User_009	
5000000231	2020	2020-08-20	User_009	
5000000232	2020	2020-08-20	User_009	
5000000240	2020	2020-08-26	User_008	
5000000241	2020	2020-08-26	User_008	
5000000242	2020	2020-08-26	User_008	
5000000250	2020	2020-09-11	User_025	
5000000260	2020	2020-10-28	User_001	
5000000270	2020	2020-11-01	User_001	
5000000271	2020	2020-11-01	User_001	
5000000272	2020	2020-11-02	User_001	
5000000280	2020	2020-12-18	User_058	
5000000281	2020	2020-12-18	User_058	
5000000290	2021	2021-01-27	User_030	
5000000300	2021	2021-02-02	User_030	
5000000301	2021	2021-02-05	User_010	
5000000302	2021	2021-02-05	User_010	
5000000310	2021	2021-02-09	User_010	
5000000311	2021	2021-02-09	User_010	
5000000312	2021	2021-02-09	User_010	
5000000313	2021	2021-02-09	User_010	
5000000314	2021	2021-02-09	User_010	
5000000315	2021	2021-02-09	User_010	
5000000316	2021	2021-02-09	User_010	
5000000317	2021	2021-02-09	User_010	
5000000318	2021	2021-02-09	User_010	
5000000319	2021	2021-02-09	User_010	
5000000320	2021	2021-02-09	User_010	
5000000321	2021	2021-02-09	User_010	
5000000322	2021	2021-02-09	User_010	
5000000323	2021	2021-02-09	User_010	
5000000324	2021	2021-02-09	User_010	
5000000325	2021	2021-02-09	User_010	
5000000326	2021	2021-02-09	User_010	
5000000327	2021	2021-02-10	User_030	
5000000328	2021	2021-02-10	User_010	
5000000329	2021	2021-02-10	User_010	
5000000330	2021	2021-02-10	User_010	
5000000331	2021	2021-02-10	User_010	
5000000332	2021	2021-02-10	User_010	
5000000333	2021	2021-02-10	User_010	
5000000334	2021	2021-02-11	User_010	
5000000335	2021	2021-02-11	User_010	
5000000336	2021	2021-02-14	User_002	
5000000337	2021	2021-02-14	User_002	
5000000338	2021	2021-02-16	User_001	
5000000339	2021	2021-02-16	User_001	
5000000340	2021	2021-02-17	User_002	
5000000350	2021	2021-02-23	User_001	
5000000360	2021	2021-02-28	User_025	
5000000370	2021	2021-05-21	User_032	
5000000380	2021	2021-05-25	User_032	
5000000381	2021	2021-05-25	User_032	
5000000390	2021	2021-06-02	User_032	
5000000391	2021	2021-06-02	User_032	
5000000392	2021	2021-06-02	User_032	
5000000400	2021	2021-06-07	User_011	
5000000401	2021	2021-06-07	User_011	
5000000410	2021	2021-06-08	User_011	
5000000411	2021	2021-06-08	User_011	
5000000420	2021	2021-06-10	User_011	
5000000421	2021	2021-06-10	User_011	
5000000430	2021	2021-06-15	User_011	
5000000431	2021	2021-06-15	User_011	
5000000432	2021	2021-06-15	User_011	
5000000440	2021	2021-06-25	User_018	
5000000441	2021	2021-06-25	User_018	
5000000450	2021	2021-08-11	User_072	
5000000451	2021	2021-08-11	User_072	
5000000452	2021	2021-08-12	User_073	
5000000453	2021	2021-08-12	User_073	
5000000454	2021	2021-08-12	User_002	
5000000455	2021	2021-08-13	User_072	
5000000456	2021	2021-08-13	User_073	
5000000457	2021	2021-08-13	User_002	
5000000458	2021	2021-08-16	User_025	
5000000459	2021	2021-08-16	User_025	
5000000460	2021	2021-08-16	User_073	XOEDODOEOE
5000000461	2021	2021-08-16	User_073	
5000000462	2021	2021-08-16	User_073	
5000000463	2021	2021-08-16	User_073	
5000000464	2021	2021-08-17	User_073	
5000000465	2021	2021-08-17	User_073	
5000000470	2021	2021-08-25	User_001	0180000002
5000000480	2021	2021-09-15	User_034	
5000000481	2021	2021-09-15	User_034	
5000000482	2021	2021-09-16	User_039	
5000000490	2021	2021-10-25	User_011	
5000000491	2021	2021-10-25	User_011	
5000000500	2021	2021-11-18	User_002	
5000000510	2022	2022-02-07	User_038	
5000000520	2022	2022-02-15	User_032	
5000000530	2022	2022-02-16	User_004	
5000000531	2022	2022-02-16	User_032	
5000000540	2022	2022-02-17	User_038	
5000000541	2022	2022-02-17	User_038	
5000000542	2022	2022-02-17	User_038	
5000000543	2022	2022-02-17	User_038	
5000000550	2022	2022-02-21	User_038	
5000000551	2022	2022-02-21	User_038	
5000000552	2022	2022-02-21	User_004	
5000000560	2022	2022-02-23	User_032	
5000000570	2022	2022-03-14	User_007	
5000000571	2022	2022-03-14	User_007	
5000000572	2022	2022-03-15	User_011	
5000000573	2022	2022-03-16	User_011	
5000000574	2022	2022-03-16	User_062	
5000000575	2022	2022-03-16	User_062	5000000574
5000000580	2022	2022-06-10	User_059	0180000004
5000000581	2022	2022-06-10	User_059	0180000004
5000000582	2022	2022-06-10	User_059	0180000004
5000000583	2022	2022-06-10	User_059	0180000004
5000000584	2022	2022-06-10	User_059	0180000004
5000000585	2022	2022-06-10	User_059	0180000004
5000000590	2022	2022-07-04	User_018	
5000000591	2022	2022-07-05	User_017	
5000000592	2022	2022-07-05	User_017	
5000000593	2022	2022-07-05	User_017	
5000000594	2022	2022-07-05	User_017	
5000000600	2022	2022-07-10	User_040	
5000000610	2022	2022-09-16	User_040	
5000000620	2022	2022-10-21	User_001	
5000000621	2022	2022-10-21	User_001	
5000000622	2022	2022-10-21	User_001	
5000000623	2022	2022-10-21	User_001	
5000000624	2022	2022-10-21	User_001	
5000000630	2022	2022-12-07	User_018	
5000000631	2022	2022-12-07	User_002	
5000000640	2022	2022-12-13	User_018	
5000000641	2022	2022-12-14	User_018	
5000000650	2023	2023-02-16	User_001	
5000000651	2023	2023-02-16	User_001	
5000000652	2023	2023-02-16	User_001	
5000000653	2023	2023-02-16	User_001	
5000000654	2023	2023-02-16	User_001	
5000000655	2023	2023-02-16	User_001	
5000000660	2023	2023-04-04	User_044	
5000000661	2023	2023-04-04	User_044	
5000000662	2023	2023-04-04	User_044	
5000000663	2023	2023-04-04	User_044	
5000000670	2023	2023-04-05	User_044	
5000000671	2023	2023-04-05	User_044	
5000000680	2023	2023-06-07	User_063	
5000000681	2023	2023-06-07	User_044	
5000000690	2023	2023-11-22	User_076	
5000000700	2023	2023-11-24	User_076	123
5000000710	2023	2023-11-27	User_054	
5000000711	2023	2023-11-27	User_054	
5000000720	2023	2023-11-28	User_054	
5000000730	2023	2023-12-29	User_054	
5000000740	2024	2024-01-05	User_054	
5000000750	2024	2024-01-09	User_034	
5000000760	2024	2024-02-16	User_034	
5000000763	2024	2024-02-16	User_034	
5000000770	2024	2024-03-06	User_044	
5000000771	2024	2024-03-06	User_044	
5000000772	2024	2024-03-06	User_044	
5000000780	2024	2024-03-08	User_044	
5000000781	2024	2024-03-08	User_044	
5000000790	2024	2024-04-12	User_034	
5000000791	2024	2024-04-12	User_034	
5000000792	2024	2024-04-12	User_034	
5000000800	2024	2024-05-14	User_034	
5000000810	2024	2024-06-19	User_007	
5000000820	2024	2024-07-11	User_046	
5000000830	2024	2024-07-22	User_034	
5000000840	2024	2024-07-30	User_034	
5000000841	2024	2024-07-30	User_034	
5000000842	2024	2024-07-30	User_034	
5000000843	2024	2024-07-30	User_034	
5000000850	2024	2024-08-01	User_034	
5000000851	2024	2024-08-01	User_034	
5000000852	2024	2024-08-01	User_034	
5000000860	2024	2024-08-05	User_034	
5000000870	2024	2024-09-18	User_034	
5000000880	2024	2024-09-30	User_001	
5000000890	2024	2024-10-19	User_017	
5000000900	2024	2024-10-22	User_017	
5000000910	2024	2024-10-25	User_017	
5000000911	2024	2024-11-25	User_074	
5000000920	2025	2025-07-27	User_053	
5000000921	2025	2025-07-27	User_053	
5000000930	2025	2025-12-30	User_075	
5000000940	2026	2026-02-20	User_054	
5000000950	2026	2026-02-27	User_054	
5000000960	2026	2026-03-02	User_054	
5000000970	2026	2026-03-04	User_054	
5000000971	2026	2026-03-04	User_054	
5000000972	2026	2026-03-04	User_054	
5000000973	2026	2026-03-04	User_054	
5000000974	2026	2026-03-04	User_054	
5000000975	2026	2026-03-04	User_054	
