MBLNR	MJAHR	ZEILE	BWART	WERKS	MENGE	EBELN	EBELP
4900000000	2019	1	501	1000	1000.0		
4900000010	2019	1	221	1000	10.0		
4900000020	2019	1	501	1000	100.0		
4900000020	2019	2	501	1000	100.0		
4900000020	2019	3	501	1000	100.0		
4900000020	2019	4	501	1000	100.0		
4900000021	2019	1	221	1000	1.0		
4900000022	2019	1	221	1000	1.0		
4900000030	2019	1	221	1000	1.0		
4900000040	2019	1	221	1000	1.0		
4900000050	2019	1	221	1000	3.0		
4900000051	2019	1	221	1000	2.0		
4900000052	2019	1	221	1000	1.0		
4900000053	2019	1	221	1000	2.0		
4900000054	2019	1	221	1000	2.0		
4900000055	2019	1	221	1000	1.0		
4900000056	2019	1	221	1000	1.0		
4900000057	2019	1	221	1000	1.0		
4900000060	2019	1	221	1000	1.0		
4900000070	2020	1	221	1000	1.0		
4900000071	2020	1	221	1000	1.0		
4900000072	2020	1	221	1000	1.0		
4900000073	2020	1	221	1000	1.0		
4900000080	2020	1	561	1000	100.0		
4900000090	2020	1	651	1000	1.0		
4900000091	2020	1	601	1000	2.0		
4900000092	2020	1	601	1000	1.0		
4900000093	2020	1	651	1000	1.0		
4900000094	2020	1	652	1000	1.0		
4900000095	2020	1	651	1000	1.0		
4900000100	2020	1	561	1000	100.0		
4900000101	2020	1	601	1000	5.0		
4900000101	2020	2	621	1000	4.0		
4900000101	2020	3	621	1000	4.0		
4900000102	2020	1	601	1000	5.0		
4900000102	2020	2	621	1000	4.0		
4900000102	2020	3	621	1000	4.0		
4900000103	2020	1	622	1000	8.0		
4900000103	2020	2	622	1000	8.0		
4900000104	2020	1	501	1000	1000.0		
4900000105	2020	1	601	1000	5.0		
4900000105	2020	2	621	1000	4.0		
4900000105	2020	3	621	1000	4.0		
4900000106	2020	1	501	1000	1.0		1
4900000107	2020	1	561	3710	5.0		
4900000108	2020	1	344	1000	1.0		
4900000108	2020	2	344	1000	1.0		
4900000109	2020	1	343	1000	1.0		
4900000109	2020	2	343	1000	1.0		
4900000110	2020	1	344	1000	1.0		
4900000110	2020	2	344	1000	1.0		
4900000111	2020	1	349	1000	1.0		
4900000111	2020	2	349	1000	1.0		
4900000112	2020	1	313	3710	1.0		
4900000112	2020	2	313	3710	1.0		
4900000113	2020	1	315	3710	1.0		
4900000114	2020	1	311	3710	1.0		
4900000114	2020	2	311	3710	1.0		
4900000115	2020	1	951	3710	1.0		
4900000116	2020	1	551	1000	1.0		
4900000117	2020	1	601	1000	11.0		
4900000118	2020	1	601	1000	13.0		
4900000119	2020	1	601	1000	14.0		
4900000120	2020	1	601	1000	3.0		
4900000121	2020	1	601	1000	2.0		
4900000122	2020	1	601	1000	1.0		
4900000123	2020	1	555	1000	1.0		
4900000124	2020	1	561	3710	1000.0		
4900000125	2020	1	601	3710	1.0		
4900000126	2020	1	561	3710	100.0		
4900000127	2020	1	601	1000	2.0		
4900000128	2020	1	651	1000	2.0		
4900000129	2020	1	601	3710	1.0		
4900000130	2020	1	601	3710	3.0		
4900000131	2020	1	601	3710	2.0		
4900000132	2020	1	601	3710	1.0		
4900000140	2020	1	601	1000	2.0		
4900000150	2020	1	622	1000	1.0		
4900000150	2020	2	622	1000	1.0		
4900000160	2020	1	561	1000	1.0		
4900000161	2020	1	561	1000	100.0		
4900000162	2020	1	561	1000	100.0		
4900000170	2020	1	261	1000	10.0		
4900000171	2020	1	261	1000	10.0		
4900000180	2020	1	601	1000	10.0		
4900000190	2020	1	261	1000	1.0		
4900000200	2020	1	261	1000	1.0		
4900000210	2020	1	561	1000	5.0		
4900000211	2020	1	561	1000	6.0		
4900000212	2020	1	561	1000	4.0		
4900000213	2020	1	261	1000	1.0		
4900000233	2020	1	261	1000	1.0		
4900000242	2020	1	561	3710	50.0		
4900000253	2020	1	262	1000	1.0		
4900000254	2020	1	561	3710	100.0		
4900000255	2020	1	561	3710	100.0		
4900000256	2020	1	561	3710	100.0		
4900000257	2020	1	561	3710	50.0		
4900000258	2020	1	561	3710	41.0		
4900000259	2020	1	561	3710	50.0		
4900000260	2020	1	561	3710	50.0		
4900000261	2020	1	561	3710	50.0		
4900000262	2020	1	561	3710	50.0		
4900000264	2020	1	262	1000	1.0		
4900000270	2020	1	261	1000	1.0		
4900000271	2020	1	262	1000	1.0		
4900000272	2020	1	261	1000	1.0		
4900000273	2020	1	201	1000	1.0		
4900000274	2020	1	261	1000	1.0		
4900000280	2020	1	561	1000	15.0		
4900000281	2020	1	261	1000	1.0		
4900000290	2020	1	221	1000	1.0		
4900000291	2020	1	222	1000	1.0		
4900000292	2020	1	221	1000	1.0		
4900000293	2020	1	222	1000	1.0		
4900000294	2020	1	221	1000	1.0		
4900000295	2020	1	221	1000	1.0		
4900000296	2020	1	222	1000	1.0		
4900000297	2020	1	222	1000	1.0		
4900000298	2020	1	221	1000	1.0		
4900000300	2020	1	222	1000	1.0		
4900000301	2020	1	561	1000	10.0		
4900000302	2020	1	221	1000	1.0		
4900000303	2020	1	222	1000	1.0		
4900000304	2020	1	221	1000	1.0		
4900000305	2020	1	222	1000	1.0		
4900000306	2020	1	221	1000	1.0		
4900000307	2020	1	222	1000	1.0		
4900000308	2020	1	221	1000	1.0		
4900000309	2020	1	222	1000	1.0		
4900000310	2020	1	561	1000	10.0		
4900000311	2020	1	261	1000	6.0		
4900000312	2020	1	561	1000	10.0		
4900000313	2020	1	561	1000	10.0		
4900000314	2020	1	561	1000	10.0		
4900000315	2020	1	541	1000	1.0	4500000133	10
4900000315	2020	2	541	1000	1.0	4500000133	10
4900000320	2020	1	561	1000	1.0		
4900000321	2020	1	541	1000	1.0	4500000134	10
4900000321	2020	2	541	1000	1.0	4500000134	10
4900000322	2020	1	262	1000	1.0	4500000134	10
4900000323	2020	1	201	1000	1.0		
4900000324	2020	1	261	1000	1.0		
4900000325	2020	1	262	1000	1.0		
4900000330	2020	1	262	1000	1.0		
4900000331	2020	1	261	1000	1.0		
4900000332	2020	1	262	1000	1.0		
4900000333	2020	1	261	1000	1.0		
4900000334	2020	1	261	1000	1.0		
4900000340	2020	1	561	1000	1000.0		
4900000350	2020	1	561	1000	1000.0		
4900000351	2020	1	261	1000	3.0		
4900000352	2020	1	261	1000	1.0		
4900000353	2020	1	261	1000	2.0		
4900000354	2020	1	261	1000	1.0		
4900000360	2020	1	561	1000	2.0		
4900000361	2020	1	561	1000	55.0		
4900000362	2020	1	561	1000	10.0		
4900000370	2020	1	261	1000	1.0		
4900000380	2020	1	701	1000	5.0		
4900000380	2020	2	701	1000	1.0		
4900000380	2020	3	701	1000	8.0		
4900000380	2020	4	701	1000	3.0		
4900000390	2020	1	301	1000	5.0		
4900000390	2020	2	301	1000	5.0		
4900000391	2020	1	541	1000	2.0	4500000146	10
4900000391	2020	2	541	1000	2.0	4500000146	10
4900000392	2020	1	262	1000	2.0	4500000146	10
4900000400	2020	1	261	1000	1.0		
4900000410	2020	1	501	1000	20.0		
4900000411	2020	1	261	1000	2.0		
4900000420	2020	1	261	1000	1.0		
4900000430	2020	1	261	1000	1.0		
4900000431	2020	1	501	1000	10.0		
4900000432	2020	1	412	1000	10.0		
4900000432	2020	2	412	1000	10.0		
4900000433	2020	1	501	1000	10.0		
4900000440	2020	1	411	1000	1.0		
4900000440	2020	2	411	1000	1.0		
4900000441	2020	1	411	1000	1.0		
4900000441	2020	2	411	1000	1.0		
4900000442	2020	1	411	1000	2.0		
4900000442	2020	2	411	1000	2.0		
4900000450	2020	1	561	1000	200.0		
4900000451	2020	1	561	1000	200.0		
4900000452	2020	1	261	1000	1.0		
4900000452	2020	2	261	1000	1.0		
4900000460	2020	1	501	1000	1.0		
4900000470	2020	1	221	1000	2.0		
4900000471	2020	1	222	1000	1.0		
4900000472	2020	1	222	1000	2.0		
4900000473	2020	1	222	1000	1.0		
4900000474	2020	1	222	1000	2.0		
4900000475	2020	1	222	1000	2.0		
4900000480	2020	1	221	1000	3.0		
4900000481	2020	1	222	1000	3.0		
4900000490	2020	1	261	1000	1.0		
4900000500	2020	1	261	1000	1.0		
4900000510	2020	1	561	1000	1000.0		
4900000520	2021	1	261	1000	1.0		
4900000521	2021	1	261	1000	1.0		
4900000522	2021	1	261	1000	1.0		
4900000530	2021	1	561	1000	5.0		
4900000540	2021	1	261	1000	1.0		
4900000541	2021	1	261	1000	1.0		
4900000550	2021	1	261	1000	1.0		
4900000551	2021	1	261	1000	1.0		
4900000552	2021	1	261	1000	1.0		
4900000553	2021	1	261	1000	1.0		
4900000560	2021	1	261	1000	1.0		
4900000561	2021	1	261	1000	5.0		
4900000562	2021	1	701	1000	2.0		
4900000563	2021	1	261	1000	1.0		
4900000564	2021	1	561	1000	50.0		
4900000565	2021	1	561	1000	6.0		
4900000566	2021	1	261	1000	6.0		
4900000567	2021	1	561	1000	8.0		
4900000568	2021	1	261	1000	1.0		
4900000569	2021	1	261	1000	1.0		
4900000570	2021	1	501	1000	3.0		
4900000580	2021	1	261	1000	1.0		
4900000581	2021	1	262	1000	1.0		
4900000582	2021	1	261	1000	1.0		
4900000583	2021	1	262	1000	1.0		
4900000584	2021	1	261	1000	1.0		
4900000585	2021	1	262	1000	1.0		
4900000586	2021	1	201	1000	1.0		
4900000587	2021	1	501	1000	150.0		
4900000588	2021	1	501	1000	585.0		
4900000589	2021	1	501	1000	2700.0		
4900000590	2021	1	501	1000	4200.0		
4900000591	2021	1	501	1000	4200.0		
4900000592	2021	1	501	1000	1800.0		
4900000593	2021	1	261	1000	5.0		
4900000594	2021	1	261	1000	612.0		
4900000595	2021	1	261	1000	126.0		
4900000596	2021	1	501	1000	1.0		
4900000596	2021	2	501	1000	1.0		
4900000596	2021	3	501	1000	1.0		
4900000596	2021	4	501	1000	1.0		
4900000597	2021	1	502	1000	1.0		
4900000597	2021	2	502	1000	1.0		
4900000597	2021	3	502	1000	1.0		
4900000597	2021	4	502	1000	1.0		
4900000598	2021	1	501	1000	1.0		
4900000598	2021	2	501	1000	1.0		
4900000598	2021	3	501	1000	1.0		
4900000598	2021	4	501	1000	1.0		
4900000599	2021	1	601	1000	1.0		
4900000599	2021	2	601	1000	1.0		
4900000599	2021	3	601	1000	1.0		
4900000599	2021	4	601	1000	1.0		
4900000600	2021	1	501	1000	1.0		
4900000600	2021	2	501	1000	1.0		
4900000600	2021	3	501	1000	1.0		
4900000600	2021	4	501	1000	1.0		
4900000601	2021	1	281	1000	1.0		
4900000601	2021	2	281	1000	1.0		
4900000601	2021	3	281	1000	1.0		
4900000601	2021	4	281	1000	1.0		
4900000602	2021	1	262	1000	5.0		
4900000602	2021	2	262	1000	612.0		
4900000603	2021	1	601	1000	30.0		
4900000604	2021	1	261	1000	6.0		
4900000605	2021	1	261	1000	5.0		
4900000606	2021	1	261	1000	5.0		
4900000610	2021	1	261	1000	90.0		
4900000611	2021	1	261	1000	12.0		
4900000620	2021	1	561	1000	1000.0		
4900000621	2021	1	561	1000	8.0		
4900000622	2021	1	561	1000	1.0		
4900000623	2021	1	261	1000	1.0		
4900000630	2021	1	261	1000	2.0		
4900000631	2021	1	261	1000	1.0		
4900000632	2021	1	261	1000	1.0		
4900000640	2021	1	261	1000	2.0		
4900000640	2021	2	261	1000	2.0		
4900000650	2021	1	261	1000	1.0		
4900000660	2021	1	261	1000	1.0		
4900000670	2021	1	262	1000	1.0		
4900000671	2021	1	261	1000	1.0		
4900000672	2021	1	261	1000	1.0		
4900000673	2021	1	262	1000	1.0		
4900000674	2021	1	261	1000	1.0		
4900000675	2021	1	261	1000	1.0		
4900000676	2021	1	261	1000	1.0		
4900000680	2021	1	261	1000	25.0		
4900000681	2021	1	262	1000	1.0		
4900000682	2021	1	261	1000	1.0		
4900000683	2021	1	261	1000	1.0		
4900000690	2021	1	261	1000	300.0		
4900000691	2021	1	262	1000	1.0		
4900000692	2021	1	261	1000	1.0		
4900000693	2021	1	261	1000	1.0		
4900000700	2021	1	601	3710	1.0		
4900000710	2021	1	561	1000	20.0		
4900000711	2021	1	261	1000	1.0		
4900000720	2021	1	261	1000	5.0		
4900000720	2021	2	261	1000	10.0		
4900000720	2021	3	261	1000	5.0		
4900000720	2021	4	261	1000	5.0		
4900000730	2021	1	563	1000	6.0		
4900000731	2021	1	561	1000	10.0		
4900000732	2021	1	561	1000	2.0		
4900000733	2021	1	561	1000	40.0		
4900000734	2021	1	561	1000	40.0		
4900000735	2021	1	561	1000	30.0		
4900000740	2021	1	261	1000	1.0		
4900000741	2021	1	261	1000	1.0		
4900000750	2021	1	261	1000	1.0		
4900000750	2021	2	261	1000	1.0		
4900000760	2021	1	541	3710	10.0		
4900000760	2021	2	541	3710	10.0		
4900000770	2021	1	261	1000	10.0		
4900000771	2021	1	261	1000	1.0		
4900000772	2021	1	262	1000	1.0		
4900000773	2021	1	261	1000	1.0		
4900000774	2021	1	261	1000	1.0		
4900000780	2021	1	261	1000	1.0		
4900000781	2021	1	261	1000	1.0		
4900000790	2021	1	261	1000	1.0		
4900000790	2021	2	261	1000	1.0		
4900000800	2021	1	261	1000	1.0		
4900000801	2021	1	261	1000	1.0		
4900000802	2021	1	261	1000	1.0		
4900000803	2021	1	261	1000	5.0		
4900000804	2021	1	261	1000	5.0		
4900000805	2021	1	261	1000	1.0		
4900000806	2021	1	561	1000	100.0		
4900000807	2021	1	261	1000	1.0		
4900000808	2021	1	261	1000	1.0		
4900000809	2021	1	261	1000	1.0		
4900000810	2022	1	261	1000	2.0		
4900000820	2022	1	561	1000	1.0		
4900000821	2022	1	561	1000	1.0		
4900000822	2022	1	561	1000	1.0		
4900000823	2022	1	561	1000	1.0		
4900000824	2022	1	561	1000	1.0		
4900000825	2022	1	501	1000	1.0		
4900000826	2022	1	561	1000	1.0		
4900000827	2022	1	561	1000	100.0		
4900000830	2022	1	261	1000	1.0		
4900000831	2022	1	261	1000	1.0		
4900000840	2022	1	301	1000	10.0		
4900000840	2022	2	301	1000	10.0		
4900000841	2022	1	501	1000	2.0		
4900000842	2022	1	501	1000	1.0		
4900000843	2022	1	301	1000	1.0		
4900000843	2022	2	301	1000	1.0		
4900000844	2022	1	501	1000	1.0		
4900000845	2022	1	261	1000	1.0		
4900000846	2022	1	501	1000	1.0		
4900000847	2022	1	501	1000	1.0		
4900000848	2022	1	301	1000	10.0		
4900000848	2022	2	301	1000	10.0		
4900000849	2022	1	301	1000	1.0		
4900000849	2022	2	301	1000	1.0		
4900000850	2022	1	501	1000	100.0		
4900000851	2022	1	501	1000	1.0		
4900000852	2022	1	301	1000	10.0		
4900000852	2022	2	301	1000	10.0		
4900000860	2022	1	261	1000	1.0		
4900000860	2022	2	261	1000	2.0		
4900000861	2022	1	261	1000	1.0		
4900000870	2022	1	261	1000	1.0		
4900000871	2022	1	261	1000	2.0		
4900000880	2022	1	261	1000	10.0		
4900000881	2022	1	261	1000	13.0		
4900000882	2022	1	261	1000	3.0		
4900000890	2022	1	261	1000	1.0		
4900000890	2022	2	262	1000	50.0		
4900000891	2022	1	261	1000	1.0		
4900000900	2022	1	261	1000	2.0		
4900000901	2022	1	261	1000	3.0		
4900000902	2022	1	261	1000	2.0		
4900000903	2022	1	261	1000	2.0		
4900000904	2022	1	261	1000	1.0		
4900000905	2022	1	301	1000	2.0		
4900000905	2022	2	301	1000	2.0		
4900000906	2022	1	301	1000	2.0		
4900000906	2022	2	301	1000	2.0		
4900000910	2022	1	261	1000	2.0		
4900000911	2022	1	261	1000	1.0		
4900000912	2022	1	261	1000	2.0		
4900000920	2022	1	261	1000	1.0		
4900000921	2022	1	261	1000	1.0		
4900000922	2022	1	261	1000	1.0		
4900000923	2022	1	261	1000	1.0		
4900000924	2022	1	261	1000	1.0		
4900000925	2022	1	261	1000	1.0		
4900000926	2022	1	261	1000	1.0		
4900000927	2022	1	501	1000	4.0		
4900000928	2022	1	541	1000	1.0	4500000290	10
4900000928	2022	2	541	1000	1.0	4500000290	10
4900000929	2022	1	261	1000	1.0		
4900000929	2022	2	261	1000	1.0		
4900000930	2022	1	541	1000	1.0	4500000292	10
4900000930	2022	2	541	1000	1.0	4500000292	10
4900000931	2022	1	541	1000	1.0	4500000293	10
4900000931	2022	2	541	1000	1.0	4500000293	10
4900000932	2022	1	261	1000	1.0		
4900000933	2022	1	261	1000	1.0		
4900000934	2022	1	261	1000	1.0		
4900000940	2022	1	261	1000	1.0		
4900000941	2022	1	261	1000	1.0		
4900000942	2022	1	261	1000	2.0		
4900000943	2022	1	261	1000	1.0		
4900000950	2022	1	261	1000	1.0		
4900000951	2022	1	261	1000	1.0		
4900000952	2022	1	261	1000	1.0		
4900000953	2022	1	261	1000	1.0		
4900000954	2022	1	261	1000	1.0		
4900000960	2022	1	261	1000	1.0		
4900000961	2022	1	261	1000	2.0		
4900000970	2022	1	501	1000	5.0		
4900000971	2022	1	261	1000	4.0		
4900000972	2022	1	261	1000	1.0		
4900000973	2022	1	501	1000	5.0		
4900000980	2022	1	501	1000	97.0		
4900000990	2022	1	261	1000	1.0		
4900001000	2022	1	221	1000	3.0		
4900001001	2022	1	222	1000	3.0		
4900001002	2022	1	221	1000	5.0		
4900001010	2022	1	261	1000	2.0		
4900001011	2022	1	261	1000	1.0		
4900001020	2022	1	261	1000	2.0		
4900001021	2022	1	221	1000	1.0		
4900001022	2022	1	221	1000	1.0		
4900001023	2022	1	221	1000	1.0		
4900001024	2022	1	261	1000	1.0		
4900001025	2022	1	261	1000	1.0		
4900001026	2022	1	261	1000	2.0		
4900001027	2022	1	261	1000	1.0		
4900001030	2022	1	221	1000	1.0		
4900001031	2022	1	221	1000	1.0		
4900001040	2022	1	261	1000	1.0		
4900001041	2022	1	261	1000	1.0		
4900001042	2022	1	261	1000	1.0		
4900001050	2022	1	501	1000	50.0		
4900001051	2022	1	501	1000	50.0		
4900001052	2022	1	261	1000	2.0		
4900001053	2022	1	261	1000	1.0		
4900001054	2022	1	261	1000	1.0		
4900001060	2022	1	261	1000	1.0		
4900001061	2022	1	261	1000	2.0		
4900001070	2022	1	501	1000	5.0		
4900001080	2022	1	261	1000	1.0		
4900001081	2022	1	261	1000	1.0		
4900001090	2023	1	221	1000	1.0		
4900001100	2023	1	261	1000	1.0		
4900001101	2023	1	262	1000	1.0		
4900001110	2023	1	261	1000	1.0		
4900001111	2023	1	261	1000	1.0		
4900001120	2023	1	261	1000	2.0		
4900001121	2023	1	261	1000	1.0		
4900001130	2023	1	501	1000	1.0		
4900001140	2023	1	261	1000	2.0		
4900001150	2023	1	561	2000	5.0		
4900001151	2023	1	562	2000	5.0		
4900001152	2023	1	561	2000	1.0		
4900001160	2024	1	321	1000	10.0		
4900001160	2024	2	321	1000	10.0		
4900001170	2024	1	261	1000	1.0		
4900001171	2024	1	261	1000	1.0		
4900001180	2024	1	501	1000	1.0		
4900001190	2024	1	501	1000	60.0		
4900001191	2024	1	501	1000	60.0		
4900001200	2024	1	501	1000	200.0		
4900001210	2024	1	501	1000	150.0		
4900001211	2024	1	501	1000	150.0		
4900001212	2024	1	261	1000	1.0		
4900001213	2024	1	261	1000	1.0		
4900001214	2024	1	261	1000	5.0		
4900001220	2024	1	561	1000	100.0		
4900001220	2024	2	561	1000	100.0		
4900001220	2024	3	561	1000	100.0		
4900001220	2024	4	561	1000	100.0		
4900001220	2024	5	561	1000	100.0		
4900001220	2024	6	561	1000	100.0		
4900001221	2024	1	561	1000	2000.0		
4900001221	2024	2	561	1000	2000.0		
4900001221	2024	3	561	1000	2000.0		
4900001221	2024	4	561	1000	2000.0		
4900001221	2024	5	561	1000	2000.0		
4900001221	2024	6	561	1000	2000.0		
4900001230	2024	1	261	1000	100.0		
4900001231	2024	1	261	1000	300.0		
4900001232	2024	1	261	1000	100.0		
4900001233	2024	1	261	1000	100.0		
4900001234	2024	1	261	1000	50.0		
4900001235	2024	1	261	1000	150.0		
4900001236	2024	1	261	1000	50.0		
4900001237	2024	1	261	1000	50.0		
4900001240	2024	1	261	1000	1.0		
4900001250	2024	1	261	1000	50.0		
4900001251	2024	1	261	1000	150.0		
4900001252	2024	1	261	1000	50.0		
4900001253	2024	1	261	1000	50.0		
4900001254	2024	1	261	1000	1.0		
4900001255	2024	1	261	1000	3.0		
4900001256	2024	1	261	1000	1.0		
4900001257	2024	1	261	1000	1.0		
4900001260	2024	1	261	1000	1.0		
4900001261	2024	1	261	1000	3.0		
4900001262	2024	1	261	1000	1.0		
4900001263	2024	1	261	1000	1.0		
4900001264	2024	1	261	1000	1.0		
4900001265	2024	1	261	1000	3.0		
4900001266	2024	1	261	1000	1.0		
4900001267	2024	1	261	1000	1.0		
4900001268	2024	1	261	1000	1.0		
4900001269	2024	1	261	1000	3.0		
4900001270	2024	1	261	1000	1.0		
4900001271	2024	1	261	1000	1.0		
4900001280	2024	1	261	1000	1.0		
4900001281	2024	1	261	1000	3.0		
4900001282	2024	1	261	1000	1.0		
4900001283	2024	1	261	1000	3.0		
4900001284	2024	1	261	1000	1.0		
4900001285	2024	1	261	1000	1.0		
4900001290	2024	1	101	1000	1.0		
4900001291	2024	1	261	1000	1.0		
4900001292	2024	1	261	1000	3.0		
4900001293	2024	1	101	1000	1.0		
4900001294	2024	1	501	1000	20.0		
4900001295	2024	1	261	1000	1.0		
4900001296	2024	1	101	1000	1.0		
4900001300	2024	1	101	1000	1.0		
4900001310	2024	1	261	1000	2.0		
4900001320	2024	1	261	1000	2.0		
4900001321	2024	1	261	1000	2.0		
4900001322	2024	1	261	1000	2.0		
4900001323	2024	1	261	1000	2.0		
4900001324	2024	1	261	1000	2.0		
4900001325	2024	1	261	1000	2.0		
4900001326	2024	1	261	1000	2.0		
4900001330	2024	1	261	1000	2.0		
4900001331	2024	1	261	1000	2.0		
4900001340	2024	1	261	1000	2.0		
4900001341	2024	1	261	1000	2.0		
4900001342	2024	1	261	1000	2.0		
4900001343	2024	1	261	1000	2.0		
4900001344	2024	1	261	1000	2.0		
4900001345	2024	1	261	1000	2.0		
4900001346	2024	1	261	1000	2.0		
4900001350	2024	1	101	1000	1.0		
4900001350	2024	2	101	1000	1.0		
4900001350	2024	3	101	1000	1.0		
4900001351	2024	1	261	1000	2.0		
4900001352	2024	1	261	1000	6.0		
4900001353	2024	1	101	1000	2.0		
4900001354	2024	1	261	1000	1.0		
4900001355	2024	1	261	1000	3.0		
4900001356	2024	1	101	1000	1.0		
4900001357	2024	1	261	1000	1.0		
4900001358	2024	1	261	1000	3.0		
4900001359	2024	1	101	1000	1.0		
4900001360	2024	1	101	1000	1.0		
4900001361	2024	1	101	1000	1.0		
4900001362	2024	1	101	1000	1.0		
4900001363	2024	1	101	1000	1.0		
4900001364	2024	1	261	1000	1.0		
4900001365	2024	1	261	1000	3.0		
4900001370	2024	1	261	1000	1.0		
4900001371	2024	1	261	1000	3.0		
4900001372	2024	1	101	1000	1.0		
4900001380	2024	1	101	1000	1.0		
4900001390	2024	1	261	1000	3.0		
4900001400	2024	1	261	1000	2.0		
4900001401	2024	1	262	1000	2.0		
4900001410	2024	1	101	1000	1.0		
4900001411	2024	1	261	1000	1.0		
4900001412	2024	1	261	1000	3.0		
4900001413	2024	1	261	1000	1.0		
4900001414	2024	1	261	1000	3.0		
4900001415	2024	1	101	1000	1.0		
4900001416	2024	1	261	1000	1.0		
4900001417	2024	1	261	1000	3.0		
4900001418	2024	1	101	1000	1.0		
4900001420	2024	1	261	1000	3.0		
4900001421	2024	1	261	1000	1.0		
4900001422	2024	1	101	1000	1.0		
4900001423	2024	1	261	1000	2.0		
4900001424	2024	1	261	1000	6.0		
4900001425	2024	1	261	1000	1.0		
4900001426	2024	1	261	1000	3.0		
4900001427	2024	1	261	1000	1.0		
4900001428	2024	1	261	1000	3.0		
4900001429	2024	1	261	1000	3.0		
4900001430	2024	1	101	1000	1.0		
4900001431	2024	1	261	1000	1.0		
4900001432	2024	1	261	1000	3.0		
4900001433	2024	1	262	1000	3.0		
4900001434	2024	1	261	1000	3.0		
4900001435	2024	1	261	1000	2.0		
4900001440	2024	1	261	1000	1.0		
4900001441	2024	1	261	1000	3.0		
4900001442	2024	1	262	1000	1.0		
4900001443	2024	1	262	1000	3.0		
4900001444	2024	1	101	1000	2.0		
4900001445	2024	1	101	1000	1.0		
4900001446	2024	1	101	1000	2.0		
4900001447	2024	1	101	1000	1.0		
4900001448	2024	1	101	1000	1.0		
4900001449	2024	1	101	1000	3.0		
4900001450	2024	1	101	1000	1.0		
4900001451	2024	1	101	1000	1.0		
4900001452	2024	1	101	1000	1.0		
4900001453	2024	1	101	1000	3.0		
4900001454	2024	1	101	1000	1.0		
4900001455	2024	1	101	1000	1.0		
4900001460	2024	1	261	1000	3.0		
4900001461	2024	1	261	1000	1.0		
4900001462	2024	1	261	1000	1.0		
4900001463	2024	1	261	1000	3.0		
4900001464	2024	1	101	1000	1.0		
4900001465	2024	1	261	1000	1.0		
4900001466	2024	1	261	1000	3.0		
4900001467	2024	1	261	1000	3.0		
4900001468	2024	1	261	1000	9.0		
4900001469	2024	1	101	1000	3.0		
4900001470	2024	1	101	1000	4.0		
4900001471	2024	1	101	1000	1.0		
4900001472	2024	1	101	1000	1.0		
4900001473	2024	1	101	1000	3.0		
4900001480	2024	1	501	1000	20.0		
4900001481	2024	1	501	1000	20.0		
4900001482	2024	1	501	1000	20.0		
4900001483	2024	1	261	1000	6.0		
4900001483	2024	2	261	1000	3.0		
4900001483	2024	3	261	1000	6.0		
4900001490	2024	1	561	1000	1.0		
4900001491	2024	1	261	1000	1.0		
4900001500	2024	1	501	1000	300.0		
4900001510	2025	1	601	1000	20.0		
4900001511	2025	1	601	1000	10.0		
4900001520	2025	1	561	1000	2.0		
4900001530	2025	1	261	1000	2.0		
4900001531	2025	1	261	1000	2.0		
4900001540	2025	1	561	1000	4.0		
4900001550	2025	1	501	1000	5.0		
4900001560	2022	1	501	3710	10.0		
4900001561	2022	1	501	3710	10.0		
4900001561	2022	2	501	3710	10.0		
4900001561	2022	3	501	3710	10.0		
4900001561	2022	4	501	3710	10.0		
4900001561	2022	5	501	3710	10.0		
4900001570	2026	1	561	1000	200.0		
4900001571	2026	1	561	1000	2000.0		
4900001572	2026	1	561	1000	20000.0		
4900001573	2026	1	561	1000	3000.0		
4900001574	2026	1	561	1000	60000.0		
4900001575	2026	1	261	1000	30.0		
4900001580	2026	1	601	1000	30.0		
4900001581	2026	1	601	1000	17.0		
4900001590	2026	1	501	1000	1.0		
4900001591	2026	1	501	1000	1.0		
4900001592	2026	1	501	1000	1.0		
4900001593	2026	1	561	1000	20.0		
4900001594	2026	1	601	1000	5.0		
4900001595	2026	1	261	1000	60.0		
4900001595	2026	2	261	1000	30.0		
4900001596	2026	1	601	1000	10.0		
5000000000	2019	1	101	1000	10.0	4500000002	10
5000000001	2019	1	101	1000	10.0	4500000003	10
5000000002	2019	1	101	1000	10.0	4500000004	10
5000000003	2019	1	101	1000	20.0	4500000005	10
5000000010	2019	1	101	1000	5.0	4500000007	10
5000000011	2019	1	101	1000	2.0	4500000009	10
5000000012	2019	1	101	1000	2.0	4500000008	10
5000000013	2019	1	101	1000	20.0	4500000012	10
5000000014	2019	1	101	1000	13.0	4500000010	10
5000000015	2019	1	101	1000	11.0	4500000011	10
5000000016	2019	1	101	1000		4500000014	10
5000000016	2019	2	101	1000		4500000014	20
5000000020	2020	1	101	1000		4500000014	30
5000000021	2020	1	101	1000		4500000014	40
5000000022	2020	1	101	1000		4500000027	10
5000000023	2020	1	101	1000		4500000028	10
5000000024	2020	1	101	1000	1.0	4500000031	10
5000000030	2020	1	101	1000	1.0	4500000035	10
5000000031	2020	1	101	1000		4500000014	20
5000000040	2020	1	101	1000	9.0	4500000038	10
5000000040	2020	2	101	1000	1.0	4500000038	10
5000000050	2020	1	101	1000	10.0	4500000043	10
5000000051	2020	1	101	1000	5.0	4500000049	10
5000000060	2020	1	101	1000	10.0		
5000000070	2020	1	101	1000	1000.0	4500000074	10
5000000080	2020	1	101	1000	10.0	4500000091	10
5000000081	2020	1	101	1000	80.0	4500000091	10
5000000082	2020	1	101	1000	3.3	4500000095	10
5000000082	2020	2	101	1000	7.7	4500000095	10
5000000083	2020	1	101	1000	3.3	4500000096	10
5000000083	2020	2	101	1000	7.7	4500000096	10
5000000090	2020	1	101	1000		4500000096	20
5000000100	2020	1	101	1000	25.0	4500000097	10
5000000110	2020	1	101	1000	100.0	4500000104	10
5000000111	2020	1	101	1000	2.0	4500000105	10
5000000112	2020	1	101	1000		4500000106	10
5000000113	2020	1	101	1000		4500000108	10
5000000120	2020	1	101	1000	25.0	4500000110	10
5000000121	2020	1	101	1000	1.0	4500000109	10
5000000122	2020	1	101	1000	1.0	4500000107	10
5000000123	2020	1	101	1000		4500000111	10
5000000124	2020	1	101	1000		4500000112	10
5000000125	2020	1	101	1000		4500000113	10
5000000126	2020	1	101	1000		4500000114	10
5000000127	2020	1	101	1000		4500000115	10
5000000128	2020	1	101	1000	1.0	4500000118	10
5000000130	2020	1	101	1000	25.0	4500000117	10
5000000140	2020	1	101	1000	25.0	4500000119	10
5000000150	2020	1	101	1000		4500000120	10
5000000151	2020	1	101	1000		4500000121	10
5000000160	2020	1	101	1000		4500000122	10
5000000161	2020	1	101	1000		4500000123	10
5000000170	2020	1	101	1000	1.0	4500000128	10
5000000171	2020	1	101	1000	2.0	4500000129	10
5000000180	2020	1	101	1000	1.0		
5000000181	2020	1	102	1000	1.0		
5000000182	2020	1	101	1000	1.0		
5000000190	2020	1	101	1000		4500000132	10
5000000200	2020	1	101	1000	1.0		
5000000201	2020	1	101	1000		4500000131	10
5000000210	2020	1	101	1000	1.0	4500000130	10
5000000220	2020	1	101	1000	1.0	4500000134	10
5000000220	2020	2	543	1000	1.0	4500000134	10
5000000230	2020	1	101	1000	1.0	4500000135	10
5000000231	2020	1	101	1000	1.0		
5000000232	2020	1	101	1000	1.0		
5000000240	2020	1	101	1000		4500000142	10
5000000241	2020	1	101	1000		4500000143	10
5000000242	2020	1	101	1000		4500000144	10
5000000250	2020	1	101	1000	2.0	4500000146	10
5000000250	2020	2	543	1000	2.0	4500000146	10
5000000260	2020	1	101	1000	10.0	4500000148	10
5000000270	2020	1	101	1000	4.0	4500000152	10
5000000271	2020	1	101	1000	3.0	4500000153	10
5000000272	2020	1	101	1000	7.0	4500000154	10
5000000280	2020	1	101	1000	10.0	4500000155	10
5000000281	2020	1	101	1000	10.0	4500000156	10
5000000290	2021	1	101	1000	1.0	4500000157	10
5000000300	2021	1	101	1000	25.0	4500000158	10
5000000301	2021	1	101	1000	2.0	4500000161	10
5000000302	2021	1	101	1000		4500000162	10
5000000310	2021	1	101	1000	2.0	4500000164	10
5000000311	2021	1	101	1000	2.0	4500000165	10
5000000312	2021	1	101	1000	2.0	4500000163	10
5000000313	2021	1	101	1000	2.0	4500000166	10
5000000314	2021	1	101	1000	2.0	4500000167	10
5000000315	2021	1	101	1000	2.0	4500000168	10
5000000316	2021	1	101	1000	2.0	4500000169	10
5000000317	2021	1	101	1000	2.0	4500000170	10
5000000318	2021	1	101	1000	2.0	4500000171	10
5000000319	2021	1	101	1000	2.0	4500000172	10
5000000320	2021	1	101	1000	2.0	4500000173	10
5000000321	2021	1	101	1000	2.0	4500000174	10
5000000322	2021	1	101	1000	2.0	4500000175	10
5000000323	2021	1	101	1000	2.0	4500000176	10
5000000324	2021	1	101	1000	2.0	4500000178	10
5000000325	2021	1	101	1000		4500000179	10
5000000326	2021	1	101	1000	2.0	4500000180	10
5000000327	2021	1	101	1000	1.0	4500000181	10
5000000328	2021	1	101	1000	2.0	4500000183	10
5000000329	2021	1	102	1000	2.0	4500000183	10
5000000330	2021	1	101	1000	2.0	4500000183	10
5000000331	2021	1	102	1000	2.0	4500000183	10
5000000332	2021	1	101	1000	2.0	4500000183	10
5000000333	2021	1	102	1000	2.0	4500000183	10
5000000334	2021	1	101	1000	1.0	4500000184	10
5000000335	2021	1	102	1000	1.0	4500000184	10
5000000336	2021	1	101	1000	30.0	4500000185	10
5000000337	2021	1	101	1000	180.0	4500000186	10
5000000338	2021	1	101	1000		4500000188	10
5000000339	2021	1	102	1000		4500000188	10
5000000340	2021	1	101	1000	10.0	4500000187	10
5000000350	2021	1	101	1000	1.0		
5000000360	2021	1	101	1000		4500000200	10
5000000370	2021	1	101	1000		4500000212	10
5000000380	2021	1	101	1000		4500000214	10
5000000381	2021	1	101	1000		4500000214	10
5000000390	2021	1	101	1000		4500000215	10
5000000391	2021	1	101	1000		4500000216	10
5000000392	2021	1	101	1000		4500000218	10
5000000400	2021	1	101	1000	1.0	4500000116	10
5000000401	2021	1	101	1000	1.0	4500000100	10
5000000410	2021	1	101	1000	1.0		
5000000411	2021	1	101	1000	1.0		
5000000420	2021	1	101	1000		4500000220	10
5000000421	2021	1	101	1000	1.0		
5000000430	2021	1	101	1000	147.0	4500000221	10
5000000431	2021	1	101	1000		4500000222	10
5000000432	2021	1	101	1000	1.0		
5000000440	2021	1	101	1000		4500000223	10
5000000441	2021	1	101	1000		4500000224	10
5000000450	2021	1	101	1000	0.7	4500000229	10
5000000450	2021	2	101	1000	0.25	4500000229	10
5000000450	2021	3	101	1000	0.05	4500000229	10
5000000451	2021	1	101	1000	10.0	4500000234	10
5000000452	2021	1	101	1000	10.0	4500000236	10
5000000453	2021	1	101	1000	10.0	4500000238	10
5000000454	2021	1	101	1000		4500000237	10
5000000454	2021	2	101	1000		4500000237	10
5000000454	2021	3	101	1000		4500000237	10
5000000455	2021	1	101	1000		4500000239	10
5000000455	2021	2	101	1000		4500000239	10
5000000455	2021	3	101	1000		4500000239	10
5000000456	2021	1	101	1000	6.0	4500000245	10
5000000457	2021	1	101	1000		4500000246	10
5000000457	2021	2	101	1000		4500000246	10
5000000457	2021	3	101	1000		4500000246	10
5000000458	2021	1	101	1000		4500000247	10
5000000459	2021	1	101	1000		4500000247	10
5000000460	2021	1	101	1000	10.0	4500000249	10
5000000461	2021	1	101	1000	1.0	4500000251	10
5000000462	2021	1	101	1000	10.0	4500000252	10
5000000463	2021	1	101	1000	10.0	4500000254	10
5000000464	2021	1	101	1000	10.0	4500000255	10
5000000465	2021	1	101	1000	10.0	4500000257	10
5000000470	2021	1	101	3710	1.0	4500000261	10
5000000480	2021	1	101	1000	20.0	4500000263	10
5000000480	2021	2	101	1000	40.0	4500000263	20
5000000480	2021	3	101	1000	20.0	4500000263	30
5000000481	2021	1	101	1000	5.0		
5000000482	2021	1	101	1000		4500000264	10
5000000490	2021	1	101	1000	7.0	4500000267	10
5000000491	2021	1	101	1000	1.0		
5000000500	2021	1	101	1000		4500000269	10
5000000510	2022	1	101	1000		4500000271	10
5000000520	2022	1	101	1000		4500000272	10
5000000530	2022	1	101	1000	10.0	4500000273	10
5000000531	2022	1	101	1000		4500000274	10
5000000540	2022	1	101	1000		4500000276	10
5000000541	2022	1	101	1000		4500000277	10
5000000542	2022	1	101	1000		4500000278	10
5000000543	2022	1	101	1000		4500000278	10
5000000550	2022	1	101	1000		4500000279	10
5000000551	2022	1	101	1000		4500000281	10
5000000552	2022	1	101	1000	100.0	4500000282	10
5000000560	2022	1	101	1000		4500000283	10
5000000570	2022	1	101	1000	10000.0	4500000286	10
5000000571	2022	1	101	1000	10000.0	4500000287	10
5000000572	2022	1	101	1000	25.0	4500000288	10
5000000573	2022	1	101	1000	150.0	4500000291	10
5000000574	2022	1	101	1000	1.0	4500000293	10
5000000574	2022	2	543	1000	1.0	4500000293	10
5000000575	2022	1	101	1000	1.0	4500000293	10
5000000580	2022	1	101	3710	10.0	4500000294	10
5000000581	2022	1	101	3710	10.0	4500000294	10
5000000582	2022	1	101	3710	20.0	4500000294	10
5000000583	2022	1	101	3710	20.0	4500000294	10
5000000584	2022	1	101	3710	20.0	4500000294	10
5000000585	2022	1	101	3710	20.0	4500000294	10
5000000590	2022	1	101	1000		4500000295	10
5000000591	2022	1	101	1000	100.0	4500000296	10
5000000591	2022	2	101	1000	30.0	4500000296	20
5000000592	2022	1	101	1000	30.0	4500000297	10
5000000593	2022	1	101	1000	10.0	4500000298	10
5000000593	2022	2	101	1000	5.0	4500000298	20
5000000594	2022	1	101	1000	100.0	4500000299	10
5000000594	2022	2	101	1000	20.0	4500000299	20
5000000600	2022	1	101	1000		4500000211	10
5000000610	2022	1	101	1000		4500000211	20
5000000610	2022	2	101	1000		4500000211	30
5000000610	2022	3	101	1000	2.0	4500000211	40
5000000620	2022	1	101	1000	10.0	4500000194	20
5000000621	2022	1	102	1000	10.0	4500000194	20
5000000622	2022	1	101	1000	10.0	4500000194	20
5000000623	2022	1	102	1000	10.0	4500000194	20
5000000624	2022	1	101	1000	10.0	4500000194	20
5000000630	2022	1	101	1000		4500000301	10
5000000631	2022	1	101	1000		4500000302	10
5000000640	2022	1	101	1000		4500000304	10
5000000641	2022	1	101	1000		4500000306	10
5000000650	2023	1	101	1000	1.0		
5000000651	2023	1	101	1000		4500000305	10
5000000652	2023	1	101	1000		4500000305	10
5000000653	2023	1	101	1000		4500000305	10
5000000654	2023	1	101	1000	3.0	4500000305	20
5000000655	2023	1	101	1000	2.0	4500000305	20
5000000660	2023	1	101	1000		4500000308	10
5000000661	2023	1	101	1000		4500000310	10
5000000662	2023	1	101	1000	1.0	4500000311	10
5000000663	2023	1	101	1000		4500000312	10
5000000670	2023	1	101	1000		4500000313	10
5000000670	2023	2	101	1000	1.0	4500000313	20
5000000671	2023	1	101	1000		4500000314	10
5000000680	2023	1	101	1000		4500000316	10
5000000681	2023	1	101	1000		4500000317	10
5000000690	2023	1	101	2000	1.0	4500000318	10
5000000700	2023	1	101	2000	1.0	4500000319	20
5000000710	2023	1	101	2000	1.0	4500000320	20
5000000711	2023	1	102	2000	1.0	4500000320	20
5000000720	2023	1	101	2000	1.0	4500000320	20
5000000730	2023	1	101	2000	1.0	4500000321	10
5000000740	2024	1	101	2000	5.0	4500000323	10
5000000750	2024	1	101	1000	10.0		
5000000760	2024	1	101	1000	10.0		
5000000763	2024	1	101	1000	10.0		
5000000770	2024	1	101	1000	1.0	4500000327	10
5000000771	2024	1	102	1000	1.0	4500000327	10
5000000772	2024	1	101	1000	1.0	4500000327	10
5000000780	2024	1	101	1000		4500000328	10
5000000781	2024	1	101	1000		4500000329	10
5000000790	2024	1	101	1000	1.0		
5000000791	2024	1	101	1000	1.0		
5000000792	2024	1	101	1000	1.0		
5000000800	2024	1	101	1000	1.0		
5000000810	2024	1	101	1000		4500000330	10
5000000810	2024	2	101	1000		4500000330	20
5000000810	2024	3	101	1000		4500000330	30
5000000810	2024	4	101	1000		4500000330	40
5000000820	2024	1	101	1000	1.0		
5000000830	2024	1	101	1000	10.0	4500000332	10
5000000840	2024	1	101	1000	1.0		
5000000841	2024	1	101	1000	1.0		
5000000842	2024	1	101	1000	1.0		
5000000843	2024	1	101	1000	1.0		
5000000850	2024	1	101	1000	1.0		
5000000851	2024	1	101	1000	1.0		
5000000852	2024	1	101	1000	1.0		
5000000860	2024	1	101	1000	1.0		
5000000870	2024	1	101	1000	3.0		
5000000880	2024	1	101	1000	1.0		
5000000890	2024	1	101	1000	10.0	4500000333	10
5000000900	2024	1	101	1000		4500000335	10
5000000910	2024	1	101	1000		4500000336	10
5000000911	2024	1	101	1000		4500000337	10
5000000920	2025	1	101	1000	2.0	4500000353	10
5000000921	2025	1	101	1000		4500000355	10
5000000930	2025	1	101	1000		4500000356	10
5000000940	2026	1	101	1000	10.0		
5000000950	2026	1	101	1000	30.0		
5000000960	2026	1	101	1000	17.0		
5000000970	2026	1	101	1000	15.0	4500000357	10
5000000971	2026	1	101	1000	30.0	4500000358	10
5000000972	2026	1	101	1000	5.0		
5000000973	2026	1	101	1000	30.0	4500000359	10
5000000974	2026	1	101	1000	60.0	4500000360	10
5000000975	2026	1	101	1000	10.0		
