BELNR	GJAHR	BLDAT	USNAM	LIFNR	RBSTAT
5105600101	2020	2020-01-06	User_002	VND_0002	5
5105600102	2020	2020-01-13	User_005	VND_0002	5
5105600103	2020	2020-01-27	User_001	VND_0002	5
5105600104	2020	2020-01-27	User_001	VND_0002	5
5105600105	2020	2020-01-27	User_001	VND_0002	5
5105600106	2020	2020-01-27	User_001	VND_0002	5
5105600107	2020	2020-01-27	User_001	VND_0002	5
5105600108	2020	2020-01-27	User_001	VND_0002	5
5105600109	2020	2020-01-27	User_001	VND_0002	5
5105600110	2020	2020-01-29	User_001	VND_0002	5
5105600111	2020	2020-01-30	User_069	VND_0002	5
5105600112	2020	2020-02-24	User_009	VND_0002	5
5105600113	2020	2020-06-02	User_006	VND_0001	5
5105600114	2020	2020-06-02	User_006	VND_0001	5
5105600115	2020	2020-06-23	User_057	VND_0001	5
5105600116	2020	2020-06-29	User_057	VND_0001	5
5105600117	2020	2020-06-29	User_057	VND_0001	5
5105600118	2020	2020-06-30	User_057	VND_0001	5
5105600119	2020	2020-10-28	User_001	VND_0001	5
5105600120	2020	2020-11-01	User_001	VND_0001	5
5105600121	2020	2020-11-02	User_001	VND_0001	5
5105600122	2020	2020-12-18	User_058	VND_0001	5
5105600123	2020	2020-12-18	User_058	VND_0001	5
5105600124	2021	2021-02-05	User_010	VND_0005	5
5105600125	2021	2021-02-05	User_010	VND_0005	5
5105600126	2021	2021-02-09	User_010	VND_0005	5
5105600127	2021	2021-02-09	User_010	VND_0005	5
5105600128	2021	2021-02-17	User_002	VND_0005	5
5105600129	2021	2021-05-21	User_032	VND_0006	5
5105600130	2021	2021-05-25	User_032	VND_0002	D
5105600131	2021	2021-06-02	User_032	VND_0006	5
5105600132	2021	2021-06-25	User_018	VND_0006	5
5105600133	2021	2021-07-23	User_072	VND_0008	5
5105600134	2021	2021-08-10	User_072	VND_0008	5
5105600135	2021	2021-08-13	User_073	VND_0010	5
5105600136	2021	2021-08-13	User_073	VND_0008	5
5105600137	2022	2022-03-09	User_044	VND_0002	5
5105600138	2022	2022-08-14	User_040	VND_0006	5
5105600139	2023	2023-04-04	User_044	VND_0002	5
5105600140	2023	2023-04-04	User_044	VND_0002	5
5105600141	2023	2023-04-04	User_044	VND_0002	5
5105600142	2023	2023-04-04	User_044	VND_0002	5
5105600143	2023	2023-04-04	User_044	VND_0002	5
5105600144	2023	2023-04-04	User_044	VND_0002	5
5105600145	2023	2023-04-04	User_044	VND_0002	5
5105600146	2023	2023-06-07	User_063	VND_0002	5
5105600147	2023	2023-11-22	User_076	VND_0013	5
5105600148	2023	2023-11-24	User_076	VND_0013	5
5105600149	2023	2023-11-28	User_054	VND_0013	5
5105600150	2023	2023-12-29	User_054	VND_0014	5
5105600151	2024	2024-01-05	User_054	VND_0014	5
5105600152	2024	2024-03-06	User_044	VND_0001	5
5105600153	2024	2024-03-08	User_044	VND_0001	5
5105600154	2024	2024-03-08	User_044	VND_0001	5
