RSNUM	RSPOS	MATNR	EBELN	EBELP
22	1	2		
43	1	2		
44	1	2		
47	1	2		
49	1	2		
70	1	23		
71	1	26		
73	1	23		
74	1	23		
75	1	24		
161	1	25		
181	1	33		
184	1	23		
185	1	23		
190	1	35		
191	1	23		
191	2	24		
191	3	25		
192	1	23		
192	2	24		
193	1	35		
195	1	23		
196	1	35		
199	1	35		
209	1	35		
209	2	35		
209	3	33		
210	1	35		
211	1	35		
221	1	23		
222	1	23		
223	1	23		
226	1	23		
243	1	51		
244	1	55		
246	1	55		
246	2	56		
247	1	51		
249	1	26		
250	1	1000		
250	2	1000		
251	1	23		
252	1	55		
256	1	51		
256	2	54		
256	3	53		
261	1			
262	1	51		
270	1	23		
270	2	24		
277	1	51		
278	1	51		
278	2	52		
279	1	51		
280	1	55		
280	2	58		
281	1	51		
281	2	58		
282	1	55		
283	1	51		
286	1	2		
287	1	2		
287	2	51		
287	3	52		
288	1	51		
289	1	51		
292	1	51		
305	1	63		
349	1	55		
350	2			
350	3			
350	4	1010		
363	1	51		
363	2	54		
363	3	53		
364	1	55		
367	1	54		
383	1	ZSG21		
383	2	ZRM122		
404	1	54		
406	1	53		
407	1	51		
407	2	54		
424	1	33		
424	2	33		
448	1	58		
448	2	51		
464	1	58		
467	1	58		
504	1	1005		
504	2			
505	2	33		
509	1	33		
524	1	1005		
545	1	33		
545	2	43		
547	1	1005		
548	1	1005		
549	1	1005		
554	1	1000		
560	1	1005		
560	2			
561	1	1005		
561	2			
562	1	1005		
562	2			
565	1	1005		
565	2			
566	1	1005		
566	2			
584	1	1005		
586	1			
587	1			
594	1			
595	1			
598	1	1005		
600	1	1005		
600	2			
620	1	33		
620	2	43		
620	3	33		
620	4	33		
620	5	33		
620	6	33		
620	7	43		
622	1	101		
622	2	1005		
622	3	1005		
627	1	101		
646	1	1005		
745	1	54		
746	1	54		
764	2	1000		
781	1	1005		
782	1			
784	1			
789	1	111		
790	2			
791	1			
814	1	101		
846	1	111		
854	1	RM13	4500000125	10
854	2	RM14	4500000125	10
855	1	RM13	4500000126	10
855	2	RM14	4500000126	10
856	1	1005		
856	2			
857	1	1005		
859	1	122		
860	1	122		
864	1	RM13		
864	2	RM14		
865	1	RM13		
865	2	RM14		
866	1	RM13		
866	2	RM14		
867	1	RM13		
867	2	RM14		
868	1	RM13		
868	2	RM14		
870	1	RM13	4500000127	10
870	2	RM14	4500000127	10
871	1	131		
871	2	131		
871	3	131		
892	1	111		
898	1	111		
909	1	55		
910	1	55		
933	1	111		
934	1	111	4500000133	10
937	1	1006		
937	2	1007		
937	3	1008		
937	4	1005		
937	5	1010		
937	6	1009		
954	1	91		
955	1	91	4500000134	10
970	1	131		
972	1	111		
973	1	111		
990	1	1005		
993	1			
993	2	1009		
993	3	1009		
996	1	111		
1012	1			
1012	2	1009		
1015	1			
1023	1	1009		
1029	1	111		
1037	1			
1040	1	141		
1069	1			
1109	1	55		
1110	1	55	4500000146	10
1139	1	54		
1141	1	54		
1142	1	54		
1171	1	51		
1189	1	TG0011		
1233	3	1000		
1233	4	1000		
1233	5	ZFG228		
1233	6	1000		
1233	7	ZFG228		
1233	8	1000		
1233	9	ZFG228		
1233	10	ZFG228		
1233	11	ZFG228		
1233	12	1000		
1233	13	ZFG228		
1237	1	ZFG228		
1237	2	1000		
1237	3	1000		
1237	4	1000		
1237	5	1000		
1237	6	1000		
1237	7	ZFG228		
1237	8	ZFG228		
1237	9	ZFG228		
1237	10	1000		
1239	1	ZFG228		
1239	2	ZFG228		
1240	1			
1253	1	ZSG21		
1253	2	ZRM122		
1269	1	ZSG21		
1269	2	ZRM122		
1291	1	ZSG21		
1291	2	ZRM122		
1293	1	ZSG21		
1293	2	ZRM122		
1294	1	ZSG21		
1294	2	ZRM122		
1435	1	54		
1435	2	192		
1455	1	26		
1456	1	26		
1456	2	23		
1456	3	24		
1456	4	23		
1456	5	24		
1475	1	26		
1476	1	26		
1495	1	1000		
1495	2	1001		
1515	1	51		
1515	2	52		
1515	3	53		
1515	4	54		
1515	5	55		
1515	6	56		
1520	1	55		
1521	1	55		
1535	1	55		
1536	1	55		
1555	1	51		
1555	2	54		
1555	3	53		
1556	1	55		
1596	1	54		
1596	3	55		
1615	1	54		
1635	1	55		
1636	1	1009		
1636	2	55		
1675	1	141		
1716	1	51		
1716	2	58		
1735	1	51		
1757	1	141		
1758	1	141		
1759	1	141		
1775	1	55		
1776	1	55		
1777	1	1005		
1778	1			
1787	2	1005		
1787	3			
1789	1	164		
1789	2			
1789	3			
1790	1	1006		
1791	1	1007		
1792	1	1008		
1793	1	1009		
1794	1	1010		
1795	1			
1796	1			
1798	1	141		
1800	1	141		
1803	1	MODULE_1		
1803	2	MODULE_2		
1831	1	R-302		
1845	1	R-302		
1848	1	MODULE_1_WS1		
1848	2	MODULE_1_WS2		
1853	1	MODULE_1_WS1		
1853	2	MODULE_1_WS2		
1855	1	MODULE_1_WS1		
1855	2	MODULE_1_WS2		
1856	1	R-302		
1857	1	R-302		
1861	1	MODULE_1_WS1		
1861	2	MODULE_1_WS2		
1862	2	R-302		
1875	1	51		
1876	1	51		
1877	1	MODULE_1_WS1		
1877	2	MODULE_1_WS2		
1881	4	R-311		
1926	1	R-302		
1926	2	R-311		
1927	1	R-302		
1928	1	R-302		
1929	1	111		
1929	2	111		
1931	1	111		
1932	1	MODULE_01		
1932	2	MODULE_02		
1932	3	WVB_UREN		
1932	4	MODULE_03		
1932	5	MODULE_04		
1934	1	131		
1944	1	MODULE_01		
1944	2	MODULE_02		
1944	3	MODULE_03		
1944	4	MODULE_04		
1944	5	WVB_UREN		
1946	1	MODULE_1_WS1		
1946	2	MODULE_1_WS1		
1947	1	R-302		
1948	1	R-302		
2002	1			
2010	1	TG400		
2010	2	TG401		
2010	3	R-302		
2012	1	TG400		
2012	2	TG401		
2012	3	R-302		
2012	4	R-302		
2014	1	TG400		
2014	2	TG401		
2014	3	R-501		
2016	1	TG400		
2016	2	TG401		
2016	3	R-501		
2022	1			
2025	1	MODULE_01		
2025	2	MODULE_02		
2025	3	MODULE_03		
2025	4	MODULE_04		
2025	5	MODULE_01		
2025	6	MODULE_02		
2025	7	MODULE_03		
2025	8	MODULE_04		
2026	1	MODULE_01		
2026	2	MODULE_02		
2026	3	WVB_UREN		
2026	4	MODULE_03		
2026	5	MODULE_04		
2075	1	MODULE_01		
2075	2	MODULE_02		
2075	3	WVB_UREN		
2075	4	MODULE_03		
2075	5	MODULE_04		
2082	1	TG400		
2082	2	TG401		
2082	3	R-302		
2084	1	TG400		
2084	2	TG401		
2084	3	R-302		
2086	1	TG400		
2086	2	TG401		
2086	3	R-501		
2088	1	TG400		
2088	2	TG401		
2088	3	R-501		
2094	1	TG400		
2094	2	TG401		
2094	3	R-302		
2095	1	TG400		
2095	2	TG401		
2095	3	R-501		
2096	1	TG400		
2096	2	TG401		
2096	3	R-501		
2120	1	MODULE_01		
2120	2	MODULE_02		
2120	3	WVB_UREN		
2120	4	MODULE_03		
2120	5	MODULE_04		
2121	1	TG400		
2121	2	TG401		
2121	3	R-302		
2122	1	TG400		
2122	2	TG401		
2122	3	R-302		
2179	1			
2181	1	51		
2181	2	54		
2181	3	53		
2259	1			
2319	1	1005		
2341	1			
2476	1	1016		
2599	1	1013		
2599	2	1013		
2599	3			
2605	1	162		
2605	2	167		
2605	3	51		
2605	4	54		
2605	5	53		
2605	6	162		
2605	7			
2605	8			
2620	1	51		
2620	2	54		
2620	3	53		
2620	4			
2639	1	51		
2639	2	54		
2639	3	53		
2639	4			
2659	1	51		
2659	2	54		
2659	4			
2719	1	1005		
2759	1	54		
2779	1	141		
2781	1	51		
2781	2	54		
2782	1	51		
2782	2	54		
2782	3			
2820	1	111		
2839	1	1005		
2839	2			
2840	1	111		
2843	1	111		
2859	1	1005		
2859	2			
2861	1	111		
2879	1	1005		
2879	2			
2899	1	111		
2959	1	1005		
2959	2	51		
2959	3	54		
2959	4	53		
2980	1	55		
2980	2	51		
3040	1	52		
3097	1	1005		
4759	1	141		
4780	1	141		
4799	1	141		
4847	1	371		
4847	2	372		
4847	3	373		
4847	4	373		
4879	1	371		
4879	2	372		
4879	3	373		
4879	4	373		
4945	1	371		
4945	2	372		
4945	3	373		
4945	4	374		
4956	1	371		
4956	2	372		
4956	3	373		
4956	4	374		
5018	1	141		
5038	1	141		
5058	1	141		
5078	1	RM13	4500000265	10
5098	1	1005		
5098	2	1008		
5099	1	1005		
5099	2	1005		
5101	1	111		
5187	1	T20022123		
5187	2	T20022123		
5187	3	T20022123		
5187	4	T20022123		
5195	1	T20022123		
5238	1	1008		
5258	1	54		
5318	1			
5420	1	1006		
5420	2	55		
5420	3	1006		
5420	4	55		
5430	1	55		
5430	2	352		
5430	3	55		
5430	4	352		
5432	1	91		
5432	2	164		
5432	3	164		
5432	4	91		
5432	5	91		
5432	6	91		
5432	7	91		
5449	1	164		
5451	1	164		
5452	1	164		
5454	1	164		
5466	1	411		
5466	2	411		
5467	1	411		
5468	1	411		
5478	1	SG21		
5478	2	RM122		
5478	3	RM128		
5478	4	RM120		
5478	5	SG23		
5478	6	SG25		
5478	7	SG124		
5478	8	RM20		
5478	9	RM27		
5478	10	SG22		
5478	11	RM16		
5478	12	RM17		
5478	13	RM18		
5479	1	SG21		
5479	2	RM122		
5479	3	RM128		
5479	4	RM120		
5479	5	SG23		
5479	6	SG25		
5479	7	SG124		
5479	8	RM20		
5479	9	RM27		
5479	10	SG22		
5479	11	RM16		
5479	12	RM17		
5479	13	RM18		
5480	1	SG21		
5480	2	RM122		
5480	3	RM128		
5480	4	RM120		
5480	5	SG23		
5480	6	SG25		
5480	7	SG124		
5480	8	RM20		
5480	9	RM27		
5480	10	SG22		
5480	11	RM16		
5480	12	RM17		
5480	13	RM18		
5658	1	55		
5658	2	51		
5658	3			
5698	1	11		
5698	2			
5698	3	51		
5699	1			
5699	2	51		
5718	1	55		
5718	2	51		
5718	3	52		
5718	4	53		
5721	1	1005		
5721	2	421		
5721	3	421		
5721	4	1005		
5721	5	421		
5760	1	55		
5760	2	51		
5760	3			
5761	1	55		
5761	2	51		
5761	3			
5778	1	451		
5798	1	451		
5799	1	55		
5799	2	51		
5803	1	91		
5805	1	55		
5805	2	51		
5807	1	51		
5807	2			
5807	3	55		
5818	1	55		
5818	2			
5819	1	55		
5819	2			
5820	1	55		
5820	2			
5821	1	451		
5821	2	451		
5822	1	55		
5822	2			
5824	1	461		
5824	2	461		
5860	1	461		
5865	1	461		
5865	2	461		
5922	1	1010		
5922	2	471		
5923	1	471		
5926	1	461		
5926	2	461		
5938	1	461		
5938	2	461		
5942	1	461		
5945	1	461		
5946	1	461		
5947	1	461		
5951	1	461		
5952	1	442		
5952	2	442		
5952	3	442		
5983	1	461		
5984	1	111		
5989	1	111		
5990	1	461		
5992	1	461		
5992	2	461		
5993	1	461		
5993	2	442		
5994	1	461		
5994	2	442		
5995	1	442		
5995	2	461		
5996	1	461		
5996	2	442		
5997	1	461		
5997	2	442		
6000	1	54		
6001	1	54		
6002	1	442		
6002	2	442		
6002	3	442		
6003	1	461		
6007	1	54		
6008	1	54		
6023	1	111	4500000285	10
6024	1	1005		
6024	2	1008		
6024	3	1005		
6024	4			
6050	1	442		
6050	2	461		
6050	3	442		
6050	4	461		
6051	1	442		
6051	2	461		
6051	3	442		
6051	4	461		
6052	1	442		
6060	1	442		
6060	2	461		
6060	3	451		
6060	4	442		
6061	1	442		
6061	2	442		
6061	3	442		
6062	1	111		
6065	1	111	4500000290	10
6068	1	1005		
6068	2	1008		
6068	3	1005		
6077	1	111		
6078	1	111	4500000292	10
6079	1	111		
6080	1	111	4500000293	10
6081	1	461		
6081	2	442		
6085	1	55		
6085	2	51		
6087	1	461		
6087	2	461		
6092	1	442		
6093	1	442		
6093	2	461		
6093	3	442		
6093	4	461		
6158	1	1005		
6158	2	51		
6158	3	54		
6158	4	53		
6159	1	1005		
6159	2	51		
6159	3	54		
6159	4	53		
6160	1	1005		
6160	2	51		
6160	3	54		
6160	4	53		
6165	1	1005		
6165	2	51		
6165	3	54		
6165	4	53		
6170	1	1005		
6170	2	51		
6170	3	54		
6170	4	53		
6171	1	1005		
6171	2	51		
6171	3	54		
6171	4	53		
6180	1	1005		
6180	2	51		
6180	3	54		
6180	4	53		
6181	1	1005		
6181	2	51		
6181	3	54		
6181	4	53		
6182	1	1005		
6182	2	51		
6182	3	54		
6182	4	53		
6183	1	1005		
6183	2	51		
6183	3	54		
6183	4	53		
6185	1	1005		
6203	1	442		
6204	1	1005		
6204	2	1005		
6210	1	442		
6218	1	442		
6238	1	451		
6238	2	442		
6239	1	442		
6242	1	442		
6242	2	442		
6244	1	442		
6246	1	442		
6246	2	442		
6248	1	442		
6320	1	442		
6320	2	442		
6320	3	442		
6320	4	442		
6320	5	442		
6320	6	442		
12138	1	442		
12139	1	442		
12143	1	442		
12178	1	442		
12178	2	442		
12278	1	23		
12278	2	24		
12318	1	25		
12358	1	55		
12358	2	51		
12402	1	442		
12402	2	442		
12412	2	371		
13640	1	442		
13640	2	442		
13642	1	23		
13642	2	24		
13642	3	25		
13644	1	442		
13651	1	442		
13651	2	442		
13651	3	442		
13652	1	442		
13652	2	442		
13653	1	442		
13653	2	442		
13654	1	442		
13654	2	442		
13656	1	484		
13657	1	484		
13658	1	484		
13669	1	483		
13669	2	483		
13671	1	484		
13673	1	484		
13674	1	483		
16358	1	163		
16360	1	163		
16360	2	166		
16360	3	51		
16360	4			
16378	1	122		
16426	1			
16458	1	1005		
16458	2	51		
16458	3	54		
16458	4	53		
16459	1	1005		
16459	2	51		
16459	3	54		
16459	4	53		
16518	1	1000		
16518	2	1000		
16698	1	511		
16719	1	511		
16720	1	511		
16818	1	482		
16818	2	482		
16881	1	ZSG21		
16881	2	ZRM122		
17018	1	ZFG228		
17018	2	ZFG228		
17019	1	ZSG21		
17019	2	ZRM122		
17020	1	ZSG21		
17020	2	ZRM122		
17021	1	ZFG228		
17021	2	ZFG228		
17022	2	RM16		
17023	1	RM16		
17038	1	ZFG228		
17038	2	ZFG228		
17039	1	RM16		
17041	1	RM16		
17059	1	162		
17059	2	163		
17059	3	164		
17059	5			
17138	3	1005		
17138	4	1000		
17138	5			
17138	7	51		
17138	8	55		
17178	1	1005		
17178	2	1000		
17178	3			
17178	5	11		
17222	1	51		
17222	2	54		
17222	3	53		
17223	1	1005		
17223	2	51		
17223	3	54		
17223	4	53		
17224	1	1005		
17224	2	51		
17224	3	54		
17224	4	53		
17225	1	1005		
17225	2	51		
17225	3	54		
17225	4	53		
17226	1	1005		
17226	2	51		
17226	3	54		
17226	4	53		
17227	1	1005		
17227	2	51		
17227	3	54		
17227	4	53		
17228	1	1005		
17228	2	51		
17228	3	54		
17228	4	53		
17229	1	1005		
17229	2	51		
17229	3	54		
17229	4	53		
17230	1	1005		
17230	2	51		
17230	3	54		
17230	4	53		
17262	1	1005		
17262	2	51		
17262	3	54		
17262	4	53		
17263	1	1005		
17263	2	51		
17263	3	54		
17263	4	53		
17320	1	55		
17320	2	51		
17321	1	55		
17358	1	51		
17358	2	55		
17359	2	55		
17359	3			
17381	1	55		
17381	2			
17405	1	1005		
17405	2	51		
17405	3	54		
17405	4	53		
17406	1	1005		
17406	2	51		
17406	3	54		
17406	4	53		
17411	1	1005		
17578	1	169		
17798	2	742		
17827	1	RM124		
17838	1	742		
17838	2			
17902	1	SG29		
17902	2	RM20		
17903	1	SG29		
17903	2	RM20		
17904	1	RM124		
17905	1	RM124		
17921	1	1005		
17921	2	51		
17921	3	54		
17921	4	53		
17944	2	163		
17944	3	162		
17970	1	RM20		
17970	2	RM27		
17970	3	RM15		
17970	4	SG24		
17970	5	SG124		
17972	1	RM20		
17972	2	RM27		
17972	3	RM15		
17972	4	SG24		
17972	5	SG124		
17973	1	RM20		
17973	2	RM27		
17973	3	RM15		
17973	4	SG24		
17973	5	SG124		
17974	1	RM20		
17974	2	RM27		
17974	3	RM15		
17974	4	SG24		
17974	5	SG124		
17978	1	RM20		
17978	2	RM27		
17978	3	RM15		
17978	4	SG24		
17978	5	SG124		
18000	1	165		
18000	2	11		
18000	4	164		
18065	1	RM20		
18065	2	RM27		
18065	3	RM15		
18065	4	SG24		
18065	5	SG124		
18067	1	163		
18067	2	162		
18098	1	RM20		
18098	2	RM27		
18098	3	RM15		
18098	4	SG24		
18098	5	SG124		
18100	1	RM15		
18118	1	RM15		
18118	2	RM20		
18138	1	371		
18138	2	372		
18138	3	373		
18138	4	374		
18148	1	DMC_BODY_STANDARD		
18148	2	DMC_ALLEN_SCREW_ST		
18148	3	DMC_COVER_BLUE		
18148	4	DMC_ID_PLATE		
18188	1	852		
18188	2	853		
18188	3	854		
18188	4	855		
18188	5	856		
18188	6	857		
18189	1	852		
18189	2	853		
18189	3	854		
18189	4	855		
18189	5	856		
18189	6	857		
18190	1	852		
18190	2	853		
18190	3	854		
18190	4	855		
18190	5	856		
18190	6	857		
18228	1	DMC_BODY_STANDARD		
18228	2	DMC_ALLEN_SCREW_ST		
18228	3	DMC_COVER_BLUE		
18228	4	DMC_ID_PLATE		
18229	1	DMC_BODY_STANDARD		
18229	2	DMC_ALLEN_SCREW_ST		
18229	3	DMC_COVER_BLUE		
18229	4	DMC_ID_PLATE		
18288	1	DMC_BODY_STANDARD		
18288	2	DMC_ALLEN_SCREW_ST		
18288	3	DMC_COVER_BLUE		
18288	4	DMC_ID_PLATE		
18289	1	451		
18328	1	1001		
18348	3	55		
18349	1	55		
18371	3	SG29		
18371	4	SG29		
18371	5	SG21A		
18371	6	CONFIG_MAT_AVC		
18372	1	RM124		
18389	1	DMC_BODY_STANDARD		
18389	2	DMC_ALLEN_SCREW_ST		
18389	3	DMC_COVER_BLUE		
18389	4	DMC_ID_PLATE		
18390	1	RM15		
18391	1	ZSG21		
18391	2	ZRM122		
18392	1	DMC_BODY_STANDARD		
18392	2	DMC_ALLEN_SCREW_ST		
18392	3	DMC_COVER_BLUE		
18392	4	DMC_ID_PLATE		
18394	2	RM124		
18396	1	DMC_BODY_STANDARD		
18396	2	DMC_ALLEN_SCREW_ST		
18396	3	DMC_COVER_BLUE		
18396	4	DMC_ID_PLATE		
18397	1	DMC_BODY_STANDARD		
18397	2	DMC_ALLEN_SCREW_ST		
18397	3	DMC_COVER_BLUE		
18397	4	DMC_ID_PLATE		
18398	1	DMC_BODY_STANDARD		
18398	2	DMC_ALLEN_SCREW_ST		
18398	3	DMC_COVER_BLUE		
18398	4	DMC_ID_PLATE		
18408	1	DMC_BODY_STANDARD		
18408	2	DMC_ALLEN_SCREW_ST		
18408	3	DMC_COVER_BLUE		
18408	4	DMC_ID_PLATE		
18409	1	DMC_BODY_STANDARD		
18409	2	DMC_ALLEN_SCREW_ST		
18409	3	DMC_COVER_BLUE		
18409	4	DMC_ID_PLATE		
18428	1	DMC_BODY_STANDARD		
18428	2	DMC_ALLEN_SCREW_ST		
18428	3	DMC_COVER_BLUE		
18428	4	DMC_ID_PLATE		
18429	1	DMC_BODY_STANDARD		
18429	2	DMC_ALLEN_SCREW_ST		
18429	3	DMC_COVER_BLUE		
18429	4	DMC_ID_PLATE		
18430	1	DMC_BODY_STANDARD		
18430	2	DMC_ALLEN_SCREW_ST		
18430	3	DMC_COVER_BLUE		
18430	4	DMC_ID_PLATE		
18431	1	DMC_BODY_STANDARD		
18431	2	DMC_ALLEN_SCREW_ST		
18431	3	DMC_COVER_BLUE		
18431	4	DMC_ID_PLATE		
18432	1	DMC_BODY_STANDARD		
18432	2	DMC_ALLEN_SCREW_ST		
18432	3	DMC_COVER_BLUE		
18432	4	DMC_ID_PLATE		
18448	1	DMC_BODY_STANDARD		
18448	2	DMC_ALLEN_SCREW_ST		
18449	1	DMC_BODY_STANDARD		
18449	2	DMC_ALLEN_SCREW_ST		
18449	3	DMC_COVER_BLUE		
18449	4	DMC_ID_PLATE		
18450	1	DMC_BODY_STANDARD		
18450	2	DMC_ALLEN_SCREW_ST		
18450	3	DMC_COVER_BLUE		
18450	4	DMC_ID_PLATE		
18451	1	DMC_BODY_STANDARD		
18451	2	DMC_ALLEN_SCREW_ST		
18451	3	DMC_COVER_BLUE		
18451	4	DMC_ID_PLATE		
18452	1	DMC_BODY_STANDARD		
18452	2	DMC_ALLEN_SCREW_ST		
18452	3	DMC_COVER_BLUE		
18452	4	DMC_ID_PLATE		
18453	1	DMC_BODY_STANDARD		
18453	2	DMC_ALLEN_SCREW_ST		
18453	3	DMC_COVER_BLUE		
18453	4	DMC_ID_PLATE		
18468	1	DMC_BODY_STANDARD		
18468	2	DMC_ALLEN_SCREW_ST		
18469	1	DMC_BODY_STANDARD		
18469	2	DMC_ALLEN_SCREW_ST		
18470	1	DMC_BODY_STANDARD		
18470	2	DMC_ALLEN_SCREW_ST		
18471	1	DMC_BODY_STANDARD		
18471	2	DMC_ALLEN_SCREW_ST		
18472	1	DMC_BODY_STANDARD		
18472	2	DMC_ALLEN_SCREW_ST		
18488	1	DMC_BODY_STANDARD		
18488	2	DMC_ALLEN_SCREW_ST		
18489	1	DMC_BODY_STANDARD		
18489	2	DMC_ALLEN_SCREW_ST		
18490	1	DMC_BODY_STANDARD		
18490	2	DMC_ALLEN_SCREW_ST		
18491	1	DMC_BODY_STANDARD		
18491	2	DMC_ALLEN_SCREW_ST		
18495	1	DMC_BODY_STANDARD		
18495	2	DMC_ALLEN_SCREW_ST		
18495	3	DMC_COVER_BLUE		
18495	4	DMC_ID_PLATE		
18508	1	DMC_BODY_STANDARD		
18508	2	DMC_ALLEN_SCREW_ST		
18509	1	DMC_BODY_STANDARD		
18509	2	DMC_ALLEN_SCREW_ST		
18510	1	DMC_BODY_STANDARD		
18510	2	DMC_ALLEN_SCREW_ST		
18511	1	DMC_BODY_STANDARD		
18511	2	DMC_ALLEN_SCREW_ST		
18529	1	DMC_BODY_STANDARD		
18529	2	DMC_ALLEN_SCREW_ST		
18553	1	RM15		
18553	2	RM20		
18568	1	RM15		
18568	2	RM20		
18569	1	RM15		
18569	2	RM20		
18570	1	RM15		
18570	2	RM20		
18571	1	RM15		
18571	2	RM20		
18588	1	RM15		
18588	2	RM20		
18608	1	RM15		
18608	2	RM20		
18609	1	RM15		
18609	2	RM20		
18610	1	RM15		
18610	2	RM20		
18628	1	DMC_BODY_STANDARD		
18628	2	DMC_ALLEN_SCREW_ST		
18630	1	DMC_BODY_STANDARD		
18630	2	DMC_ALLEN_SCREW_ST		
18630	3	DMC_COVER_BLUE		
18630	4	DMC_ID_PLATE		
18631	1	DMC_BODY_STANDARD		
18631	2	DMC_ALLEN_SCREW_ST		
18632	1	DMC_BODY_STANDARD		
18632	2	DMC_ALLEN_SCREW_ST		
18634	1	RM15		
18634	2	RM20		
18637	1	DMC_BODY_STANDARD		
18637	2	DMC_ALLEN_SCREW_ST		
18638	1	DMC_BODY_STANDARD		
18638	2	DMC_ALLEN_SCREW_ST		
18639	1	DMC_BODY_STANDARD		
18639	2	DMC_ALLEN_SCREW_ST		
18640	1	DMC_BODY_STANDARD		
18640	2	DMC_ALLEN_SCREW_ST		
18641	1	DMC_BODY_STANDARD		
18641	2	DMC_ALLEN_SCREW_ST		
18642	1	DMC_BODY_STANDARD		
18642	2	DMC_ALLEN_SCREW_ST		
18643	1	DMC_BODY_STANDARD		
18643	2	DMC_ALLEN_SCREW_ST		
18644	1	DMC_BODY_STANDARD		
18644	2	DMC_ALLEN_SCREW_ST		
18645	1	DMC_BODY_STANDARD		
18645	2	DMC_ALLEN_SCREW_ST		
18648	1	DMC_BODY_STANDARD		
18648	2	DMC_ALLEN_SCREW_ST		
18650	1	DMC_BODY_STANDARD		
18650	2	DMC_ALLEN_SCREW_ST		
18668	1	DMC_BODY_STANDARD		
18668	2	DMC_ALLEN_SCREW_ST		
18669	1	DMC_BODY_STANDARD		
18669	2	DMC_ALLEN_SCREW_ST		
18689	1	RM15		
18690	1	DMC_BODY_STANDARD		
18690	2	DMC_ALLEN_SCREW_ST		
18691	1	DMC_BODY_STANDARD		
18691	2	DMC_ALLEN_SCREW_ST		
18692	1	DMC_BODY_STANDARD		
18692	2	DMC_ALLEN_SCREW_ST		
18693	1	RM15		
18695	1	DMC_BODY_STANDARD		
18695	2	DMC_ALLEN_SCREW_ST		
18728	1	DMC_BODY_STANDARD		
18728	2	DMC_ALLEN_SCREW_ST		
18748	1	DMC_BODY_STANDARD		
18748	2	DMC_ALLEN_SCREW_ST		
18749	1	DMC_BODY_STANDARD		
18749	2	DMC_ALLEN_SCREW_ST		
18750	1	DMC_BODY_STANDARD		
18750	2	DMC_ALLEN_SCREW_ST		
18751	1	DMC_BODY_STANDARD		
18751	2	DMC_ALLEN_SCREW_ST		
18752	1	DMC_BODY_STANDARD		
18752	2	DMC_ALLEN_SCREW_ST		
18768	1	DMC_BODY_STANDARD		
18768	2	DMC_ALLEN_SCREW_ST		
18769	1	DMC_BODY_STANDARD		
18769	2	DMC_ALLEN_SCREW_ST		
18770	1	DMC_BODY_STANDARD		
18770	2	DMC_ALLEN_SCREW_ST		
18771	1	DMC_BODY_STANDARD		
18771	2	DMC_ALLEN_SCREW_ST		
18772	1	DMC_BODY_STANDARD		
18772	2	DMC_ALLEN_SCREW_ST		
18773	1	DMC_BODY_STANDARD		
18773	2	DMC_ALLEN_SCREW_ST		
18774	1	DMC_BODY_STANDARD		
18774	2	DMC_ALLEN_SCREW_ST		
18775	1	DMC_BODY_STANDARD		
18775	2	DMC_ALLEN_SCREW_ST		
18776	1	DMC_BODY_STANDARD		
18776	2	DMC_ALLEN_SCREW_ST		
18777	1	DMC_BODY_STANDARD		
18777	2	DMC_ALLEN_SCREW_ST		
18778	1	DMC_BODY_STANDARD		
18778	2	DMC_ALLEN_SCREW_ST		
18779	1	DMC_BODY_STANDARD		
18779	2	DMC_ALLEN_SCREW_ST		
18780	1	DMC_BODY_STANDARD		
18780	2	DMC_ALLEN_SCREW_ST		
18781	1	DMC_BODY_STANDARD		
18781	2	DMC_ALLEN_SCREW_ST		
18789	1	DMC_BODY_STANDARD		
18789	2	DMC_ALLEN_SCREW_ST		
18791	1	DMC_BODY_STANDARD		
18791	2	DMC_ALLEN_SCREW_ST		
18792	1	DMC_BODY_STANDARD		
18792	2	DMC_ALLEN_SCREW_ST		
18794	1	DMC_BODY_STANDARD		
18794	2	DMC_ALLEN_SCREW_ST		
18808	1	DMC_BODY_STANDARD		
18808	2	DMC_ALLEN_SCREW_ST		
18811	1	DMC_BODY_STANDARD		
18811	2	DMC_ALLEN_SCREW_ST		
18812	1	DMC_BODY_STANDARD		
18812	2	DMC_ALLEN_SCREW_ST		
18813	1	DMC_BODY_STANDARD		
18813	2	DMC_ALLEN_SCREW_ST		
18814	1	DMC_BODY_STANDARD		
18814	2	DMC_ALLEN_SCREW_ST		
18815	1	DMC_BODY_STANDARD		
18815	2	DMC_ALLEN_SCREW_ST		
18816	1	DMC_BODY_STANDARD		
18816	2	DMC_ALLEN_SCREW_ST		
18828	1	DMC_BODY_STANDARD		
18828	2	DMC_ALLEN_SCREW_ST		
18848	1	371		
18848	2	372		
18848	3	373		
18848	4	374		
18849	1	DMC_BODY_STANDARD		
18849	2	DMC_ALLEN_SCREW_ST		
18868	1	371		
18868	2	372		
18868	3	373		
18868	4	374		
18869	1	371		
18869	2	372		
18869	3	373		
18869	4	374		
18870	1	371		
18870	2	372		
18870	3	373		
18870	4	374		
18871	1	371		
18871	2	372		
18871	3	373		
18871	4	374		
18872	1	371		
18872	2	372		
18872	3	373		
18872	4	374		
18873	1	371		
18873	2	372		
18873	3	373		
18873	4	374		
18874	1	371		
18874	2	372		
18874	3	373		
18874	4	374		
18875	1	371		
18875	2	372		
18875	3	373		
18875	4	374		
18876	1	371		
18876	2	372		
18876	3	373		
18876	4	374		
18880	1	1201		
18881	1	1202		
18881	2	1203		
18881	3	1204		
18897	1	1202		
18897	2	1203		
18897	3	1204		
18899	1	SG29		
18899	2	SG21A		
18918	1	SG27		
18959	1	RM15		
18959	2	RM20		
18960	1	DMC_BODY_STANDARD		
18960	2	DMC_ALLEN_SCREW_ST		
18961	1	DMC_BODY_STANDARD		
18961	2	DMC_ALLEN_SCREW_ST		
18978	1	DMC_BODY_STANDARD		
18978	2	DMC_ALLEN_SCREW_ST		
18979	1	DMC_BODY_STANDARD		
18979	2	DMC_ALLEN_SCREW_ST		
18980	1	RM15		
18980	2	RM20		
18981	1	DMC_BODY_STANDARD		
18981	2	DMC_ALLEN_SCREW_ST		
18982	1	DMC_BODY_STANDARD		
18982	2	DMC_ALLEN_SCREW_ST		
18983	1	RM15		
18983	2	RM20		
18998	1	165		
18998	2	167		
18998	3	35		
19018	1	35		
19038	1	DMC_BODY_STANDARD		
19038	2	DMC_ALLEN_SCREW_ST		
19198	1			
19198	2			
19198	3			
19219	1			
19300	1	RM17		
19301	1	RM17		
19302	1	RM17		
19309	1	RM17		
19309	2	RM20		
19310	1	RM17		
19310	2	RM20		
19310	3	RM13		
19506	1	1005		
19506	2	51		
19506	3	54		
19506	4	53		
19507	1	1005		
19507	2	51		
19507	3	54		
19507	4	53		
19511	1	1005		
19511	2	51		
19511	3	54		
19511	4	53		
19512	1	1005		
19512	2	51		
19512	3	54		
19512	4	53		
19516	1	1005		
19516	2	51		
19516	3	54		
19516	4	53		
19600	1	1834		
19600	2	1961		
19601	1	1834		
19601	2	1961		
19712	1	1022		
19877	1	1871		
19877	2	1870		
19878	1	1851		
19878	2	1852		
19878	3	1868		
19878	4	1876		
19878	5	1877		
19879	1	1853		
19879	2	1854		
19879	3	1855		
19879	4	1856		
19879	5	1857		
19879	6	1858		
19879	7	1859		
19879	8	1930		
19880	1	1853		
19880	2	1854		
19880	3	1855		
19880	4	1856		
19880	5	1857		
19880	6	1858		
19880	7	1859		
19880	8	1930		
19882	1	1870		
19882	2	1851		
19882	3	1852		
19882	4	1868		
19882	5	1871		
19882	6	1876		
19882	7	1853		
19882	8	1854		
19882	9	1855		
19882	10	1856		
19882	11	1857		
19882	12	1858		
19882	13	1859		
19882	14	1930		
19882	15	1877		
19882	16	1853		
19882	17	1854		
19882	18	1855		
19882	19	1856		
19882	20	1857		
19882	21	1858		
19882	22	1859		
19882	23	1930		
19884	1	1870		
19884	2	1851		
19884	3	1852		
19884	4	1868		
19884	5	1871		
19884	6	1876		
19884	7	1853		
19884	8	1854		
19884	9	1855		
19884	10	1856		
19884	11	1857		
19884	12	1858		
19884	13	1859		
19884	14	1930		
19884	15	1877		
19884	16	1853		
19884	17	1854		
19884	18	1855		
19884	19	1856		
19884	20	1857		
19884	21	1858		
19884	22	1859		
19884	23	1930		
19886	1	1870		
19886	2	1851		
19886	3	1852		
19886	4	1868		
19886	5	1871		
19886	6	1876		
19886	7	1853		
19886	8	1854		
19886	9	1855		
19886	10	1856		
19886	11	1857		
19886	12	1858		
19886	13	1859		
19886	14	1930		
19886	15	1877		
19886	16	1853		
19886	17	1854		
19886	18	1855		
19886	19	1856		
19886	20	1857		
19886	21	1858		
19886	22	1859		
19886	23	1930		
20208	1	2196		
20208	2	2197		
20208	3	2198		
20208	4	2199		
20208	5	2200		
20208	6	2201		
20208	7	2202		
20213	1	2196		
20213	2	2197		
20213	3	2198		
20213	4	2199		
20213	5	2200		
20213	6	2201		
20213	7	2202		
20219	1	2196		
20219	2	2197		
20219	3	2198		
20219	4	2199		
20219	5	2200		
20219	6	2201		
20219	7	2202		
20253	1	2197		
20253	2	2200		
20253	3	2202		
20378	1	RM15		
20378	2	RM16		
20538	1	TG401		
20538	2	54		
20538	3	131		
20538	4	51		
20538	5	TG402		
20541	1	TG401		
20544	1	11		
20544	2	58		
20544	3	161		
20546	1	54		
20558	1	TG401		
20558	2	43		
20598	1	54		
20598	2	101		
20598	3	164		
20598	4	43		
20599	1	54		
20599	2	164		
20599	3	43		
20599	4	51		
20601	1	43		
20601	2	58		
20601	3	55		
20601	4	54		
20601	5	SM0001		
20818	1	163		
20818	2	54		
20818	3	43		
20858	1	1022		
20858	2	1022		
20858	3	1022		
20880	1	1022		
20918	2	166		
20941	1	1022		
20969	1	SG21		
20969	2	SG22		
20969	3	RM122		
20969	4	RM128		
20969	5	RM120		
20969	6	SG23		
20969	7	SG25		
20969	8	SG224		
20969	9	RM27		
20970	1	SG21		
20970	2	SG22		
20970	3	RM122		
20970	4	RM128		
20970	5	RM120		
20970	6	SG23		
20970	7	SG25		
20970	8	SG224		
20970	9	RM27		
20971	1	SG21		
20971	2	SG22		
20971	3	RM122		
20971	4	RM128		
20971	5	RM120		
20971	6	SG23		
20971	7	SG25		
20971	8	SG224		
20971	9	RM27		
20972	1	RM15		
20972	2	RM20		
20975	1	1005		
20976	1	1022		
21022	1	55		
21204	1	RM122		
21204	2	RM128		
21204	3			
21238	1	1005		
21238	2	1010		
21365	1	1005		
21365	2	162		
21405	1	SG21		
21405	2	SG22		
21405	3	RM122		
21405	4	RM128		
21405	5	RM120		
21405	6	SG23		
21405	7	SG25		
21405	8	SG224		
21405	9	RM27		
21420	1	55		
21420	2	51		
21439	1	2608		
21439	2	2604		
21439	3	2609		
21478	1	2608		
21478	2	2604		
21478	3	2609		
21518	1	RM20		
21518	2	RM15		
21518	3	RM17		
21518	4	RM12		
21519	1	RM20		
21519	2	RM15		
21519	3	RM17		
21519	4	RM12		
21540	1	2633		
21540	2	2635		
21544	1	2608		
21544	2	2604		
21544	3	2609		
21554	1	2608		
21554	2	2604		
21554	3	2609		
21555	1	2608		
21555	2	2604		
21555	3	2609		
21557	1	2608		
21557	2	2604		
21557	3	2609		
21559	1	2634		
21559	2	2635		
21561	1	2608		
21561	2	2604		
21561	3	2609		
21580	1	2656		
21580	2	2652		
21580	3	2657		
21596	1	2604		
21596	2	2608		
21596	3	2609		
21660	1	24		
