RSNUM	USNAM	BWART
5	User_055	261
6	User_055	261
21	User_055	261
22		221
43		221
44		221
47		221
49	User_056	222
50	User_016	261
51	User_016	261
53	User_016	261
54	User_016	261
55	User_016	261
57	User_016	261
58	User_016	261
59	User_016	261
60	User_016	261
61	User_001	261
62	User_001	261
63	User_001	261
64	User_001	261
65	User_001	261
66	User_001	261
67	User_001	261
68	User_001	261
69	User_001	261
70		221
71		221
73		221
74		221
75		221
81	User_055	261
102	User_002	281
121	User_002	281
122	User_002	281
141	User_002	281
142	User_002	281
143	User_002	281
161		221
162	User_002	281
163	User_002	281
181	User_002	281
184		221
185		221
188	User_018	261
190	User_003	261
191		221
192		221
193	User_003	261
194	User_004	261
195		221
196	User_010	261
197	User_003	261
199	User_010	261
209	User_010	281
210	User_010	261
211	User_010	261
221		221
222		221
223	User_004	222
226		221
228	User_024	261
243	User_009	261
244	User_024	261
245	User_009	261
246	User_024	261
247	User_009	261
248	User_024	261
249		221
250	User_002	281
251		221
252	User_024	261
253	User_024	261
254	User_024	261
255	User_024	261
256	User_009	261
261	User_024	261
262	User_009	261
266	User_009	261
267	User_009	261
268	User_009	261
269	User_009	261
270		221
273	User_009	261
274	User_009	261
275	User_009	261
276	User_009	261
277	User_009	261
278	User_009	261
279	User_009	261
280	User_009	261
281	User_009	261
282	User_009	261
283	User_009	261
285	User_002	281
286	User_009	261
287	User_009	261
288	User_009	261
289	User_009	261
291	User_009	261
292	User_009	261
301	User_009	261
302	User_009	261
303	User_009	261
305	User_004	261
342	User_024	261
345	User_025	261
346	User_002	281
347	User_002	281
348	User_024	261
349	User_024	261
350	User_025	261
351	User_025	261
352	User_024	261
361	User_024	261
362	User_025	261
363	User_025	261
364	User_025	261
365	User_025	261
366	User_025	261
367	User_025	261
368	User_025	261
383	User_006	261
404	User_026	261
406	User_009	261
407	User_026	261
424	User_002	281
448	User_009	261
464	User_009	261
467	User_009	261
484	User_025	261
504	User_025	261
505	User_002	281
506	User_025	261
507	User_025	261
508	User_025	261
509	User_002	281
524	User_024	261
545	User_002	281
547	User_057	261
548	User_057	261
549	User_057	261
550	User_024	261
551	User_024	261
552	User_024	261
553	User_024	261
554	User_024	261
555	User_024	261
557	User_024	261
558	User_024	261
559	User_024	261
560	User_057	261
561	User_057	261
562	User_057	261
565	User_057	261
566	User_057	261
568	User_057	261
584	User_057	261
586	User_057	261
587	User_057	261
588	User_057	261
589	User_057	261
591	User_057	261
592	User_057	261
593	User_057	261
594	User_057	261
595	User_057	261
598	User_057	261
600	User_025	261
605	User_008	261
607	User_007	261
608	User_007	261
612	User_025	261
614	User_025	261
618	User_025	261
619	User_025	261
620	User_002	281
622	User_025	261
624	User_025	261
625	User_025	261
626	User_024	261
627	User_057	261
646	User_057	261
647	User_008	261
651	User_067	281
652	User_067	281
665	User_067	281
668	User_067	281
672	User_008	261
673	User_008	261
684	User_008	261
726	User_008	261
745	User_008	261
746	User_008	261
764	User_008	261
771	User_024	261
774	User_024	261
777	User_024	261
778	User_024	261
781	User_057	261
782	User_057	261
784	User_057	261
789	User_009	261
790	User_057	261
791	User_057	261
804	User_057	261
805	User_057	261
809	User_057	261
813	User_057	261
814	User_057	261
825	User_057	261
846	User_009	261
848	User_024	261
849	User_024	261
850	User_024	261
853	User_009	261
856	User_025	261
857	User_057	261
859	User_057	261
860	User_057	261
869	User_025	261
871	User_009	261
891	User_009	261
892	User_009	261
898	User_009	261
909	User_025	261
910	User_025	261
911	User_025	261
912	User_025	261
913	User_025	261
914	User_025	261
929	User_025	261
930	User_025	261
933	User_009	261
935	User_025	261
937	User_025	261
954	User_009	261
961	User_010	261
970	User_009	261
971	User_009	261
972	User_009	261
973	User_009	261
990	User_025	261
993	User_008	261
996	User_010	261
1009	User_024	261
1010	User_025	261
1011	User_025	261
1012	User_008	261
1015	User_008	261
1016	User_024	261
1021	User_024	261
1022	User_024	261
1023	User_008	261
1029	User_025	261
1037	User_025	261
1039	User_025	261
1040	User_025	261
1049	User_095	261
1069	User_010	261
1089	User_010	261
1109	User_025	261
1129	User_025	261
1130	User_025	261
1131	User_010	261
1132	User_096	261
1139	User_010	261
1140	User_025	261
1141	User_010	261
1142	User_010	261
1143	User_010	261
1144	User_025	261
1145	User_025	261
1149	User_029	261
1150	User_029	261
1169	User_024	261
1170	User_024	261
1171	User_024	261
1189	User_097	261
1233	User_001	281
1234	User_001	281
1236	User_001	281
1237	User_001	281
1238	User_001	281
1239	User_001	281
1240	User_095	261
1252	User_001	281
1253	User_001	261
1291	User_001	261
1293	User_034	261
1294	User_001	261
1295	User_024	261
1296	User_024	261
1297	User_024	261
1298	User_024	261
1337	User_010	261
1338	User_061	261
1339	User_061	261
1340	User_061	261
1341	User_061	261
1342	User_061	261
1343	User_061	261
1344	User_061	261
1345	User_061	261
1346	User_061	261
1347	User_061	261
1348	User_010	261
1349	User_010	261
1350	User_010	261
1351	User_010	261
1352	User_010	261
1353	User_010	261
1357	User_061	261
1367	User_061	261
1370	User_061	261
1371	User_061	261
1372	User_061	261
1415	User_029	261
1416	User_029	261
1435	User_028	261
1455		221
1456	User_017	222
1475		221
1476	User_017	222
1495	User_098	261
1515	User_024	261
1517	User_024	261
1519	User_024	261
1520	User_024	261
1521	User_024	261
1535	User_024	261
1536	User_024	261
1537	User_024	261
1538	User_024	261
1555	User_024	261
1556	User_024	261
1557	User_029	261
1596	User_028	261
1615	User_028	261
1635	User_010	261
1636	User_029	261
1675	User_060	261
1695	User_033	261
1716	User_030	261
1735	User_030	261
1736	User_030	261
1737	User_030	261
1755	User_033	261
1757	User_033	261
1758	User_033	261
1759	User_033	261
1760	User_031	261
1775	User_030	261
1776	User_030	261
1777	User_030	261
1778	User_030	261
1780	User_030	261
1787	User_030	261
1788	User_030	261
1789	User_025	261
1790	User_030	261
1791	User_030	261
1792	User_030	261
1793	User_030	261
1794	User_030	261
1795	User_025	261
1796	User_025	261
1797	User_030	261
1798	User_033	261
1799	User_030	261
1800	User_033	261
1801	User_031	261
1802	User_002	281
1803	User_002	281
1813	User_030	261
1831	User_002	261
1834	User_025	261
1845	User_002	261
1848	User_002	261
1853	User_002	261
1855	User_002	261
1856	User_002	261
1857	User_002	261
1861	User_002	261
1862	User_002	261
1863	User_002	261
1875	User_030	261
1876	User_030	261
1881	User_002	261
1892	User_002	281
1929	User_030	261
1930	User_030	261
1931	User_030	261
1932	User_002	281
1933	User_002	281
1934	User_030	261
1944	User_002	281
1945	User_002	281
1946	User_001	261
1947	User_001	261
1948	User_001	261
2010	User_002	261
2012	User_002	261
2014	User_002	261
2016	User_002	261
2025	User_001	281
2026	User_001	281
2075	User_002	281
2082	User_002	261
2084	User_002	261
2086	User_002	261
2088	User_002	261
2104	User_010	261
2105	User_010	261
2106	User_010	261
2107	User_025	261
2108	User_025	261
2109	User_025	261
2110	User_024	261
2111	User_002	281
2120	User_001	281
2122	User_001	261
2159	User_002	281
2160	User_002	281
2179	User_025	261
2180	User_025	261
2181	User_029	261
2182	User_002	281
2199	User_002	281
2200	User_002	281
2201	User_002	281
2221	User_025	261
2239	User_067	261
2240	User_067	261
2259	User_067	261
2279	User_002	281
2319	User_026	261
2339	User_025	261
2340	User_025	261
2341	User_025	261
2359	User_061	261
2379	User_025	261
2380	User_061	261
2381	User_061	261
2382	User_061	261
2439	User_061	261
2440	User_061	261
2459	User_061	261
2460	User_061	261
2475	User_061	261
2476	User_025	261
2477	User_025	261
2519	User_039	261
2541	User_033	261
2542	User_025	261
2559	User_039	261
2599	User_025	261
2600	User_032	261
2601	User_032	261
2604	User_032	261
2605	User_032	261
2620	User_032	261
2639	User_032	261
2659	User_032	261
2660	User_032	261
2679	User_032	261
2680	User_032	261
2719	User_011	261
2739	User_061	261
2759	User_011	261
2779	User_033	261
2780	User_011	261
2781	User_032	261
2782	User_032	261
2783	User_032	261
2799	User_032	261
2800	User_032	261
2819	User_011	261
2820	User_011	261
2839	User_011	261
2840	User_011	261
2841	User_011	261
2843	User_011	261
2859	User_011	261
2860	User_011	261
2861	User_011	261
2879	User_011	261
2880	User_011	261
2899	User_011	261
2939	User_011	261
2959	User_011	261
2963	User_011	261
2964	User_099	261
2980	User_011	261
2981	User_011	261
3008	User_011	261
3009	User_011	261
3010	User_011	261
3011	User_011	261
3012	User_011	261
3013	User_011	261
3014	User_011	261
3019	User_061	261
3039	User_025	261
3040	User_025	261
3041	User_025	261
3060	User_011	261
3061	User_011	261
3062	User_011	261
3094	User_100	261
3095	User_011	261
3096	User_011	261
3097	User_011	261
3098	User_100	261
3099	User_025	261
3100	User_025	261
3101	User_025	261
3119	User_025	261
3120	User_025	261
3121	User_025	261
3122	User_025	261
3124	User_025	261
3125	User_025	261
3126	User_025	261
3127	User_025	261
3128	User_025	261
3139	User_061	261
3140	User_061	261
3141	User_061	261
3142	User_024	261
3143	User_024	261
3144	User_024	261
3145	User_024	261
3146	User_024	261
3147	User_024	261
3148	User_024	261
3149	User_024	261
3150	User_024	261
3151	User_024	261
3152	User_024	261
3153	User_024	261
3154	User_024	261
3155	User_024	261
3156	User_024	261
3157	User_024	261
3158	User_024	261
3159	User_024	261
3160	User_024	261
3161	User_024	261
3162	User_024	261
3163	User_024	261
3164	User_024	261
3165	User_024	261
3166	User_024	261
3167	User_024	261
3168	User_024	261
3169	User_024	261
3170	User_024	261
3171	User_024	261
3172	User_024	261
3173	User_024	261
3174	User_024	261
3175	User_024	261
3176	User_024	261
3177	User_024	261
3178	User_024	261
3179	User_024	261
3180	User_024	261
3181	User_024	261
3182	User_024	261
3183	User_024	261
3184	User_024	261
3185	User_024	261
3186	User_024	261
3187	User_024	261
3188	User_024	261
3189	User_024	261
3190	User_024	261
3191	User_024	261
3192	User_024	261
3193	User_024	261
3194	User_024	261
3195	User_024	261
3196	User_024	261
3197	User_024	261
3198	User_024	261
3199	User_024	261
3200	User_024	261
3201	User_024	261
3202	User_024	261
3203	User_024	261
3204	User_024	261
3205	User_024	261
3206	User_024	261
3207	User_024	261
3208	User_024	261
3209	User_024	261
3210	User_024	261
3211	User_024	261
3212	User_024	261
3213	User_024	261
3214	User_024	261
3215	User_024	261
3216	User_024	261
3217	User_024	261
3218	User_024	261
3219	User_024	261
3220	User_024	261
3221	User_024	261
3222	User_024	261
3223	User_024	261
3224	User_024	261
3225	User_024	261
3226	User_024	261
3227	User_024	261
3228	User_024	261
3229	User_024	261
3230	User_024	261
3231	User_024	261
3232	User_024	261
3233	User_024	261
3234	User_024	261
3235	User_024	261
3236	User_024	261
3237	User_024	261
3238	User_024	261
3239	User_024	261
3240	User_024	261
3241	User_024	261
3242	User_024	261
3243	User_024	261
3244	User_024	261
3245	User_024	261
3246	User_024	261
3247	User_024	261
3248	User_024	261
3249	User_024	261
3250	User_024	261
3251	User_024	261
3252	User_024	261
3253	User_024	261
3254	User_024	261
3255	User_024	261
3256	User_024	261
3257	User_024	261
3258	User_024	261
3259	User_024	261
3260	User_024	261
3261	User_024	261
3262	User_024	261
3263	User_024	261
3264	User_024	261
3265	User_024	261
3266	User_024	261
3267	User_024	261
3268	User_024	261
3269	User_024	261
3270	User_024	261
3271	User_024	261
3272	User_024	261
3273	User_024	261
3274	User_024	261
3275	User_024	261
3276	User_024	261
3277	User_024	261
3278	User_024	261
3279	User_024	261
3280	User_024	261
3281	User_024	261
3282	User_024	261
3283	User_024	261
3284	User_024	261
3285	User_024	261
3286	User_024	261
3287	User_024	261
3288	User_024	261
3289	User_024	261
3290	User_024	261
3291	User_024	261
3292	User_024	261
3293	User_024	261
3294	User_024	261
3295	User_024	261
3296	User_024	261
3297	User_024	261
3298	User_024	261
3299	User_024	261
3300	User_024	261
3301	User_024	261
3302	User_024	261
3303	User_024	261
3304	User_024	261
3305	User_024	261
3306	User_024	261
3307	User_024	261
3308	User_024	261
3309	User_024	261
3310	User_024	261
3311	User_024	261
3312	User_024	261
3313	User_024	261
3314	User_024	261
3315	User_024	261
3316	User_024	261
3317	User_024	261
3318	User_024	261
3319	User_024	261
3320	User_024	261
3321	User_024	261
3322	User_024	261
3323	User_024	261
3324	User_024	261
3325	User_024	261
3326	User_024	261
3327	User_024	261
3328	User_024	261
3329	User_024	261
3330	User_024	261
3331	User_024	261
3332	User_024	261
3333	User_024	261
3334	User_024	261
3335	User_024	261
3336	User_024	261
3337	User_024	261
3338	User_024	261
3339	User_024	261
3340	User_024	261
3341	User_024	261
3342	User_024	261
3343	User_024	261
3344	User_024	261
3345	User_024	261
3346	User_024	261
3347	User_024	261
3348	User_024	261
3349	User_024	261
3350	User_024	261
3351	User_024	261
3352	User_024	261
3353	User_024	261
3354	User_024	261
3355	User_024	261
3356	User_024	261
3357	User_024	261
3358	User_024	261
3359	User_024	261
3360	User_024	261
3361	User_024	261
3362	User_024	261
3363	User_024	261
3364	User_024	261
3365	User_024	261
3366	User_024	261
3367	User_024	261
3368	User_024	261
3369	User_024	261
3370	User_024	261
3371	User_024	261
3372	User_024	261
3373	User_024	261
3374	User_024	261
3375	User_024	261
3376	User_024	261
3377	User_024	261
3378	User_024	261
3379	User_024	261
3380	User_024	261
3381	User_024	261
3382	User_024	261
3383	User_024	261
3384	User_024	261
3385	User_024	261
3386	User_024	261
3387	User_024	261
3388	User_024	261
3389	User_024	261
3390	User_024	261
3391	User_024	261
3392	User_024	261
3393	User_024	261
3394	User_024	261
3395	User_024	261
3396	User_024	261
3397	User_024	261
3398	User_024	261
3399	User_024	261
3400	User_024	261
3401	User_024	261
3402	User_024	261
3403	User_024	261
3404	User_024	261
3405	User_024	261
3406	User_024	261
3407	User_024	261
3408	User_024	261
3409	User_024	261
3410	User_024	261
3411	User_024	261
3412	User_024	261
3413	User_024	261
3414	User_024	261
3415	User_024	261
3416	User_024	261
3417	User_024	261
3418	User_024	261
3419	User_024	261
3420	User_024	261
3421	User_024	261
3422	User_024	261
3423	User_024	261
3424	User_024	261
3425	User_024	261
3426	User_024	261
3427	User_024	261
3428	User_024	261
3429	User_024	261
3430	User_024	261
3431	User_024	261
3432	User_024	261
3433	User_024	261
3434	User_024	261
3435	User_024	261
3436	User_024	261
3437	User_024	261
3438	User_024	261
3439	User_024	261
3440	User_024	261
3441	User_024	261
3442	User_024	261
3443	User_024	261
3444	User_024	261
3445	User_024	261
3446	User_024	261
3447	User_024	261
3448	User_024	261
3449	User_024	261
3450	User_024	261
3451	User_024	261
3452	User_024	261
3453	User_024	261
3454	User_024	261
3455	User_024	261
3456	User_024	261
3457	User_024	261
3458	User_024	261
3459	User_024	261
3460	User_024	261
3461	User_024	261
3462	User_024	261
3463	User_024	261
3464	User_024	261
3465	User_024	261
3466	User_024	261
3467	User_024	261
3468	User_024	261
3469	User_024	261
3470	User_024	261
3471	User_024	261
3472	User_024	261
3473	User_024	261
3474	User_024	261
3475	User_024	261
3476	User_024	261
3477	User_024	261
3478	User_024	261
3479	User_024	261
3480	User_024	261
3481	User_024	261
3482	User_024	261
3483	User_024	261
3484	User_024	261
3485	User_024	261
3486	User_024	261
3487	User_024	261
3488	User_024	261
3489	User_024	261
3490	User_024	261
3491	User_024	261
3492	User_024	261
3493	User_024	261
3494	User_024	261
3495	User_024	261
3496	User_024	261
3497	User_024	261
3498	User_024	261
3499	User_024	261
3500	User_024	261
3501	User_024	261
3502	User_024	261
3503	User_024	261
3504	User_024	261
3505	User_024	261
3506	User_024	261
3507	User_024	261
3508	User_024	261
3509	User_024	261
3510	User_024	261
3511	User_024	261
3512	User_024	261
3513	User_024	261
3514	User_024	261
3515	User_024	261
3516	User_024	261
3517	User_024	261
3518	User_024	261
3519	User_024	261
3520	User_024	261
3521	User_024	261
3522	User_024	261
3523	User_024	261
3524	User_024	261
3525	User_024	261
3526	User_024	261
3527	User_024	261
3528	User_024	261
3529	User_024	261
3530	User_024	261
3531	User_024	261
3532	User_024	261
3533	User_024	261
3534	User_024	261
3535	User_024	261
3536	User_024	261
3537	User_024	261
3538	User_024	261
3539	User_024	261
3540	User_024	261
3541	User_024	261
3542	User_024	261
3543	User_024	261
3544	User_024	261
3545	User_024	261
3546	User_024	261
3547	User_024	261
3548	User_024	261
3549	User_024	261
3550	User_024	261
3551	User_024	261
3552	User_024	261
3553	User_024	261
3554	User_024	261
3555	User_024	261
3556	User_024	261
3557	User_024	261
3558	User_024	261
3559	User_024	261
3560	User_024	261
3561	User_024	261
3562	User_024	261
3563	User_024	261
3564	User_024	261
3565	User_024	261
3566	User_024	261
3567	User_024	261
3568	User_024	261
3569	User_024	261
3570	User_024	261
3571	User_024	261
3572	User_024	261
3573	User_024	261
3574	User_024	261
3575	User_024	261
3576	User_024	261
3577	User_024	261
3578	User_024	261
3579	User_024	261
3580	User_024	261
3581	User_024	261
3582	User_024	261
3583	User_024	261
3584	User_024	261
3585	User_024	261
3586	User_024	261
3587	User_024	261
3588	User_024	261
3589	User_024	261
3590	User_024	261
3591	User_024	261
3592	User_024	261
3593	User_024	261
3594	User_024	261
3595	User_024	261
3596	User_024	261
3597	User_024	261
3598	User_024	261
3599	User_024	261
3600	User_024	261
3601	User_024	261
3602	User_024	261
3603	User_024	261
3604	User_024	261
3605	User_024	261
3606	User_024	261
3607	User_024	261
3608	User_024	261
3609	User_024	261
3610	User_024	261
3611	User_024	261
3612	User_024	261
3613	User_024	261
3614	User_024	261
3615	User_024	261
3616	User_024	261
3617	User_024	261
3618	User_024	261
3619	User_024	261
3620	User_024	261
3621	User_024	261
3622	User_024	261
3623	User_024	261
3624	User_024	261
3625	User_024	261
3626	User_024	261
3627	User_024	261
3628	User_024	261
3629	User_024	261
3630	User_024	261
3631	User_024	261
3632	User_024	261
3633	User_024	261
3634	User_024	261
3635	User_024	261
3636	User_024	261
3637	User_024	261
3638	User_024	261
3639	User_024	261
3640	User_024	261
3641	User_024	261
3642	User_024	261
3643	User_024	261
3644	User_024	261
3645	User_024	261
3646	User_024	261
3647	User_024	261
3648	User_024	261
3649	User_024	261
3650	User_024	261
3651	User_024	261
3652	User_024	261
3653	User_024	261
3654	User_024	261
3655	User_024	261
3656	User_024	261
3657	User_024	261
3658	User_024	261
3659	User_024	261
3660	User_024	261
3661	User_024	261
3662	User_024	261
3663	User_024	261
3664	User_024	261
3665	User_024	261
3666	User_024	261
3667	User_024	261
3668	User_024	261
3669	User_024	261
3670	User_024	261
3671	User_024	261
3672	User_024	261
3673	User_024	261
3674	User_024	261
3675	User_024	261
3676	User_024	261
3677	User_024	261
3678	User_024	261
3679	User_024	261
3680	User_024	261
3681	User_024	261
3682	User_024	261
3683	User_024	261
3684	User_024	261
3685	User_024	261
3686	User_024	261
3687	User_024	261
3688	User_024	261
3689	User_024	261
3690	User_024	261
3691	User_024	261
3692	User_024	261
3693	User_024	261
3694	User_024	261
3695	User_024	261
3696	User_024	261
3697	User_024	261
3698	User_024	261
3699	User_024	261
3700	User_024	261
3701	User_024	261
3702	User_024	261
3703	User_024	261
3704	User_024	261
3705	User_024	261
3706	User_024	261
3707	User_024	261
3708	User_024	261
3709	User_024	261
3710	User_024	261
3711	User_024	261
3712	User_024	261
3713	User_024	261
3714	User_024	261
3715	User_024	261
3716	User_024	261
3717	User_024	261
3718	User_024	261
3719	User_024	261
3720	User_024	261
3721	User_024	261
3722	User_024	261
3723	User_024	261
3724	User_024	261
3725	User_024	261
3726	User_024	261
3727	User_024	261
3728	User_024	261
3729	User_024	261
3730	User_024	261
3731	User_024	261
3732	User_024	261
3733	User_024	261
3734	User_024	261
3735	User_024	261
3736	User_024	261
3737	User_024	261
3738	User_024	261
3739	User_024	261
3740	User_024	261
3741	User_024	261
3742	User_024	261
3743	User_024	261
3744	User_024	261
3745	User_024	261
3746	User_024	261
3747	User_024	261
3748	User_024	261
3749	User_024	261
3750	User_024	261
3751	User_024	261
3752	User_024	261
3753	User_024	261
3754	User_024	261
3755	User_024	261
3756	User_024	261
3757	User_024	261
3758	User_024	261
3759	User_024	261
3760	User_024	261
3761	User_024	261
3762	User_024	261
3763	User_024	261
3764	User_024	261
3765	User_024	261
3766	User_024	261
3767	User_024	261
3768	User_024	261
3769	User_024	261
3770	User_024	261
3771	User_024	261
3772	User_024	261
3773	User_024	261
3774	User_024	261
3775	User_024	261
3776	User_024	261
3777	User_024	261
3778	User_024	261
3779	User_024	261
3780	User_024	261
3781	User_024	261
3782	User_024	261
3783	User_024	261
3784	User_024	261
3785	User_024	261
3786	User_024	261
3787	User_024	261
3788	User_024	261
3789	User_024	261
3790	User_024	261
3791	User_024	261
3792	User_024	261
3793	User_024	261
3794	User_024	261
3795	User_024	261
3796	User_024	261
3797	User_024	261
3798	User_024	261
3799	User_024	261
3800	User_024	261
3801	User_024	261
3802	User_024	261
3803	User_024	261
3804	User_024	261
3805	User_024	261
3806	User_024	261
3807	User_024	261
3808	User_024	261
3809	User_024	261
3810	User_024	261
3811	User_024	261
3812	User_024	261
3813	User_024	261
3814	User_024	261
3815	User_024	261
3816	User_024	261
3817	User_024	261
3818	User_024	261
3819	User_024	261
3820	User_024	261
3821	User_024	261
3822	User_024	261
3823	User_024	261
3824	User_024	261
3825	User_024	261
3826	User_024	261
3827	User_024	261
3828	User_024	261
3829	User_024	261
3830	User_024	261
3831	User_024	261
3832	User_024	261
3833	User_024	261
3834	User_024	261
3835	User_024	261
3836	User_024	261
3837	User_024	261
3838	User_024	261
3839	User_024	261
3840	User_024	261
3841	User_024	261
3842	User_024	261
3843	User_024	261
3844	User_024	261
3845	User_024	261
3846	User_024	261
3847	User_024	261
3848	User_024	261
3849	User_024	261
3850	User_024	261
3851	User_024	261
3852	User_024	261
3853	User_024	261
3854	User_024	261
3855	User_024	261
3856	User_024	261
3857	User_024	261
3858	User_024	261
3859	User_024	261
3860	User_024	261
3861	User_024	261
3862	User_024	261
3863	User_024	261
3864	User_024	261
3865	User_024	261
3866	User_024	261
3867	User_024	261
3868	User_024	261
3869	User_024	261
3870	User_024	261
3871	User_024	261
3872	User_024	261
3873	User_024	261
3874	User_024	261
3875	User_024	261
3876	User_024	261
3877	User_024	261
3878	User_024	261
3879	User_024	261
3880	User_024	261
3881	User_024	261
3882	User_024	261
3883	User_024	261
3884	User_024	261
3885	User_024	261
3886	User_024	261
3887	User_024	261
3888	User_024	261
3889	User_024	261
3890	User_024	261
3891	User_024	261
3892	User_024	261
3893	User_024	261
3894	User_024	261
3895	User_024	261
3896	User_024	261
3897	User_024	261
3898	User_024	261
3899	User_024	261
3900	User_024	261
3901	User_024	261
3902	User_024	261
3903	User_024	261
3904	User_024	261
3905	User_024	261
3906	User_024	261
3907	User_024	261
3908	User_024	261
3909	User_024	261
3910	User_024	261
3911	User_024	261
3912	User_024	261
3913	User_024	261
3914	User_024	261
3915	User_024	261
3916	User_024	261
3917	User_024	261
3918	User_024	261
3919	User_024	261
3920	User_024	261
3921	User_024	261
3922	User_024	261
3923	User_024	261
3924	User_024	261
3925	User_024	261
3926	User_024	261
3927	User_024	261
3928	User_024	261
3929	User_024	261
3930	User_024	261
3931	User_024	261
3932	User_024	261
3933	User_024	261
3934	User_024	261
3935	User_024	261
3936	User_024	261
3937	User_024	261
3938	User_024	261
3939	User_024	261
3940	User_024	261
3941	User_024	261
3942	User_024	261
3943	User_024	261
3944	User_024	261
3945	User_024	261
3946	User_024	261
3947	User_024	261
3948	User_024	261
3949	User_024	261
3950	User_024	261
3951	User_024	261
3952	User_024	261
3953	User_024	261
3954	User_024	261
3955	User_024	261
3956	User_024	261
3957	User_024	261
3958	User_024	261
3959	User_024	261
3960	User_024	261
3961	User_024	261
3962	User_024	261
3963	User_024	261
3964	User_024	261
3965	User_024	261
3966	User_024	261
3967	User_024	261
3968	User_024	261
3969	User_024	261
3970	User_024	261
3971	User_024	261
3972	User_024	261
3973	User_024	261
3974	User_024	261
3975	User_024	261
3976	User_024	261
3977	User_024	261
3978	User_024	261
3979	User_024	261
3980	User_024	261
3981	User_024	261
3982	User_024	261
3983	User_024	261
3984	User_024	261
3985	User_024	261
3986	User_024	261
3987	User_024	261
3988	User_024	261
3989	User_024	261
3990	User_024	261
3991	User_024	261
3992	User_024	261
3993	User_024	261
3994	User_024	261
3995	User_024	261
3996	User_024	261
3997	User_024	261
3998	User_024	261
3999	User_024	261
4000	User_024	261
4001	User_024	261
4002	User_024	261
4003	User_024	261
4004	User_024	261
4005	User_024	261
4006	User_024	261
4007	User_024	261
4008	User_024	261
4009	User_024	261
4010	User_024	261
4011	User_024	261
4012	User_024	261
4013	User_024	261
4014	User_024	261
4015	User_024	261
4016	User_024	261
4017	User_024	261
4018	User_024	261
4019	User_024	261
4020	User_024	261
4021	User_024	261
4022	User_024	261
4023	User_024	261
4024	User_024	261
4025	User_024	261
4026	User_024	261
4027	User_024	261
4028	User_024	261
4029	User_024	261
4030	User_024	261
4031	User_024	261
4032	User_024	261
4033	User_024	261
4034	User_024	261
4035	User_024	261
4036	User_024	261
4037	User_024	261
4038	User_024	261
4039	User_024	261
4040	User_024	261
4041	User_024	261
4042	User_024	261
4043	User_024	261
4044	User_024	261
4045	User_024	261
4046	User_024	261
4047	User_024	261
4048	User_024	261
4049	User_024	261
4050	User_024	261
4051	User_024	261
4052	User_024	261
4053	User_024	261
4054	User_024	261
4055	User_024	261
4056	User_024	261
4057	User_024	261
4058	User_024	261
4059	User_024	261
4060	User_024	261
4061	User_024	261
4062	User_024	261
4063	User_024	261
4064	User_024	261
4065	User_024	261
4066	User_024	261
4067	User_024	261
4068	User_024	261
4069	User_024	261
4070	User_024	261
4071	User_024	261
4072	User_024	261
4073	User_024	261
4074	User_024	261
4075	User_024	261
4076	User_024	261
4077	User_024	261
4078	User_024	261
4079	User_024	261
4080	User_024	261
4081	User_024	261
4082	User_024	261
4083	User_024	261
4084	User_024	261
4085	User_024	261
4086	User_024	261
4087	User_024	261
4088	User_024	261
4089	User_024	261
4090	User_024	261
4091	User_024	261
4092	User_024	261
4093	User_024	261
4094	User_024	261
4095	User_024	261
4096	User_024	261
4097	User_024	261
4098	User_024	261
4099	User_024	261
4100	User_024	261
4101	User_024	261
4102	User_024	261
4103	User_024	261
4104	User_024	261
4105	User_024	261
4106	User_024	261
4107	User_024	261
4108	User_024	261
4109	User_024	261
4110	User_024	261
4111	User_024	261
4112	User_024	261
4113	User_024	261
4114	User_024	261
4115	User_024	261
4116	User_024	261
4117	User_024	261
4118	User_024	261
4119	User_024	261
4120	User_024	261
4121	User_024	261
4122	User_024	261
4123	User_024	261
4124	User_024	261
4125	User_024	261
4126	User_024	261
4127	User_024	261
4128	User_024	261
4129	User_024	261
4130	User_024	261
4131	User_024	261
4132	User_024	261
4133	User_024	261
4134	User_024	261
4135	User_024	261
4136	User_024	261
4137	User_024	261
4138	User_024	261
4139	User_024	261
4140	User_024	261
4141	User_024	261
4142	User_024	261
4143	User_024	261
4144	User_024	261
4145	User_024	261
4146	User_024	261
4147	User_024	261
4148	User_024	261
4149	User_024	261
4150	User_024	261
4151	User_024	261
4152	User_024	261
4153	User_024	261
4154	User_024	261
4155	User_024	261
4156	User_024	261
4157	User_024	261
4158	User_024	261
4159	User_024	261
4160	User_024	261
4161	User_024	261
4162	User_024	261
4163	User_024	261
4164	User_024	261
4165	User_024	261
4166	User_024	261
4167	User_024	261
4168	User_024	261
4169	User_024	261
4170	User_024	261
4171	User_024	261
4172	User_024	261
4173	User_024	261
4174	User_024	261
4175	User_024	261
4176	User_024	261
4177	User_024	261
4178	User_024	261
4179	User_024	261
4180	User_024	261
4181	User_024	261
4182	User_024	261
4183	User_024	261
4184	User_024	261
4185	User_024	261
4186	User_024	261
4187	User_024	261
4188	User_024	261
4189	User_024	261
4190	User_024	261
4191	User_024	261
4192	User_024	261
4193	User_024	261
4194	User_024	261
4195	User_024	261
4196	User_024	261
4197	User_024	261
4198	User_024	261
4199	User_024	261
4200	User_024	261
4201	User_024	261
4202	User_024	261
4203	User_024	261
4204	User_024	261
4205	User_024	261
4206	User_024	261
4207	User_024	261
4208	User_024	261
4209	User_024	261
4210	User_024	261
4211	User_024	261
4212	User_024	261
4213	User_024	261
4214	User_024	261
4215	User_024	261
4216	User_024	261
4217	User_024	261
4218	User_024	261
4219	User_024	261
4220	User_024	261
4221	User_024	261
4222	User_024	261
4223	User_024	261
4224	User_024	261
4225	User_024	261
4226	User_024	261
4227	User_024	261
4228	User_024	261
4229	User_024	261
4230	User_024	261
4231	User_024	261
4232	User_024	261
4233	User_024	261
4234	User_024	261
4235	User_024	261
4236	User_024	261
4237	User_024	261
4238	User_024	261
4239	User_024	261
4240	User_024	261
4241	User_024	261
4242	User_024	261
4243	User_024	261
4244	User_024	261
4245	User_024	261
4246	User_024	261
4247	User_024	261
4248	User_024	261
4249	User_024	261
4250	User_024	261
4251	User_024	261
4252	User_024	261
4253	User_024	261
4254	User_024	261
4255	User_024	261
4256	User_024	261
4257	User_024	261
4258	User_024	261
4259	User_024	261
4260	User_024	261
4261	User_024	261
4262	User_024	261
4263	User_024	261
4264	User_024	261
4265	User_024	261
4266	User_024	261
4267	User_024	261
4268	User_024	261
4269	User_024	261
4270	User_024	261
4271	User_024	261
4272	User_024	261
4273	User_024	261
4274	User_024	261
4275	User_024	261
4276	User_024	261
4277	User_024	261
4278	User_024	261
4279	User_024	261
4280	User_024	261
4281	User_024	261
4282	User_024	261
4283	User_024	261
4284	User_024	261
4285	User_024	261
4286	User_024	261
4287	User_024	261
4288	User_024	261
4289	User_024	261
4290	User_024	261
4291	User_024	261
4292	User_024	261
4293	User_024	261
4294	User_024	261
4295	User_024	261
4296	User_024	261
4297	User_024	261
4298	User_024	261
4299	User_024	261
4300	User_024	261
4301	User_024	261
4302	User_024	261
4303	User_024	261
4304	User_024	261
4305	User_024	261
4306	User_024	261
4307	User_024	261
4308	User_024	261
4309	User_024	261
4310	User_024	261
4311	User_024	261
4312	User_024	261
4313	User_024	261
4314	User_024	261
4315	User_024	261
4316	User_024	261
4317	User_024	261
4318	User_024	261
4319	User_024	261
4320	User_024	261
4321	User_024	261
4322	User_024	261
4323	User_024	261
4324	User_024	261
4325	User_024	261
4326	User_024	261
4327	User_024	261
4328	User_024	261
4329	User_024	261
4330	User_024	261
4331	User_024	261
4332	User_024	261
4333	User_024	261
4334	User_024	261
4335	User_024	261
4336	User_024	261
4337	User_024	261
4338	User_024	261
4339	User_024	261
4340	User_024	261
4341	User_024	261
4342	User_024	261
4343	User_024	261
4344	User_024	261
4345	User_024	261
4346	User_024	261
4347	User_024	261
4348	User_024	261
4349	User_024	261
4350	User_024	261
4351	User_024	261
4352	User_024	261
4353	User_024	261
4354	User_024	261
4355	User_024	261
4356	User_024	261
4357	User_024	261
4358	User_024	261
4359	User_024	261
4360	User_024	261
4361	User_024	261
4362	User_024	261
4363	User_024	261
4364	User_024	261
4365	User_024	261
4366	User_024	261
4367	User_024	261
4368	User_024	261
4369	User_024	261
4370	User_024	261
4371	User_024	261
4372	User_024	261
4373	User_024	261
4374	User_024	261
4375	User_024	261
4376	User_024	261
4377	User_024	261
4378	User_024	261
4379	User_024	261
4380	User_024	261
4381	User_024	261
4382	User_024	261
4383	User_024	261
4384	User_024	261
4385	User_024	261
4386	User_024	261
4387	User_024	261
4388	User_024	261
4389	User_024	261
4390	User_024	261
4391	User_024	261
4392	User_024	261
4393	User_024	261
4394	User_024	261
4395	User_024	261
4396	User_024	261
4397	User_024	261
4398	User_024	261
4399	User_024	261
4400	User_024	261
4401	User_024	261
4402	User_024	261
4403	User_024	261
4404	User_024	261
4405	User_024	261
4406	User_024	261
4407	User_024	261
4408	User_024	261
4409	User_024	261
4410	User_024	261
4411	User_024	261
4412	User_024	261
4413	User_024	261
4414	User_024	261
4415	User_024	261
4416	User_024	261
4417	User_024	261
4418	User_024	261
4419	User_024	261
4420	User_024	261
4421	User_024	261
4422	User_024	261
4423	User_024	261
4424	User_024	261
4425	User_024	261
4426	User_024	261
4427	User_024	261
4428	User_024	261
4429	User_024	261
4430	User_024	261
4431	User_024	261
4432	User_024	261
4433	User_024	261
4434	User_024	261
4435	User_024	261
4436	User_024	261
4437	User_024	261
4438	User_024	261
4439	User_024	261
4440	User_024	261
4441	User_024	261
4442	User_024	261
4443	User_024	261
4444	User_024	261
4445	User_024	261
4446	User_024	261
4447	User_024	261
4448	User_024	261
4449	User_024	261
4450	User_024	261
4451	User_024	261
4452	User_024	261
4453	User_024	261
4454	User_024	261
4455	User_024	261
4456	User_024	261
4457	User_024	261
4458	User_024	261
4459	User_024	261
4460	User_024	261
4461	User_024	261
4462	User_024	261
4463	User_024	261
4464	User_024	261
4465	User_024	261
4466	User_024	261
4467	User_024	261
4468	User_024	261
4469	User_024	261
4470	User_024	261
4471	User_024	261
4472	User_024	261
4473	User_024	261
4474	User_024	261
4475	User_024	261
4476	User_024	261
4477	User_024	261
4478	User_024	261
4479	User_024	261
4480	User_024	261
4481	User_024	261
4482	User_024	261
4483	User_024	261
4484	User_024	261
4485	User_024	261
4486	User_024	261
4487	User_024	261
4488	User_024	261
4489	User_024	261
4490	User_024	261
4491	User_024	261
4492	User_024	261
4493	User_024	261
4494	User_024	261
4495	User_024	261
4496	User_024	261
4497	User_024	261
4498	User_024	261
4499	User_024	261
4500	User_024	261
4501	User_024	261
4502	User_024	261
4503	User_024	261
4504	User_024	261
4505	User_024	261
4506	User_024	261
4507	User_024	261
4508	User_024	261
4509	User_024	261
4510	User_024	261
4511	User_024	261
4512	User_024	261
4513	User_024	261
4514	User_024	261
4515	User_024	261
4516	User_024	261
4517	User_024	261
4518	User_024	261
4519	User_024	261
4520	User_024	261
4521	User_024	261
4522	User_024	261
4523	User_024	261
4524	User_024	261
4525	User_024	261
4526	User_024	261
4527	User_024	261
4528	User_024	261
4529	User_024	261
4530	User_024	261
4531	User_024	261
4532	User_024	261
4533	User_024	261
4534	User_024	261
4535	User_024	261
4536	User_024	261
4537	User_024	261
4538	User_024	261
4539	User_024	261
4540	User_024	261
4541	User_024	261
4542	User_024	261
4543	User_024	261
4544	User_024	261
4545	User_024	261
4546	User_024	261
4547	User_024	261
4548	User_024	261
4549	User_024	261
4550	User_024	261
4551	User_024	261
4552	User_024	261
4553	User_024	261
4554	User_024	261
4555	User_024	261
4556	User_024	261
4557	User_024	261
4558	User_024	261
4559	User_024	261
4560	User_024	261
4561	User_024	261
4562	User_024	261
4563	User_024	261
4564	User_024	261
4565	User_024	261
4566	User_024	261
4567	User_024	261
4568	User_024	261
4569	User_024	261
4570	User_024	261
4571	User_024	261
4572	User_024	261
4573	User_024	261
4574	User_024	261
4575	User_024	261
4576	User_024	261
4577	User_024	261
4578	User_024	261
4579	User_024	261
4580	User_024	261
4581	User_024	261
4582	User_024	261
4583	User_024	261
4584	User_024	261
4585	User_024	261
4586	User_024	261
4587	User_024	261
4588	User_024	261
4589	User_024	261
4590	User_024	261
4591	User_024	261
4592	User_024	261
4593	User_024	261
4594	User_024	261
4595	User_024	261
4596	User_024	261
4597	User_024	261
4598	User_024	261
4599	User_024	261
4600	User_024	261
4601	User_024	261
4602	User_024	261
4603	User_024	261
4604	User_024	261
4605	User_024	261
4606	User_024	261
4607	User_024	261
4608	User_024	261
4609	User_024	261
4610	User_024	261
4611	User_024	261
4612	User_024	261
4613	User_024	261
4614	User_024	261
4615	User_024	261
4616	User_024	261
4617	User_024	261
4618	User_024	261
4619	User_024	261
4620	User_024	261
4621	User_024	261
4622	User_024	261
4623	User_024	261
4624	User_024	261
4625	User_024	261
4626	User_024	261
4627	User_024	261
4628	User_024	261
4629	User_024	261
4630	User_024	261
4631	User_024	261
4632	User_024	261
4633	User_024	261
4634	User_024	261
4635	User_024	261
4636	User_024	261
4637	User_024	261
4638	User_024	261
4639	User_024	261
4640	User_024	261
4641	User_024	261
4642	User_024	261
4643	User_024	261
4644	User_024	261
4645	User_024	261
4646	User_024	261
4647	User_024	261
4648	User_024	261
4649	User_024	261
4650	User_024	261
4651	User_024	261
4652	User_024	261
4653	User_024	261
4654	User_024	261
4655	User_024	261
4656	User_024	261
4657	User_024	261
4658	User_024	261
4659	User_024	261
4660	User_024	261
4661	User_024	261
4662	User_024	261
4663	User_024	261
4664	User_024	261
4665	User_024	261
4666	User_024	261
4667	User_024	261
4668	User_024	261
4669	User_024	261
4670	User_024	261
4671	User_024	261
4672	User_024	261
4673	User_024	261
4674	User_024	261
4675	User_024	261
4676	User_024	261
4677	User_024	261
4678	User_024	261
4679	User_024	261
4680	User_024	261
4681	User_024	261
4682	User_024	261
4683	User_024	261
4684	User_024	261
4685	User_024	261
4686	User_024	261
4687	User_024	261
4688	User_024	261
4689	User_024	261
4690	User_024	261
4691	User_024	261
4692	User_024	261
4693	User_024	261
4694	User_024	261
4695	User_024	261
4696	User_024	261
4697	User_024	261
4698	User_024	261
4699	User_024	261
4700	User_024	261
4701	User_024	261
4702	User_061	261
4703	User_061	261
4704	User_061	261
4705	User_061	261
4706	User_061	261
4708	User_061	261
4709	User_061	261
4711	User_061	261
4713	User_039	261
4714	User_025	261
4715	User_025	261
4718	User_101	261
4724	User_025	261
4725	User_039	261
4726	User_039	261
4728	User_039	261
4729	User_039	261
4730	User_039	261
4731	User_039	261
4732	User_039	261
4733	User_039	261
4735	User_025	261
4736	User_025	261
4737	User_025	261
4738	User_025	261
4759	User_033	261
4760	User_017	261
4762	User_037	261
4763	User_037	261
4780	User_098	261
4799	User_098	261
4801	User_098	261
4802	User_061	261
4803	User_061	261
4804	User_061	261
4805	User_061	261
4806	User_025	261
4819	User_037	261
4847	User_034	261
4848	User_039	261
4879	User_034	261
4945	User_034	261
4956	User_034	261
5018	User_060	261
5038	User_060	261
5058	User_035	261
5098	User_011	261
5099	User_011	261
5100	User_011	261
5101	User_011	261
5118	User_037	261
5119	User_037	261
5159	User_002	281
5178	User_002	281
5179	User_002	281
5180	User_102	281
5181	User_102	281
5182	User_102	281
5183	User_102	281
5184	User_102	281
5185	User_102	281
5186	User_002	281
5187	User_002	281
5189	User_002	281
5190	User_102	281
5191	User_102	281
5192	User_102	281
5193	User_102	281
5194	User_102	281
5195	User_102	281
5238	User_025	261
5239	User_031	261
5258	User_025	261
5278	User_004	261
5298	User_017	261
5318	User_025	261
5338	User_037	261
5339	User_037	261
5342	User_060	261
5344	User_060	261
5347	User_036	261
5358	User_037	261
5359	User_037	261
5378	User_037	261
5379	User_036	261
5381	User_037	261
5382	User_037	261
5383	User_037	261
5384	User_036	261
5385	User_036	261
5386	User_036	261
5387	User_036	261
5388	User_036	261
5389	User_017	261
5390	User_037	261
5391	User_036	261
5392	User_031	261
5393	User_103	261
5394	User_103	261
5395	User_103	261
5396	User_103	261
5397	User_103	261
5398	User_103	261
5418	User_017	261
5419	User_036	261
5420	User_017	261
5421	User_031	261
5422	User_016	261
5423	User_016	261
5424	User_016	261
5425	User_016	261
5426	User_016	261
5427	User_016	261
5428	User_016	261
5429	User_016	261
5430	User_017	261
5431	User_037	261
5432	User_017	261
5433	User_016	261
5434	User_016	261
5435	User_016	261
5436	User_016	261
5437	User_016	261
5438	User_016	261
5439	User_104	261
5440	User_104	261
5441	User_104	261
5442	User_017	261
5444	User_037	261
5445	User_016	261
5446	User_017	261
5447	User_017	261
5448	User_016	261
5449	User_037	261
5450	User_016	261
5451	User_037	261
5452	User_037	261
5453	User_036	261
5454	User_037	261
5455	User_017	261
5456	User_016	261
5457	User_016	261
5458	User_016	261
5459	User_016	261
5460	User_017	261
5461	User_017	261
5462	User_017	261
5463	User_016	261
5464	User_016	261
5465	User_016	261
5466	User_016	261
5467	User_016	261
5468	User_016	261
5469	User_016	261
5470	User_016	261
5478	User_001	261
5479	User_001	261
5480	User_001	261
5498	User_036	261
5518	User_036	261
5519	User_036	261
5538	User_033	261
5558	User_037	261
5578	User_061	261
5579	User_061	261
5580	User_061	261
5581	User_033	261
5582	User_033	261
5598	User_036	261
5618	User_033	261
5619	User_033	261
5638	User_016	261
5639	User_016	261
5640	User_016	261
5658	User_032	261
5678	User_038	261
5679	User_038	261
5698	User_032	261
5699	User_032	261
5718	User_043	261
5721	User_043	261
5738	User_004	261
5739	User_004	261
5758	User_043	261
5759	User_043	261
5760	User_032	261
5761	User_032	261
5778	User_004	261
5798	User_004	261
5799	User_038	261
5803	User_038	261
5805	User_038	261
5806	User_038	261
5807	User_038	261
5818	User_038	261
5819	User_038	261
5820	User_038	261
5821	User_004	261
5822	User_038	261
5823	User_038	261
5824	User_004	261
5825	User_039	261
5826	User_024	261
5827	User_024	261
5828	User_024	261
5829	User_024	261
5830	User_024	261
5831	User_024	261
5832	User_024	261
5833	User_024	261
5834	User_024	261
5835	User_024	261
5836	User_024	261
5838	User_039	261
5839	User_039	261
5840	User_043	261
5841	User_032	261
5842	User_039	261
5843	User_039	261
5844	User_039	261
5845	User_039	261
5846	User_039	261
5847	User_039	261
5848	User_039	261
5849	User_039	261
5850	User_039	261
5851	User_039	261
5852	User_039	261
5853	User_039	261
5859	User_043	261
5860	User_004	261
5861	User_039	261
5862	User_039	261
5863	User_039	261
5864	User_032	261
5865	User_004	261
5866	User_017	261
5879	User_017	261
5881	User_017	261
5882	User_017	261
5898	User_036	261
5900	User_036	261
5902	User_011	261
5903	User_017	261
5918	User_036	261
5919	User_036	261
5920	User_036	261
5921	User_036	261
5922	User_039	261
5923	User_039	261
5924	User_017	261
5925	User_017	261
5926	User_017	261
5938	User_017	261
5942	User_017	261
5944	User_017	261
5945	User_017	261
5946	User_017	261
5947	User_017	261
5951	User_017	261
5952	User_017	261
5958	User_036	261
5960	User_036	261
5961	User_036	261
5962	User_036	261
5963	User_036	261
5980	User_036	261
5981	User_036	261
5982	User_036	261
5983	User_017	261
5984	User_062	261
5989	User_062	261
5990	User_017	261
5991	User_044	261
5992	User_017	261
5993	User_017	261
5994	User_017	261
5995	User_017	261
5996	User_017	261
5997	User_017	261
6000	User_004	261
6001	User_004	261
6002	User_017	261
6003	User_017	261
6004	User_004	261
6006	User_004	261
6007	User_004	261
6008	User_004	261
6022	User_004	261
6024	User_011	261
6025	User_036	261
6027	User_036	261
6028	User_036	261
6029	User_036	261
6030	User_036	261
6046	User_041	261
6047	User_041	261
6048	User_036	261
6049	User_004	261
6050	User_017	261
6051	User_017	261
6052	User_004	261
6053	User_036	261
6054	User_036	261
6055	User_036	261
6056	User_004	261
6057	User_041	261
6060	User_017	261
6061	User_017	261
6062	User_062	261
6066	User_017	261
6067	User_036	261
6068	User_011	261
6069	User_036	261
6070	User_036	261
6071	User_036	261
6072	User_036	261
6073	User_036	261
6074	User_017	261
6075	User_036	261
6076	User_036	261
6077	User_062	261
6079	User_062	261
6081	User_017	261
6082	User_043	261
6085	User_004	261
6086	User_043	261
6087	User_017	261
6089	User_041	261
6090	User_041	261
6091	User_036	261
6092	User_036	261
6093	User_017	261
6098	User_036	261
6099	User_036	261
6100	User_036	261
6120	User_036	261
6121	User_036	261
6141	User_036	261
6142	User_036	261
6143	User_036	261
6144	User_036	261
6145	User_004	261
6146	User_036	261
6158	User_040	261
6159	User_040	261
6160	User_040	261
6165	User_040	261
6170	User_040	261
6171	User_040	261
6180	User_040	261
6181	User_040	261
6182	User_040	261
6183	User_040	261
6184	User_040	261
6185	User_040	261
6199	User_036	261
6200	User_036	261
6201	User_036	261
6202	User_036	261
6203	User_017	261
6204	User_040	261
6205	User_017	261
6206	User_017	261
6207	User_017	261
6208	User_017	261
6210	User_105	261
6214	User_043	261
6218	User_043	261
6219	User_036	261
6220	User_036	261
6221	User_036	261
6238	User_036	261
6239	User_036	261
6240	User_036	261
6241	User_036	261
6242	User_036	261
6243	User_036	261
6244	User_036	261
6245	User_036	261
6246	User_017	261
6247	User_036	261
6248	User_059	261
6249	User_036	261
6258	User_036	261
6278	User_036	261
6279	User_036	261
6280	User_036	261
6281	User_036	261
6282	User_036	261
6298	User_036	261
6299	User_036	261
6300	User_036	261
6301	User_036	261
6302	User_036	261
6318	User_017	261
6319	User_017	261
6320	User_017	261
6601	User_017	261
6792	User_017	261
6793	User_017	261
6796	User_017	261
6797	User_017	261
7552	User_017	261
8779	User_017	261
8781	User_017	261
8782	User_017	261
10138	User_036	261
11871	User_061	261
12089	User_036	261
12090	User_036	261
12091	User_017	261
12092	User_017	261
12098	User_036	261
12099	User_036	261
12118	User_017	261
12138	User_036	261
12139	User_036	261
12140	User_036	261
12141	User_036	261
12142	User_036	261
12143	User_036	261
12158	User_017	261
12159	User_017	261
12160	User_017	261
12161	User_017	261
12162	User_017	261
12163	User_017	261
12164	User_017	261
12165	User_017	261
12167	User_017	261
12168	User_017	261
12169	User_017	261
12171	User_036	261
12172	User_036	261
12178	User_059	261
12198	User_036	261
12200	User_004	261
12201	User_004	261
12202	User_036	261
12204	User_017	261
12205	User_036	261
12207	User_059	261
12211	User_059	261
12212	User_059	261
12214	User_059	261
12218	User_040	261
12220	User_040	261
12238	User_011	261
12258	User_036	261
12278		221
12318		221
12320	User_043	261
12358	User_040	261
12382	User_097	261
12402	User_017	261
12410	User_036	261
12412	User_001	261
12419	User_017	261
12420	User_017	261
12438	User_017	261
12439	User_017	261
13626	User_017	261
13627	User_017	261
13628	User_017	261
13638	User_001	261
13640	User_017	261
13641	User_036	261
13642		221
13643	User_017	261
13644	User_017	261
13645	User_017	261
13646	User_001	261
13648	User_001	261
13649	User_001	261
13651	User_017	261
13652	User_017	261
13653	User_017	261
13654	User_017	261
13656	User_017	261
13657	User_017	261
13658	User_017	261
13659	User_017	261
13660	User_017	261
13661	User_017	261
13662	User_017	261
13664	User_017	261
13666	User_017	261
13669	User_017	261
13670	User_036	261
13671	User_017	261
13672	User_017	261
13673	User_017	261
13674	User_017	261
13675	User_017	261
13676	User_036	261
13678	User_017	261
13739	User_022	281
13740	User_022	281
13741	User_022	281
13742	User_022	281
13743	User_022	281
14978	User_022	281
15019	User_084	281
15020	User_106	281
15038	User_080	261
15039	User_080	261
15058	User_004	261
15078	User_080	261
16319	User_080	261
16338	User_036	261
16339	User_036	261
16358	User_107	261
16360	User_040	261
16361	User_040	261
16362	User_040	261
16363	User_040	261
16378	User_108	261
16398	User_043	261
16399	User_043	261
16400	User_043	261
16401	User_043	261
16402	User_043	261
16403	User_043	261
16404	User_043	261
16418	User_080	261
16420	User_109	261
16421	User_109	261
16424	User_110	261
16426	User_085	261
16428	User_110	261
16438	User_040	261
16458	User_040	261
16459	User_040	261
16460	User_040	261
16461	User_040	261
16462	User_040	261
16463	User_040	261
16464	User_040	261
16465	User_040	261
16466	User_040	261
16467	User_040	261
16468	User_040	261
16478	User_103	261
16518	User_017	261
16538	User_017	261
16539	User_017	261
16558	User_017	261
16578	User_036	261
16598	User_043	261
16638	User_017	261
16639	User_017	261
16659	User_017	261
16661	User_017	261
16678	User_017	261
16698	User_018	281
16718	User_017	261
16719	User_018	281
16720	User_018	281
16738	User_017	261
16739	User_017	261
16778	User_039	261
16779	User_039	261
16818	User_001	281
16838	User_111	261
16858	User_002	281
16881	User_001	261
16883	User_002	281
16887	User_039	261
16900	User_040	261
16918	User_004	261
16938	User_111	261
16958	User_111	261
16978	User_004	261
16979	User_004	261
17018	User_001	281
17021	User_001	281
17038	User_001	281
17039	User_001	261
17058	User_039	261
17059	User_040	261
17060	User_040	261
17078	User_039	261
17118	User_080	261
17138	User_044	261
17158	User_044	261
17159	User_044	261
17178	User_044	261
17179	User_044	261
17198	User_004	261
17222	User_040	261
17223	User_040	261
17224	User_040	261
17225	User_040	261
17226	User_040	261
17227	User_040	261
17228	User_040	261
17229	User_040	261
17230	User_040	261
17235	User_040	261
17236	User_040	261
17240	User_038	261
17241	User_038	261
17242	User_038	261
17262	User_112	261
17263	User_040	261
17278	User_038	261
17279	User_038	261
17283	User_038	261
17298	User_038	261
17320	User_044	261
17321	User_044	261
17339	User_038	261
17358	User_063	261
17359	User_063	261
17361	User_038	261
17369	User_038	261
17370	User_038	261
17373	User_038	261
17374	User_038	261
17375	User_038	261
17376	User_038	261
17377	User_038	261
17378	User_038	261
17381	User_044	261
17387	User_038	261
17388	User_038	261
17402	User_045	261
17403	User_045	261
17404	User_038	261
17405	User_040	261
17406	User_040	261
17407	User_038	261
17409	User_040	261
17410	User_040	261
17411	User_040	261
17412	User_038	261
17413	User_038	261
17414	User_038	261
17415	User_038	261
17416	User_038	261
17417	User_038	261
17419	User_038	261
17460	User_038	261
17461	User_038	261
17466	User_038	261
17470	User_038	261
17471	User_038	261
17472	User_038	261
17473	User_038	261
17474	User_038	261
17475	User_038	261
17479	User_038	261
17480	User_038	261
17481	User_038	261
17482	User_038	261
17483	User_038	261
17485	User_038	261
17486	User_038	261
17488	User_038	261
17489	User_038	261
17498	User_038	261
17499	User_038	261
17500	User_038	261
17501	User_038	261
17502	User_038	261
17503	User_038	261
17504	User_038	261
17505	User_038	261
17506	User_038	261
17518	User_038	261
17519	User_038	261
17520	User_038	261
17538	User_038	261
17539	User_038	261
17558	User_038	261
17578	User_001	201
17638	User_044	261
17658	User_044	261
17659	User_044	261
17679	User_044	261
17759	User_044	261
17798	User_054	261
17819	User_054	281
17820	User_054	281
17827	User_034	261
17838	User_054	261
17858	User_054	261
17859	User_054	261
17860	User_054	261
17878	User_054	261
17879	User_054	261
17902	User_034	261
17903	User_034	261
17904	User_034	261
17905	User_034	261
17918	User_044	261
17921	User_044	261
17938	User_044	261
17939	User_044	261
17943	User_044	261
17944	User_044	261
17945	User_044	261
17946	User_044	261
17947	User_044	261
17948	User_044	261
17949	User_044	261
17950	User_044	261
17951	User_044	261
17952	User_044	261
17953	User_044	261
17954	User_044	261
17955	User_044	261
17956	User_044	261
17957	User_044	261
17958	User_044	261
17959	User_044	261
17960	User_044	261
17961	User_044	261
17962	User_044	261
17963	User_044	261
17964	User_044	261
17965	User_044	261
17966	User_044	261
17967	User_044	261
17970	User_034	261
17972	User_034	261
17973	User_034	261
17974	User_034	261
17978	User_034	261
17998	User_044	261
18000	User_044	261
18065	User_034	261
18067	User_044	261
18068	User_044	261
18069	User_044	261
18078	User_044	261
18079	User_061	261
18080	User_061	261
18098	User_034	261
18100	User_034	261
18101	User_044	261
18118	User_034	261
18148	User_006	261
18208	User_017	261
18228	User_006	261
18229	User_006	261
18248	User_033	261
18249	User_033	261
18288	User_001	261
18289	User_001	281
18309	User_060	261
18328	User_024	261
18348	User_024	261
18349	User_024	261
18369	User_001	281
18371	User_001	281
18372	User_001	261
18389	User_034	261
18390	User_034	261
18391	User_034	261
18392	User_034	261
18394	User_034	261
18396	User_034	261
18397	User_034	261
18398	User_034	261
18408	User_034	261
18409	User_034	261
18428	User_034	261
18429	User_034	261
18430	User_034	261
18431	User_034	261
18432	User_034	261
18448	User_034	261
18449	User_034	261
18450	User_034	261
18451	User_034	261
18452	User_034	261
18453	User_034	261
18468	User_034	261
18469	User_034	261
18470	User_034	261
18471	User_034	261
18472	User_034	261
18488	User_034	261
18489	User_034	261
18490	User_034	261
18491	User_034	261
18494	User_017	261
18495	User_034	261
18497	User_017	261
18508	User_034	261
18509	User_034	261
18510	User_034	261
18511	User_034	261
18529	User_034	261
18553	User_034	261
18568	User_034	261
18569	User_034	261
18570	User_034	261
18571	User_034	261
18588	User_034	261
18608	User_034	261
18609	User_034	261
18610	User_034	261
18628	User_034	261
18630	User_034	261
18631	User_034	261
18632	User_034	261
18634	User_034	261
18637	User_034	261
18638	User_034	261
18639	User_034	261
18640	User_034	261
18641	User_034	261
18642	User_034	261
18643	User_034	261
18644	User_034	261
18645	User_001	261
18648	User_034	261
18650	User_001	261
18668	User_034	261
18669	User_034	261
18689	User_001	261
18690	User_001	261
18691	User_001	261
18692	User_001	261
18693	User_001	261
18695	User_001	261
18708	User_113	261
18728	User_001	261
18748	User_034	261
18749	User_034	261
18750	User_034	261
18751	User_034	261
18752	User_034	261
18768	User_034	261
18769	User_034	261
18770	User_034	261
18771	User_034	261
18772	User_034	261
18773	User_034	261
18774	User_034	261
18775	User_034	261
18776	User_034	261
18777	User_034	261
18778	User_034	261
18779	User_034	261
18780	User_034	261
18781	User_034	261
18789	User_034	261
18791	User_034	261
18792	User_034	261
18794	User_034	261
18808	User_034	261
18811	User_034	261
18812	User_034	261
18813	User_034	261
18814	User_034	261
18815	User_034	261
18816	User_034	261
18828	User_034	261
18848	User_034	261
18849	User_034	261
18877	User_034	281
18878	User_034	261
18880	User_034	281
18881	User_034	261
18897	User_034	261
18899	User_001	281
18918	User_001	261
18959	User_034	261
18960	User_034	261
18961	User_034	261
18978	User_034	261
18979	User_034	261
18980	User_034	261
18981	User_034	261
18982	User_034	261
18983	User_034	261
18998	User_047	261
18999	User_047	261
19000	User_047	261
19018	User_047	261
19038	User_034	261
19058	User_049	261
19061	User_049	261
19078	User_049	261
19080	User_049	261
19118	User_017	261
19119	User_017	261
19138	User_017	261
19159	User_050	261
19160	User_050	261
19161	User_081	261
19162	User_081	261
19163	User_050	261
19164	User_081	261
19165	User_081	261
19166	User_081	261
19167	User_050	261
19168	User_050	261
19169	User_050	261
19170	User_050	261
19198	User_017	261
19199	User_017	261
19218	User_017	261
19219	User_017	261
19220	User_017	261
19221	User_017	261
19238	User_081	261
19239	User_081	261
19258	User_017	261
19278	User_017	261
19279	User_017	261
19319	User_017	261
19320	User_017	261
19321	User_017	261
19322	User_017	261
19324	User_017	261
19325	User_017	261
19326	User_017	261
19327	User_017	261
19338	User_050	261
19358	User_017	261
19359	User_017	261
19378	User_017	261
19379	User_017	261
19380	User_017	261
19381	User_017	261
19382	User_017	261
19418	User_017	261
19445	User_017	261
19446	User_050	261
19458	User_050	261
19459	User_050	261
19460	User_017	261
19461	User_017	261
19462	User_017	261
19463	User_017	261
19465	User_054	261
19466	User_017	261
19467	User_017	261
19468	User_017	261
19469	User_017	261
19471	User_017	261
19474	User_017	261
19475	User_054	261
19476	User_054	261
19477	User_017	261
19478	User_054	261
19479	User_017	261
19480	User_054	261
19481	User_017	261
19482	User_017	261
19499	User_053	261
19501	User_017	261
19502	User_050	261
19506	User_053	261
19507	User_053	261
19508	User_053	261
19511	User_053	261
19512	User_053	261
19515	User_053	261
19516	User_053	261
19517	User_054	261
19518	User_053	261
19519	User_053	261
19538	User_017	261
19559	User_017	261
19561	User_054	261
19562	User_050	261
19578	User_017	261
19579	User_017	261
19583	User_053	261
19585	User_053	261
19587	User_053	261
19588	User_053	261
19589	User_017	261
19598	User_050	261
19599	User_017	261
19602	User_114	261
19603	User_114	261
19604	User_114	261
19605	User_114	261
19606	User_114	261
19607	User_114	261
19608	User_114	261
19609	User_114	261
19610	User_114	261
19611	User_114	261
19612	User_114	261
19613	User_114	261
19614	User_114	261
19615	User_114	261
19619	User_050	261
19620	User_115	261
19621	User_115	261
19622	User_115	261
19623	User_115	261
19624	User_115	261
19625	User_115	261
19626	User_115	261
19627	User_115	261
19628	User_115	261
19629	User_115	261
19630	User_115	261
19631	User_115	261
19632	User_115	261
19633	User_115	261
19634	User_115	261
19635	User_115	261
19636	User_115	261
19637	User_115	261
19638	User_115	261
19639	User_115	261
19640	User_115	261
19641	User_115	261
19642	User_115	261
19643	User_115	261
19644	User_115	261
19645	User_115	261
19646	User_115	261
19647	User_115	261
19648	User_115	261
19649	User_115	261
19650	User_115	261
19651	User_115	261
19652	User_115	261
19653	User_115	261
19654	User_115	261
19655	User_115	261
19656	User_115	261
19657	User_115	261
19658	User_115	261
19659	User_115	261
19660	User_115	261
19661	User_115	261
19662	User_115	261
19663	User_115	261
19664	User_115	261
19665	User_115	261
19666	User_115	261
19667	User_115	261
19668	User_115	261
19669	User_115	261
19670	User_115	261
19671	User_115	261
19672	User_115	261
19673	User_115	261
19674	User_115	261
19675	User_115	261
19676	User_115	261
19677	User_115	261
19678	User_115	261
19679	User_115	261
19680	User_115	261
19681	User_115	261
19682	User_115	261
19683	User_115	261
19684	User_115	261
19685	User_115	261
19686	User_115	261
19687	User_115	261
19688	User_115	261
19689	User_115	261
19690	User_115	261
19691	User_115	261
19692	User_115	261
19693	User_115	261
19694	User_115	261
19695	User_115	261
19696	User_115	261
19697	User_115	261
19698	User_115	261
19699	User_115	261
19700	User_115	261
19701	User_115	261
19702	User_115	261
19703	User_115	261
19704	User_115	261
19705	User_115	261
19706	User_050	261
19707	User_050	261
19708	User_050	261
19710	User_017	261
19711	User_017	261
19712	User_017	261
19713	User_024	261
19714	User_024	261
19715	User_024	261
19719	User_024	261
19720	User_024	261
19721	User_024	261
19722	User_024	261
19724	User_024	261
19725	User_024	261
19726	User_024	261
19727	User_024	261
19728	User_024	261
19729	User_024	261
19732	User_050	261
19736	User_050	261
19737	User_050	261
19738	User_050	261
19740	User_050	261
19741	User_050	261
19742	User_050	261
19743	User_050	261
19744	User_050	261
19745	User_017	261
19746	User_114	261
19747	User_017	261
19748	User_017	261
19749	User_017	261
19750	User_050	261
19753	User_050	261
19754	User_017	261
19755	User_050	261
19768	User_017	261
19769	User_017	261
19770	User_017	261
19771	User_017	261
19772	User_017	261
19773	User_017	261
19774	User_017	261
19775	User_017	261
19776	User_050	261
19777	User_050	261
19778	User_050	261
19780	User_050	261
19781	User_017	261
19782	User_115	261
19783	User_115	261
19784	User_115	261
19785	User_115	261
19786	User_115	261
19787	User_115	261
19788	User_115	261
19789	User_115	261
19790	User_115	261
19791	User_115	261
19792	User_115	261
19793	User_115	261
19794	User_115	261
19795	User_115	261
19796	User_115	261
19797	User_115	261
19798	User_115	261
19799	User_115	261
19800	User_115	261
19801	User_115	261
19802	User_115	261
19803	User_115	261
19804	User_115	261
19805	User_115	261
19806	User_115	261
19807	User_115	261
19808	User_115	261
19809	User_115	261
19812	User_116	261
19813	User_050	261
19814	User_117	261
19815	User_117	261
19816	User_117	261
19818	User_053	261
19821	User_118	261
19822	User_053	261
19823	User_053	261
19824	User_053	261
19825	User_053	261
19826	User_053	261
19827	User_053	261
19828	User_115	261
19829	User_115	261
19830	User_115	261
19831	User_115	261
19832	User_115	261
19833	User_115	261
19834	User_115	261
19835	User_115	261
19836	User_115	261
19837	User_115	261
19838	User_115	261
19839	User_115	261
19840	User_115	261
19841	User_115	261
19842	User_117	261
19843	User_118	261
19844	User_118	261
19845	User_118	261
19859	User_050	261
19861	User_050	261
19862	User_050	261
19863	User_050	261
19864	User_050	261
19865	User_050	261
19866	User_050	261
19867	User_050	261
19868	User_050	261
19869	User_050	261
19870	User_117	261
19871	User_117	261
19872	User_017	261
19873	User_064	261
19886	User_006	261
19959	User_054	261
19962	User_054	261
19980	User_054	261
20059	User_053	261
20060	User_053	261
20061	User_053	261
20062	User_053	261
20063	User_053	261
20064	User_053	261
20065	User_017	261
20066	User_053	261
20078	User_054	261
20079	User_054	261
20098	User_054	261
20120	User_095	261
20125	User_095	261
20158	User_051	261
20178	User_051	261
20199	User_119	261
20213	User_006	261
20218	User_051	261
20258	User_051	261
20259	User_051	261
20260	User_051	261
20281	User_051	261
20340	User_119	261
20359	User_119	261
20360	User_119	261
20361	User_119	261
20378	User_001	261
20398	User_051	261
20429	User_120	261
20430	User_120	261
20439	User_120	261
20498	User_114	261
20538	User_064	261
20541	User_114	261
20542	User_114	261
20543	User_064	261
20544	User_064	261
20546	User_064	261
20558	User_064	261
20584	User_121	261
20598	User_064	261
20599	User_064	261
20601	User_064	261
20621	User_121	261
20624	User_121	261
20638	User_120	261
20639	User_120	261
20658	User_064	261
20659	User_053	261
20660	User_053	261
20678	User_054	261
20738	User_053	261
20739	User_053	261
20758	User_051	261
20778	User_114	261
20798	User_051	261
20800	User_095	261
20818	User_064	261
20838	User_114	261
20858	User_053	281
20879	User_053	281
20880	User_053	281
20882	User_053	281
20883	User_114	261
20918	User_052	261
20919	User_052	261
20940	User_053	281
20941	User_053	281
20962	User_122	261
20969	User_122	261
20970	User_122	261
20971	User_122	261
20972	User_122	261
20974	User_052	261
20975	User_052	261
20976	User_052	261
20998	User_053	261
20999	User_053	261
21018	User_052	261
21019	User_052	261
21020	User_052	261
21021	User_052	261
21022	User_052	261
21038	User_051	261
21039	User_051	261
21040	User_123	261
21041	User_123	261
21058	User_051	261
21059	User_051	261
21060	User_051	261
21061	User_051	261
21062	User_052	261
21063	User_052	261
21064	User_052	261
21065	User_052	261
21078	User_052	261
21098	User_053	261
21099	User_053	261
21100	User_053	261
21118	User_079	261
21138	User_124	261
21139	User_124	261
21178	User_052	261
21198	User_066	261
21199	User_066	261
21200	User_066	261
21201	User_066	261
21202	User_066	261
21203	User_066	261
21204	User_075	261
21206	User_064	261
21207	User_064	261
21208	User_064	261
21211	User_064	261
21212	User_049	261
21213	User_049	261
21238	User_049	261
21258	User_049	261
21278	User_049	261
21279	User_049	261
21298	User_049	261
21299	User_049	261
21300	User_049	261
21338	User_053	261
21339	User_053	261
21340	User_053	261
21364	User_053	261
21365	User_049	261
21366	User_053	261
21398	User_053	261
21399	User_053	261
21400	User_054	261
21401	User_054	261
21402	User_054	261
21403	User_054	261
21404	User_053	261
21405	User_054	261
21420	User_079	261
21439	User_054	261
21478	User_054	261
21498	User_049	261
21540	User_054	261
21559	User_054	261
21561	User_075	261
21580	User_054	261
21583	User_049	261
21584	User_049	261
21596	User_054	261
21640	User_053	261
21660	User_053	261
21681	User_053	261
21682	User_049	261
21684	User_125	261
21685	User_125	261
21687	User_125	261
21689	User_125	261
21691	User_125	261
21693	User_125	261
21696	User_125	261
21697	User_125	261
21699	User_125	261
21701	User_125	261
21704	User_125	261
21705	User_125	261
21707	User_125	261
21709	User_125	261
21712	User_125	261
21713	User_125	261
21715	User_125	261
21718	User_125	261
21719	User_125	261
21721	User_125	261
21724	User_125	261
21725	User_125	261
21727	User_125	261
21729	User_125	261
21732	User_125	261
21734	User_125	261
21736	User_125	261
21738	User_125	261
21739	User_125	261
21740	User_125	261
21741	User_125	261
21742	User_125	261
21743	User_125	261
21744	User_125	261
21745	User_125	261
21746	User_125	261
21747	User_125	261
21748	User_125	261
21749	User_125	261
21750	User_125	261
21751	User_125	261
21752	User_125	261
21753	User_125	261
21754	User_125	261
21755	User_125	261
21756	User_125	261
21757	User_125	261
21758	User_125	261
21759	User_125	261
21760	User_125	261
21761	User_125	261
21762	User_125	261
21763	User_125	261
21764	User_125	261
21765	User_125	261
21766	User_125	261
21767	User_125	261
21768	User_125	261
