BELNR	GJAHR	BUZEI	EBELN	EBELP	MATNR	WRBTR	MENGE
5105600101	2020	1	4500000014	30		2700.0	30.0
5105600102	2020	1	4500000027	10		100.0	1.0
5105600103	2020	1	4500000028	10		30000.0	300.0
5105600104	2020	1	4500000028	10		30000.0	300.0
5105600105	2020	1	4500000028	10		30000.0	300.0
5105600106	2020	1	4500000028	10		30000.0	300.0
5105600107	2020	1	4500000028	10		30000.0	300.0
5105600108	2020	1	4500000028	10		30000.0	300.0
5105600109	2020	1	4500000028	10		30000.0	300.0
5105600110	2020	1	4500000029	10		30000.0	300.0
5105600111	2020	1	4500000030	10		30000.0	300.0
5105600112	2020	1	4500000031	10	52	50.0	1.0
5105600113	2020	1	4500000043	10	TG0011	100.0	10.0
5105600114	2020	1	4500000049	10	TG10	65.0	5.0
5105600115	2020	1	4500000091	10	SM0001	200.0	10.0
5105600115	2020	2	4500000091	10	SM0001	1600.0	80.0
5105600116	2020	1	4500000091	10	SM0001	2000.0	80.0
5105600117	2020	1	4500000091	10	SM0001	200.0	10.0
5105600118	2020	1	4500000096	10	SM0001	1100.0	11.0
5105600118	2020	2	4500000096	20		1300.0	13.0
5105600119	2020	1	4500000148	10	1000	52.0	10.0
5105600120	2020	1	4500000153	10	1000	15.6	3.0
5105600121	2020	1	4500000154	10	1000	36.4	7.0
5105600122	2020	1	4500000155	10	TG0011	100.0	10.0
5105600123	2020	1	4500000156	10	TG0011	100.0	10.0
5105600124	2021	1	4500000161	10	R-302	3.0	2.0
5105600125	2021	1	4500000162	10		5.0	1.0
5105600126	2021	1	4500000165	10	R-302	3.0	2.0
5105600127	2021	1	4500000179	10		5.0	1.0
5105600128	2021	1	4500000185	10	R-302	45.0	30.0
5105600129	2021	1	4500000212	10		222.0	2.0
5105600130	2021	1	4500000214	10		500.0	1.0
5105600131	2021	1	4500000215	10		100.0	5.0
5105600132	2021	1	4500000223	10			
5105600133	2021	1	4500000228	10	342	75.0	5.0
5105600134	2021	1	4500000233	10	342	150.0	10.0
5105600135	2021	1	4500000239	10		10000.0	1.0
5105600136	2021	1	4500000236	10	342	150.0	10.0
5105600137	2022	1	4500000274	10		668.0	1.0
5105600138	2022	1	4500000211	10		100.0	2.0
5105600139	2023	1	4500000308	10		1100.0	1.0
5105600140	2023	1	4500000309	10		150.0	2.0
5105600141	2023	1	4500000310	10		500.0	1.0
5105600142	2023	1	4500000311	10	55	50.0	1.0
5105600143	2023	1	4500000312	10		740.0	1.0
5105600144	2023	1	4500000312	10		740.0	1.0
5105600145	2023	1	4500000312	10		740.0	1.0
5105600146	2023	1	4500000316	10		1100.0	1.0
5105600147	2023	1	4500000318	10	626	5.0	1.0
5105600148	2023	1	4500000319	10		150.0	1.0
5105600148	2023	2	4500000319	20	626	5.0	1.0
5105600149	2023	1	4500000320	10		150.0	1.0
5105600149	2023	2	4500000320	20	626	5.0	1.0
5105600150	2023	1	4500000321	10	626	100.0	1.0
5105600150	2023	2	4500000321	20		34.0	2.0
5105600151	2024	1	4500000323	10	732	250.0	5.0
5105600152	2024	1	4500000327	10	11	1500.0	1.0
5105600153	2024	1	4500000328	10		2300.0	1.0
5105600154	2024	1	4500000329	10		1500.0	1.0
