user_name,po,invoice,po_date,invoice_date
User_001,4500000028,5105600105,2020-01-27,2020-01-27
User_001,4500000028,5105600103,2020-01-27,2020-01-27
User_001,4500000028,5105600109,2020-01-27,2020-01-27
User_001,4500000028,5105600108,2020-01-27,2020-01-27
User_001,4500000028,5105600106,2020-01-27,2020-01-27
User_001,4500000028,5105600107,2020-01-27,2020-01-27
User_001,4500000028,5105600104,2020-01-27,2020-01-27
User_001,4500000029,5105600110,2020-01-29,2020-01-29
User_001,4500000148,5105600119,2020-10-28,2020-10-28
User_001,4500000153,5105600120,2020-11-01,2020-11-01
User_001,4500000154,5105600121,2020-11-02,2020-11-02
User_002,4500000014,5105600101,2019-11-09,2020-01-06
User_002,4500000185,5105600128,2021-02-13,2021-02-17
User_005,4500000027,5105600102,2020-01-13,2020-01-13
User_006,4500000049,5105600114,2020-06-02,2020-06-02
User_009,4500000031,5105600112,2020-02-24,2020-02-24
User_010,4500000162,5105600125,2021-02-05,2021-02-05
User_010,4500000161,5105600124,2021-02-05,2021-02-05
User_010,4500000179,5105600127,2021-02-05,2021-02-09
User_010,4500000165,5105600126,2021-02-09,2021-02-09
User_018,4500000223,5105600132,2021-06-25,2021-06-25
User_032,4500000212,5105600129,2021-05-21,2021-05-21
User_032,4500000214,5105600130,2021-05-25,2021-05-25
User_032,4500000215,5105600131,2021-06-02,2021-06-02
User_044,4500000310,5105600141,2023-04-04,2023-04-04
User_044,4500000312,5105600143,2023-04-04,2023-04-04
User_044,4500000312,5105600144,2023-04-04,2023-04-04
User_044,4500000309,5105600140,2023-04-04,2023-04-04
User_044,4500000312,5105600145,2023-04-04,2023-04-04
User_044,4500000308,5105600139,2023-04-04,2023-04-04
User_044,4500000311,5105600142,2023-04-04,2023-04-04
User_044,4500000327,5105600152,2024-03-06,2024-03-06
User_044,4500000328,5105600153,2024-03-08,2024-03-08
User_044,4500000329,5105600154,2024-03-08,2024-03-08
User_054,4500000320,5105600149,2023-11-27,2023-11-28
User_054,4500000321,5105600150,2023-12-29,2023-12-29
User_054,4500000323,5105600151,2024-01-05,2024-01-05
User_057,4500000091,5105600115,2020-06-23,2020-06-23
User_057,4500000091,5105600117,2020-06-23,2020-06-29
User_057,4500000091,5105600116,2020-06-23,2020-06-29
User_057,4500000096,5105600118,2020-06-29,2020-06-30
User_058,4500000156,5105600123,2020-12-18,2020-12-18
User_058,4500000155,5105600122,2020-12-18,2020-12-18
User_063,4500000316,5105600146,2023-06-07,2023-06-07
User_069,4500000030,5105600111,2020-01-30,2020-01-30
User_072,4500000228,5105600133,2021-07-23,2021-07-23
User_072,4500000233,5105600134,2021-08-10,2021-08-10
User_073,4500000239,5105600135,2021-08-13,2021-08-13
User_076,4500000318,5105600147,2023-11-22,2023-11-22
User_076,4500000319,5105600148,2023-11-24,2023-11-24
