user_name,invoice,fi_doc,invoice_date,clear_date
User_001,5105600103,5100000002,2020-01-27,2020-01-27
User_001,5105600104,5100000003,2020-01-27,2020-01-27
User_001,5105600105,5100000004,2020-01-27,2020-01-27
User_001,5105600106,5100000005,2020-01-27,2020-01-27
User_001,5105600107,5100000006,2020-01-27,2020-01-27
User_001,5105600108,5100000007,2020-01-27,2020-01-27
User_001,5105600109,5100000008,2020-01-27,2020-01-27
User_001,5105600110,5100000009,2020-01-29,2020-01-29
User_001,5105600119,5100000018,2020-10-28,2020-10-28
User_001,5105600120,5100000019,2020-11-01,2020-11-01
User_001,5105600121,5100000020,2020-11-02,2020-11-02
User_002,5105600101,5100000000,2020-01-06,2020-01-06
User_002,5105600128,5100000027,2021-02-17,2021-02-17
User_005,5105600102,5100000001,2020-01-13,2020-01-13
User_006,5105600113,5100000012,2020-06-02,2020-06-02
User_006,5105600114,5100000013,2020-06-02,2020-06-02
User_009,5105600112,5100000011,2020-02-24,2020-02-24
User_010,5105600124,5100000023,2021-02-05,2021-02-05
User_010,5105600125,5100000024,2021-02-05,2021-02-05
User_010,5105600127,5100000026,2021-02-09,2021-02-09
User_010,5105600126,5100000025,2021-02-09,2021-02-09
User_018,5105600132,5100000030,2021-06-25,2021-06-25
User_032,5105600129,5100000028,2021-05-21,2021-05-21
User_032,5105600131,5100000029,2021-06-02,2021-06-02
User_040,5105600138,5100000036,2022-08-14,2022-08-14
User_044,5105600137,5100000035,2022-03-09,2022-03-09
User_044,5105600145,5100000043,2023-04-04,2023-04-04
User_044,5105600141,5100000039,2023-04-04,2023-04-04
User_044,5105600144,5100000042,2023-04-04,2023-04-04
User_044,5105600143,5100000041,2023-04-04,2023-04-04
User_044,5105600142,5100000040,2023-04-04,2023-04-04
User_044,5105600139,5100000037,2023-04-04,2023-04-04
User_044,5105600140,5100000038,2023-04-04,2023-04-04
User_044,5105600152,5100000045,2024-03-06,2024-03-06
User_044,5105600154,5100000047,2024-03-08,2024-03-08
User_044,5105600153,5100000046,2024-03-08,2024-03-08
User_054,5105600149,5100000002,2023-11-28,2023-11-28
User_054,5105600150,5100000003,2023-12-29,2023-12-29
User_054,5105600151,5100000004,2024-01-05,2024-01-05
User_057,5105600115,5100000014,2020-06-23,2020-06-23
User_057,5105600116,5100000015,2020-06-29,2020-06-29
User_057,5105600117,5100000016,2020-06-29,2020-06-29
User_057,5105600118,5100000017,2020-06-30,2020-06-30
User_058,5105600122,5100000021,2020-12-18,2020-12-18
User_058,5105600123,5100000022,2020-12-18,2020-12-18
User_063,5105600146,5100000044,2023-06-07,2023-06-07
User_069,5105600111,5100000010,2020-01-30,2020-01-30
User_072,5105600133,5100000031,2021-07-23,2021-07-23
User_072,5105600134,5100000032,2021-08-10,2021-08-10
User_073,5105600136,5100000034,2021-08-13,2021-08-13
User_073,5105600135,5100000033,2021-08-13,2021-08-13
User_076,5105600147,5100000000,2023-11-22,2023-11-22
User_076,5105600148,5100000001,2023-11-24,2023-11-24
