user_name,po,gr,po_date,gr_date
User_001,4500000008,5000000012,2019-11-07,2019-11-07
User_001,4500000028,5000000023,2020-01-27,2020-01-27
User_001,4500000148,5000000260,2020-10-28,2020-10-28
User_001,4500000152,5000000270,2020-11-01,2020-11-01
User_001,4500000153,5000000271,2020-11-01,2020-11-01
User_001,4500000154,5000000272,2020-11-02,2020-11-02
User_001,4500000194,5000000621,2021-02-16,2022-10-21
User_001,4500000188,5000000339,2021-02-16,2021-02-16
User_001,4500000188,5000000338,2021-02-16,2021-02-16
User_001,4500000194,5000000623,2021-02-16,2022-10-21
User_001,4500000194,5000000622,2021-02-16,2022-10-21
User_001,4500000194,5000000624,2021-02-16,2022-10-21
User_001,4500000194,5000000620,2021-02-16,2022-10-21
User_001,4500000261,5000000470,2021-08-20,2021-08-25
User_002,4500000014,5000000021,2019-11-09,2020-01-06
User_002,4500000014,5000000020,2019-11-09,2020-01-06
User_002,4500000014,5000000016,2019-11-09,2019-11-09
User_002,4500000185,5000000336,2021-02-13,2021-02-14
User_002,4500000186,5000000337,2021-02-14,2021-02-14
User_002,4500000187,5000000340,2021-02-16,2021-02-17
User_002,4500000246,5000000457,2021-08-13,2021-08-13
User_002,4500000269,5000000500,2021-11-18,2021-11-18
User_002,4500000302,5000000631,2022-12-07,2022-12-07
User_004,4500000035,5000000030,2020-03-26,2020-03-26
User_004,4500000273,5000000530,2022-02-16,2022-02-16
User_004,4500000282,5000000552,2022-02-21,2022-02-21
User_005,4500000027,5000000022,2020-01-13,2020-01-13
User_006,4500000049,5000000051,2020-06-02,2020-06-02
User_007,4500000287,5000000571,2022-03-14,2022-03-14
User_007,4500000286,5000000570,2022-03-14,2022-03-14
User_007,4500000330,5000000810,2024-06-19,2024-06-19
User_008,4500000143,5000000241,2020-08-26,2020-08-26
User_008,4500000144,5000000242,2020-08-26,2020-08-26
User_008,4500000142,5000000240,2020-08-26,2020-08-26
User_009,4500000031,5000000024,2020-02-24,2020-02-24
User_009,4500000130,5000000210,2020-08-12,2020-08-18
User_009,4500000128,5000000170,2020-08-12,2020-08-12
User_009,4500000129,5000000171,2020-08-12,2020-08-12
User_009,4500000131,5000000201,2020-08-13,2020-08-17
User_009,4500000133,4900000315,2020-08-17,2020-08-18
User_009,4500000134,5000000220,2020-08-19,2020-08-19
User_009,4500000134,4900000321,2020-08-19,2020-08-19
User_009,4500000134,4900000322,2020-08-19,2020-08-19
User_009,4500000135,5000000230,2020-08-20,2020-08-20
User_010,4500000162,5000000302,2021-02-05,2021-02-05
User_010,4500000163,5000000312,2021-02-05,2021-02-09
User_010,4500000161,5000000301,2021-02-05,2021-02-05
User_010,4500000179,5000000325,2021-02-05,2021-02-09
User_010,4500000178,5000000324,2021-02-09,2021-02-09
User_010,4500000169,5000000316,2021-02-09,2021-02-09
User_010,4500000165,5000000311,2021-02-09,2021-02-09
User_010,4500000176,5000000323,2021-02-09,2021-02-09
User_010,4500000166,5000000313,2021-02-09,2021-02-09
User_010,4500000171,5000000318,2021-02-09,2021-02-09
User_010,4500000174,5000000321,2021-02-09,2021-02-09
User_010,4500000175,5000000322,2021-02-09,2021-02-09
User_010,4500000173,5000000320,2021-02-09,2021-02-09
User_010,4500000168,5000000315,2021-02-09,2021-02-09
User_010,4500000180,5000000326,2021-02-09,2021-02-09
User_010,4500000170,5000000317,2021-02-09,2021-02-09
User_010,4500000167,5000000314,2021-02-09,2021-02-09
User_010,4500000172,5000000319,2021-02-09,2021-02-09
User_010,4500000164,5000000310,2021-02-09,2021-02-09
User_010,4500000183,5000000330,2021-02-10,2021-02-10
User_010,4500000183,5000000333,2021-02-10,2021-02-10
User_010,4500000183,5000000328,2021-02-10,2021-02-10
User_010,4500000183,5000000331,2021-02-10,2021-02-10
User_010,4500000183,5000000332,2021-02-10,2021-02-10
User_010,4500000183,5000000329,2021-02-10,2021-02-10
User_010,4500000184,5000000334,2021-02-11,2021-02-11
User_010,4500000184,5000000335,2021-02-11,2021-02-11
User_011,4500000220,5000000420,2021-06-10,2021-06-10
User_011,4500000221,5000000430,2021-06-15,2021-06-15
User_011,4500000222,5000000431,2021-06-15,2021-06-15
User_011,4500000267,5000000490,2021-10-25,2021-10-25
User_011,4500000288,5000000572,2022-03-15,2022-03-15
User_011,4500000291,5000000573,2022-03-16,2022-03-16
User_017,4500000299,5000000594,2022-07-05,2022-07-05
User_017,4500000297,5000000592,2022-07-05,2022-07-05
User_017,4500000298,5000000593,2022-07-05,2022-07-05
User_017,4500000296,5000000591,2022-07-05,2022-07-05
User_017,4500000333,5000000890,2024-11-19,2024-10-19
User_017,4500000335,5000000900,2024-11-22,2024-10-22
User_017,4500000336,5000000910,2024-11-25,2024-10-25
User_018,4500000224,5000000441,2021-06-25,2021-06-25
User_018,4500000223,5000000440,2021-06-25,2021-06-25
User_018,4500000295,5000000590,2022-07-04,2022-07-04
User_018,4500000301,5000000630,2022-12-04,2022-12-07
User_018,4500000304,5000000640,2022-12-13,2022-12-13
User_018,4500000306,5000000641,2022-12-14,2022-12-14
User_021,4500000002,5000000000,2019-09-20,2019-09-23
User_021,4500000003,5000000001,2019-09-23,2019-09-23
User_021,4500000004,5000000002,2019-09-23,2019-09-23
User_021,4500000005,5000000003,2019-09-23,2019-09-23
User_025,4500000118,5000000128,2020-07-16,2020-07-16
User_025,4500000132,5000000190,2020-08-14,2020-08-14
User_025,4500000146,4900000392,2020-09-11,2020-09-11
User_025,4500000146,4900000391,2020-09-11,2020-09-11
User_025,4500000146,5000000250,2020-09-11,2020-09-11
User_025,4500000200,5000000360,2021-03-02,2021-02-28
User_025,4500000247,5000000459,2021-08-16,2021-08-16
User_025,4500000247,5000000458,2021-08-16,2021-08-16
User_030,4500000157,5000000290,2021-01-27,2021-01-27
User_030,4500000158,5000000300,2021-02-02,2021-02-02
User_030,4500000181,5000000327,2021-02-10,2021-02-10
User_032,4500000212,5000000370,2021-05-21,2021-05-21
User_032,4500000214,5000000380,2021-05-25,2021-05-25
User_032,4500000214,5000000381,2021-05-25,2021-05-25
User_032,4500000215,5000000390,2021-06-02,2021-06-02
User_032,4500000218,5000000392,2021-06-02,2021-06-02
User_032,4500000216,5000000391,2021-06-02,2021-06-02
User_032,4500000272,5000000520,2022-02-15,2022-02-15
User_032,4500000274,5000000531,2022-02-16,2022-02-16
User_032,4500000283,5000000560,2022-02-23,2022-02-23
User_034,4500000263,5000000480,2021-09-15,2021-09-15
User_034,4500000332,5000000830,2024-07-22,2024-07-22
User_038,4500000271,5000000510,2022-02-07,2022-02-07
User_038,4500000278,5000000543,2022-02-17,2022-02-17
User_038,4500000276,5000000540,2022-02-17,2022-02-17
User_038,4500000278,5000000542,2022-02-17,2022-02-17
User_038,4500000277,5000000541,2022-02-17,2022-02-17
User_038,4500000281,5000000551,2022-02-21,2022-02-21
User_038,4500000279,5000000550,2022-02-21,2022-02-21
User_039,4500000264,5000000482,2021-09-16,2021-09-16
User_044,4500000311,5000000662,2023-04-04,2023-04-04
User_044,4500000312,5000000663,2023-04-04,2023-04-04
User_044,4500000310,5000000661,2023-04-04,2023-04-04
User_044,4500000308,5000000660,2023-04-04,2023-04-04
User_044,4500000313,5000000670,2023-04-05,2023-04-05
User_044,4500000314,5000000671,2023-04-05,2023-04-05
User_044,4500000317,5000000681,2023-06-07,2023-06-07
User_044,4500000327,5000000771,2024-03-06,2024-03-06
User_044,4500000327,5000000770,2024-03-06,2024-03-06
User_044,4500000327,5000000772,2024-03-06,2024-03-06
User_044,4500000328,5000000780,2024-03-08,2024-03-08
User_044,4500000329,5000000781,2024-03-08,2024-03-08
User_053,4500000353,5000000920,2025-10-10,2025-07-27
User_053,4500000355,5000000921,2025-10-27,2025-07-27
User_054,4500000320,5000000711,2023-11-27,2023-11-27
User_054,4500000320,5000000710,2023-11-27,2023-11-27
User_054,4500000320,5000000720,2023-11-27,2023-11-28
User_054,4500000321,5000000730,2023-12-29,2023-12-29
User_054,4500000323,5000000740,2024-01-05,2024-01-05
User_054,4500000357,5000000970,2026-03-04,2026-03-04
User_054,4500000360,5000000974,2026-03-04,2026-03-04
User_054,4500000359,5000000973,2026-03-04,2026-03-04
User_054,4500000358,5000000971,2026-03-04,2026-03-04
User_057,4500000074,5000000070,2020-06-22,2020-06-22
User_057,4500000096,5000000090,2020-06-29,2020-06-30
User_057,4500000104,5000000110,2020-07-10,2020-07-10
User_057,4500000108,5000000113,2020-07-13,2020-07-13
User_057,4500000106,5000000112,2020-07-13,2020-07-13
User_057,4500000105,5000000111,2020-07-13,2020-07-13
User_057,4500000114,5000000126,2020-07-14,2020-07-14
User_057,4500000113,5000000125,2020-07-14,2020-07-14
User_057,4500000111,5000000123,2020-07-14,2020-07-14
User_057,4500000109,5000000121,2020-07-14,2020-07-14
User_057,4500000115,5000000127,2020-07-14,2020-07-14
User_057,4500000112,5000000124,2020-07-14,2020-07-14
User_057,4500000110,5000000120,2020-07-14,2020-07-14
User_057,4500000117,5000000130,2020-07-15,2020-07-20
User_057,4500000119,5000000140,2020-07-31,2020-07-31
User_057,4500000121,5000000151,2020-08-03,2020-08-03
User_057,4500000120,5000000150,2020-08-03,2020-08-03
User_057,4500000122,5000000160,2020-08-04,2020-08-04
User_057,4500000123,5000000161,2020-08-04,2020-08-04
User_058,4500000038,5000000040,2020-05-27,2020-05-27
User_058,4500000156,5000000281,2020-12-18,2020-12-18
User_058,4500000155,5000000280,2020-12-18,2020-12-18
User_062,4500000290,4900000928,2022-03-15,2022-03-15
User_062,4500000292,4900000930,2022-03-16,2022-03-16
User_062,4500000293,4900000931,2022-03-16,2022-03-16
User_062,4500000293,5000000575,2022-03-16,2022-03-16
User_062,4500000293,5000000574,2022-03-16,2022-03-16
User_063,4500000316,5000000680,2023-06-07,2023-06-07
User_067,4500000007,5000000010,2019-11-05,2019-11-05
User_068,4500000009,5000000011,2019-11-07,2019-11-07
User_069,4500000010,5000000014,2019-11-07,2019-11-07
User_070,4500000011,5000000015,2019-11-07,2019-11-07
User_072,4500000229,5000000450,2021-07-23,2021-08-11
User_072,4500000234,5000000451,2021-08-11,2021-08-11
User_073,4500000238,5000000453,2021-08-12,2021-08-12
User_073,4500000245,5000000456,2021-08-13,2021-08-13
User_073,4500000252,5000000462,2021-08-16,2021-08-16
User_073,4500000255,5000000464,2021-08-16,2021-08-17
User_073,4500000254,5000000463,2021-08-16,2021-08-16
User_073,4500000251,5000000461,2021-08-16,2021-08-16
User_073,4500000249,5000000460,2021-08-16,2021-08-16
User_073,4500000257,5000000465,2021-08-17,2021-08-17
User_074,4500000337,5000000911,2024-11-25,2024-11-25
User_075,4500000356,5000000930,2025-12-30,2025-12-30
User_076,4500000318,5000000690,2023-11-22,2023-11-22
User_076,4500000319,5000000700,2023-11-24,2023-11-24
